date	org	repo
2024-10-21 07:38:30	galaxyproject	gxadmin
2024-10-18 11:40:37	galaxyproject	tools-iuc
2024-10-18 09:57:31	galaxyproject	tools-iuc
2024-10-18 08:59:04	galaxyproject	tools-iuc
2024-10-18 08:44:15	ErasmusMC-Bioinformatics	infrastructure
2024-10-18 08:21:02	ErasmusMC-Bioinformatics	infrastructure
2024-10-18 08:17:47	ErasmusMC-Bioinformatics	infrastructure
2024-10-18 08:12:43	ErasmusMC-Bioinformatics	infrastructure
2024-10-16 23:45:39	usegalaxy-eu	shared-data
2024-10-15 15:44:21	galaxyproject	training-material
2024-10-15 15:43:48	galaxyproject	training-material
2024-10-15 14:36:02	galaxyproject	training-material
2024-10-15 14:24:03	galaxyproject	training-material
2024-10-15 14:06:39	galaxyproject	training-material
2024-10-15 14:00:02	galaxyproject	training-material
2024-10-15 12:38:11	galaxyproject	training-material
2024-10-15 12:32:04	teresa-m	training-material
2024-10-15 12:21:11	galaxyproject	training-material
2024-10-15 12:19:58	galaxyproject	training-material
2024-10-15 12:18:58	galaxyproject	training-material
2024-10-15 12:13:25	shiltemann	training-material
2024-10-14 08:53:02	hexylena	toolshed-version-database
2024-10-14 08:52:03	hexylena	galaxy-calendar-subsets
2024-10-11 10:18:50	galaxyproject	training-material
2024-10-11 09:17:35	galaxyproject	training-material
2024-10-11 09:15:07	galaxyproject	training-material
2024-10-10 13:27:45	ubinfie	ubinfie.github.io
2024-10-10 13:22:24	ubinfie	ubinfie.github.io
2024-10-10 10:23:07	hexylena	gtn-slack-bot
2024-10-10 09:31:44	galaxyproject	training-material
2024-10-09 23:46:06	usegalaxy-eu	shared-data
2024-10-09 13:17:30	galaxyproject	training-material
2024-10-09 13:06:52	galaxyproject	training-material
2024-10-09 13:03:59	galaxyproject	training-material
2024-10-09 12:23:48	galaxyproject	training-material
2024-10-09 12:19:47	galaxyproject	training-material
2024-10-09 12:13:30	galaxyproject	training-material
2024-10-09 11:57:35	galaxyproject	training-material
2024-10-09 09:19:34	ubinfie	ubinfie.github.io
2024-10-09 08:43:36	hexylena	bioconda-recipes
2024-10-08 17:01:11	galaxyproject	training-material
2024-10-08 12:54:43	galaxyproject	training-material
2024-10-08 12:52:44	usegalaxy-eu	shared-data
2024-10-08 12:48:35	galaxyproject	training-material
2024-10-08 12:43:20	galaxyproject	training-material
2024-10-08 10:09:09	galaxyproject	training-material
2024-10-08 10:04:53	galaxyproject	training-material
2024-10-08 09:48:26	galaxyproject	training-material
2024-10-08 09:31:09	galaxyproject	training-material
2024-10-08 09:22:09	galaxyproject	training-material
2024-10-08 09:21:09	galaxyproject	training-material
2024-10-07 08:20:07	galaxyproject	gxy.io
2024-10-04 10:16:34	galaxyproject	training-material
2024-10-04 09:08:03	galaxyproject	training-material
2024-10-04 08:33:10	Marie59	training-material
2024-10-04 08:25:58	Marie59	training-material
2024-10-04 08:25:32	Marie59	training-material
2024-10-04 08:25:26	Marie59	training-material
2024-10-03 14:11:06	galaxyproject	training-material
2024-10-02 19:07:42	hexylena	movie-club-bot
2024-10-02 15:55:40	galaxyproject	training-material
2024-10-02 15:54:13	galaxyproject	training-material
2024-10-02 15:40:16	galaxyproject	training-material
2024-10-02 15:07:19	galaxyproject	ansible-gxadmin
2024-10-02 15:03:05	hexylena	toolshed-version-database
2024-10-02 12:06:59	galaxyproject	training-material
2024-10-02 07:41:00	galaxyproject	training-material
2024-10-02 07:34:30	galaxyproject	training-material
2024-10-01 08:38:42	usegalaxy-eu	usegalaxy-eu-tools
2024-09-30 16:48:16	hexylena	toolshed-version-database
2024-09-30 11:15:44	galaxyproject	training-material
2024-09-30 08:26:27	hexylena	toolshed-version-database
2024-09-30 07:42:09	hexylena	toolshed-version-database
2024-09-29 14:59:46	shiltemann	3d-printing
2024-09-29 13:23:21	shiltemann	3d-printing
2024-09-29 08:04:41	shiltemann	3d-printing
2024-09-27 10:28:31	hexylena	toolshed-version-database
2024-09-27 10:27:22	hexylena	toolshed-version-database
2024-09-27 09:52:08	hexylena	toolshed-version-database
2024-09-27 07:18:24	hexylena	toolshed-version-database
2024-09-27 07:17:38	hexylena	toolshed-version-database
2024-09-26 16:21:33	hexylena	hexylena
2024-09-26 16:00:06	galaxyproject	training-material
2024-09-26 14:25:33	galaxyproject	training-material
2024-09-26 13:24:19	galaxyproject	training-material
2024-09-26 13:15:49	galaxyproject	training-material
2024-09-26 12:56:27	hexylena	pwdk
2024-09-26 12:29:53	hexylena	pwdk
2024-09-26 11:14:11	hexylena	pwdk
2024-09-26 09:58:09	galaxyproject	training-material
2024-09-26 09:38:49	galaxyproject	training-material
2024-09-26 09:34:20	galaxyproject	training-material
2024-09-26 08:02:50	galaxyproject	training-material
2024-09-25 23:45:35	usegalaxy-eu	shared-data
2024-09-25 15:14:41	galaxyproject	training-material
2024-09-25 13:10:05	galaxyproject	training-material
2024-09-25 08:33:06	galaxyproject	training-material
2024-09-25 07:59:18	galaxyproject	training-material
2024-09-25 07:47:20	usegalaxy-eu	infrastructure
2024-09-25 07:46:17	galaxyproject	gxy.io
2024-09-24 09:55:03	ErasmusMC-Bioinformatics	infrastructure
2024-09-24 09:54:46	ErasmusMC-Bioinformatics	infrastructure
2024-09-24 09:29:27	ErasmusMC-Bioinformatics	infrastructure
2024-09-24 09:22:09	ErasmusMC-Bioinformatics	infrastructure
2024-09-20 11:41:01	galaxyproject	training-material
2024-09-20 11:37:30	galaxyproject	training-material
2024-09-20 11:26:54	galaxyproject	training-material
2024-09-19 07:02:00	galaxyproject	training-material
2024-09-18 23:45:38	usegalaxy-eu	shared-data
2024-09-18 10:46:15	galaxyproject	training-material
2024-09-18 10:31:28	usegalaxy-eu	infrastructure
2024-09-18 08:21:14	ubinfie	ubinfie.github.io
2024-09-18 08:17:53	ubinfie	ubinfie.github.io
2024-09-17 11:07:33	galaxyproject	training-material
2024-09-17 10:05:54	galaxyproject	training-material
2024-09-17 09:58:39	galaxyproject	training-material
2024-09-16 16:00:13	hexylena	hexylena.github.io
2024-09-16 09:28:06	galaxyproject	tiaas2
2024-09-16 09:27:09	galaxyproject	tiaas2
2024-09-13 15:56:16	galaxyproject	training-material
2024-09-13 14:02:34	galaxyproject	training-material
2024-09-13 13:22:37	galaxyproject	training-material
2024-09-13 12:56:48	lldelisle	training-material
2024-09-13 12:19:49	galaxyproject	training-material
2024-09-13 09:44:27	ubinfie	ubinfie.github.io
2024-09-09 14:18:59	usegalaxy-eu	infrastructure
2024-09-09 14:11:13	usegalaxy-eu	infrastructure
2024-09-06 13:21:18	usegalaxy-eu	infrastructure
2024-09-06 13:13:46	usegalaxy-eu	infrastructure
2024-09-06 13:04:45	usegalaxy-eu	infrastructure
2024-09-06 12:55:53	usegalaxy-eu	infrastructure
2024-09-06 12:39:56	usegalaxy-eu	infrastructure
2024-09-06 12:32:27	usegalaxy-eu	infrastructure
2024-09-06 12:24:56	usegalaxy-eu	infrastructure
2024-09-06 12:17:43	usegalaxy-eu	infrastructure
2024-09-06 12:09:52	usegalaxy-eu	infrastructure
2024-09-06 12:02:43	usegalaxy-eu	infrastructure
2024-09-06 11:54:16	usegalaxy-eu	infrastructure
2024-09-06 11:44:39	usegalaxy-eu	infrastructure
2024-09-06 11:37:01	usegalaxy-eu	infrastructure
2024-09-06 11:28:54	usegalaxy-eu	infrastructure
2024-09-06 11:19:58	usegalaxy-eu	infrastructure
2024-09-06 11:12:13	usegalaxy-eu	infrastructure
2024-09-06 11:04:11	usegalaxy-eu	infrastructure
2024-09-06 10:52:12	usegalaxy-eu	infrastructure
2024-09-06 10:44:46	usegalaxy-eu	infrastructure
2024-09-06 10:35:36	usegalaxy-eu	infrastructure
2024-09-06 10:27:18	usegalaxy-eu	infrastructure
2024-09-06 10:18:37	usegalaxy-eu	infrastructure
2024-09-06 10:10:53	usegalaxy-eu	infrastructure
2024-09-06 10:00:44	usegalaxy-eu	infrastructure
2024-09-06 09:52:46	usegalaxy-eu	infrastructure
2024-09-06 09:44:00	usegalaxy-eu	infrastructure
2024-09-06 09:28:18	usegalaxy-eu	infrastructure
2024-09-06 09:20:50	usegalaxy-eu	infrastructure
2024-09-06 09:13:25	usegalaxy-eu	infrastructure
2024-09-06 09:05:23	usegalaxy-eu	infrastructure
2024-09-06 08:55:35	usegalaxy-eu	infrastructure
2024-09-06 08:46:38	usegalaxy-eu	infrastructure
2024-09-06 08:38:57	usegalaxy-eu	infrastructure
2024-09-06 08:30:31	usegalaxy-eu	infrastructure
2024-09-06 08:22:54	usegalaxy-eu	infrastructure
2024-09-06 08:08:04	usegalaxy-eu	infrastructure
2024-09-06 08:00:09	usegalaxy-eu	infrastructure
2024-09-06 07:49:35	usegalaxy-eu	infrastructure
2024-09-06 07:42:10	usegalaxy-eu	infrastructure
2024-09-06 07:34:37	usegalaxy-eu	infrastructure
2024-09-06 07:27:12	usegalaxy-eu	infrastructure
2024-09-06 07:19:19	usegalaxy-eu	infrastructure
2024-09-06 07:10:21	usegalaxy-eu	infrastructure
2024-09-06 07:02:56	usegalaxy-eu	infrastructure
2024-09-06 06:55:20	usegalaxy-eu	infrastructure
2024-09-06 06:47:56	usegalaxy-eu	infrastructure
2024-09-06 06:40:34	usegalaxy-eu	infrastructure
2024-09-06 06:33:05	usegalaxy-eu	infrastructure
2024-09-06 06:25:45	usegalaxy-eu	infrastructure
2024-09-06 06:18:32	usegalaxy-eu	infrastructure
2024-09-06 06:11:24	usegalaxy-eu	infrastructure
2024-09-06 06:03:45	usegalaxy-eu	infrastructure
2024-09-06 05:56:34	usegalaxy-eu	infrastructure
2024-09-06 05:49:13	usegalaxy-eu	infrastructure
2024-09-06 05:41:49	usegalaxy-eu	infrastructure
2024-09-06 05:34:31	usegalaxy-eu	infrastructure
2024-09-06 05:27:10	usegalaxy-eu	infrastructure
2024-09-06 05:19:22	usegalaxy-eu	infrastructure
2024-09-06 05:12:07	usegalaxy-eu	infrastructure
2024-09-06 05:05:02	usegalaxy-eu	infrastructure
2024-09-06 04:57:28	usegalaxy-eu	infrastructure
2024-09-06 04:50:26	usegalaxy-eu	infrastructure
2024-09-06 04:43:16	usegalaxy-eu	infrastructure
2024-09-06 04:36:07	usegalaxy-eu	infrastructure
2024-09-06 04:28:48	usegalaxy-eu	infrastructure
2024-09-06 04:21:24	usegalaxy-eu	infrastructure
2024-09-06 04:14:05	usegalaxy-eu	infrastructure
2024-09-06 04:06:54	usegalaxy-eu	infrastructure
2024-09-06 03:59:23	usegalaxy-eu	infrastructure
2024-09-06 03:51:58	usegalaxy-eu	infrastructure
2024-09-06 03:44:18	usegalaxy-eu	infrastructure
2024-09-06 03:36:20	usegalaxy-eu	infrastructure
2024-09-06 03:29:05	usegalaxy-eu	infrastructure
2024-09-06 03:21:32	usegalaxy-eu	infrastructure
2024-09-06 03:14:02	usegalaxy-eu	infrastructure
2024-09-06 03:06:37	usegalaxy-eu	infrastructure
2024-09-06 02:59:10	usegalaxy-eu	infrastructure
2024-09-06 02:51:43	usegalaxy-eu	infrastructure
2024-09-06 02:44:23	usegalaxy-eu	infrastructure
2024-09-06 02:37:04	usegalaxy-eu	infrastructure
2024-09-06 02:29:35	usegalaxy-eu	infrastructure
2024-09-06 02:22:00	usegalaxy-eu	infrastructure
2024-09-06 02:14:38	usegalaxy-eu	infrastructure
2024-09-06 02:07:13	usegalaxy-eu	infrastructure
2024-09-06 01:59:52	usegalaxy-eu	infrastructure
2024-09-06 01:52:23	usegalaxy-eu	infrastructure
2024-09-06 01:45:09	usegalaxy-eu	infrastructure
2024-09-06 01:37:43	usegalaxy-eu	infrastructure
2024-09-06 01:30:30	usegalaxy-eu	infrastructure
2024-09-06 01:23:13	usegalaxy-eu	infrastructure
2024-09-06 01:16:09	usegalaxy-eu	infrastructure
2024-09-06 01:08:46	usegalaxy-eu	infrastructure
2024-09-06 01:01:46	usegalaxy-eu	infrastructure
2024-09-06 00:54:32	usegalaxy-eu	infrastructure
2024-09-06 00:39:11	usegalaxy-eu	infrastructure
2024-09-06 00:32:05	usegalaxy-eu	infrastructure
2024-09-06 00:24:22	usegalaxy-eu	infrastructure
2024-09-06 00:16:42	usegalaxy-eu	infrastructure
2024-09-06 00:09:28	usegalaxy-eu	infrastructure
2024-09-06 00:02:09	usegalaxy-eu	infrastructure
2024-09-05 23:54:44	usegalaxy-eu	infrastructure
2024-09-05 23:47:36	usegalaxy-eu	infrastructure
2024-09-05 23:40:28	usegalaxy-eu	infrastructure
2024-09-05 23:33:30	usegalaxy-eu	infrastructure
2024-09-05 23:24:52	usegalaxy-eu	infrastructure
2024-09-05 23:17:04	usegalaxy-eu	infrastructure
2024-09-05 23:09:51	usegalaxy-eu	infrastructure
2024-09-05 23:02:19	usegalaxy-eu	infrastructure
2024-09-05 22:55:13	usegalaxy-eu	infrastructure
2024-09-05 22:48:18	usegalaxy-eu	infrastructure
2024-09-05 22:41:10	usegalaxy-eu	infrastructure
2024-09-05 22:33:49	usegalaxy-eu	infrastructure
2024-09-05 22:26:22	usegalaxy-eu	infrastructure
2024-09-05 22:17:43	usegalaxy-eu	infrastructure
2024-09-05 22:10:36	usegalaxy-eu	infrastructure
2024-09-05 22:03:21	usegalaxy-eu	infrastructure
2024-09-05 21:55:36	usegalaxy-eu	infrastructure
2024-09-05 21:47:54	usegalaxy-eu	infrastructure
2024-09-05 21:40:13	usegalaxy-eu	infrastructure
2024-09-05 21:32:31	usegalaxy-eu	infrastructure
2024-09-05 21:24:21	usegalaxy-eu	infrastructure
2024-09-05 21:16:28	usegalaxy-eu	infrastructure
2024-09-05 21:08:57	usegalaxy-eu	infrastructure
2024-09-05 21:01:25	usegalaxy-eu	infrastructure
2024-09-05 20:53:15	usegalaxy-eu	infrastructure
2024-09-05 20:45:45	usegalaxy-eu	infrastructure
2024-09-05 20:38:11	usegalaxy-eu	infrastructure
2024-09-05 20:30:31	usegalaxy-eu	infrastructure
2024-09-05 20:22:52	usegalaxy-eu	infrastructure
2024-09-05 20:14:47	usegalaxy-eu	infrastructure
2024-09-05 20:06:36	usegalaxy-eu	infrastructure
2024-09-05 19:58:46	usegalaxy-eu	infrastructure
2024-09-05 19:50:45	usegalaxy-eu	infrastructure
2024-09-05 19:42:58	usegalaxy-eu	infrastructure
2024-09-05 19:35:24	usegalaxy-eu	infrastructure
2024-09-05 19:27:48	usegalaxy-eu	infrastructure
2024-09-05 19:12:28	usegalaxy-eu	infrastructure
2024-09-05 19:04:52	usegalaxy-eu	infrastructure
2024-09-05 18:57:18	usegalaxy-eu	infrastructure
2024-09-05 18:48:47	usegalaxy-eu	infrastructure
2024-09-05 18:38:28	usegalaxy-eu	infrastructure
2024-09-05 18:30:12	usegalaxy-eu	infrastructure
2024-09-05 18:22:37	usegalaxy-eu	infrastructure
2024-09-05 18:14:21	usegalaxy-eu	infrastructure
2024-09-05 18:05:38	usegalaxy-eu	infrastructure
2024-09-05 17:57:32	usegalaxy-eu	infrastructure
2024-09-05 17:50:00	usegalaxy-eu	infrastructure
2024-09-05 17:41:32	usegalaxy-eu	infrastructure
2024-09-05 17:23:43	usegalaxy-eu	infrastructure
2024-09-05 17:14:14	usegalaxy-eu	infrastructure
2024-09-05 17:06:35	usegalaxy-eu	infrastructure
2024-09-05 16:57:39	usegalaxy-eu	infrastructure
2024-09-05 16:50:04	usegalaxy-eu	infrastructure
2024-09-05 16:42:45	usegalaxy-eu	infrastructure
2024-09-05 16:35:13	usegalaxy-eu	infrastructure
2024-09-05 16:27:21	usegalaxy-eu	infrastructure
2024-09-05 16:20:09	usegalaxy-eu	infrastructure
2024-09-05 16:12:35	usegalaxy-eu	infrastructure
2024-09-05 16:04:52	usegalaxy-eu	infrastructure
2024-09-05 15:49:46	usegalaxy-eu	infrastructure
2024-09-05 15:36:05	usegalaxy-eu	infrastructure
2024-09-05 15:28:32	usegalaxy-eu	infrastructure
2024-09-05 15:21:19	usegalaxy-eu	infrastructure
2024-09-05 15:13:51	usegalaxy-eu	infrastructure
2024-09-05 15:05:13	usegalaxy-eu	infrastructure
2024-09-05 14:57:54	usegalaxy-eu	infrastructure
2024-09-05 14:50:30	usegalaxy-eu	infrastructure
2024-09-05 14:43:00	usegalaxy-eu	infrastructure
2024-09-05 14:35:42	usegalaxy-eu	infrastructure
2024-09-05 14:28:13	usegalaxy-eu	infrastructure
2024-09-05 14:20:28	usegalaxy-eu	infrastructure
2024-09-05 14:13:08	usegalaxy-eu	infrastructure
2024-09-05 13:17:44	usegalaxy-eu	infrastructure
2024-09-04 23:45:38	usegalaxy-eu	shared-data
2024-09-04 10:44:07	usegalaxy-eu	infrastructure
2024-09-04 10:30:13	usegalaxy-eu	infrastructure
2024-09-04 09:55:12	usegalaxy-eu	infrastructure
2024-08-28 15:22:55	hexylena	movie-club-bot
2024-08-28 15:19:31	hexylena	movie-club-bot
2024-08-28 15:12:35	hexylena	movie-club-bot
2024-08-23 10:51:33	shiltemann	recipes
2024-08-23 10:48:58	shiltemann	recipes
2024-08-23 10:46:33	shiltemann	recipes
2024-08-23 10:37:19	shiltemann	recipes
2024-08-23 10:23:26	shiltemann	recipes
2024-08-23 10:12:54	shiltemann	recipes
2024-08-22 13:47:05	hexylena	project-management
2024-08-22 13:46:41	hexylena	project-management
2024-08-21 23:45:32	usegalaxy-eu	shared-data
2024-08-20 14:28:30	usegalaxy-eu	infrastructure
2024-08-20 14:16:15	usegalaxy-eu	infrastructure
2024-08-20 14:06:45	usegalaxy-eu	infrastructure
2024-08-20 13:49:15	usegalaxy-eu	infrastructure
2024-08-19 12:35:21	hexylena	hexylena.github.io
2024-08-19 12:34:52	hexylena	hexylena.github.io
2024-08-19 12:34:25	hexylena	hexylena.github.io
2024-08-19 12:30:53	hexylena	hexylena.github.io
2024-08-16 10:47:35	hexylena	movie-club-bot
2024-08-14 22:55:46	usegalaxy-eu	infrastructure
2024-08-14 22:48:42	usegalaxy-eu	infrastructure
2024-08-14 22:41:48	usegalaxy-eu	infrastructure
2024-08-14 22:34:32	usegalaxy-eu	infrastructure
2024-08-14 22:27:37	usegalaxy-eu	infrastructure
2024-08-14 22:19:02	usegalaxy-eu	infrastructure
2024-08-14 22:12:02	usegalaxy-eu	infrastructure
2024-08-14 22:05:19	usegalaxy-eu	infrastructure
2024-08-14 21:58:22	usegalaxy-eu	infrastructure
2024-08-14 21:51:23	usegalaxy-eu	infrastructure
2024-08-14 21:44:30	usegalaxy-eu	infrastructure
2024-08-14 21:37:39	usegalaxy-eu	infrastructure
2024-08-14 21:30:51	usegalaxy-eu	infrastructure
2024-08-14 21:23:06	usegalaxy-eu	infrastructure
2024-08-14 21:16:02	usegalaxy-eu	infrastructure
2024-08-14 21:09:00	usegalaxy-eu	infrastructure
2024-08-14 21:01:56	usegalaxy-eu	infrastructure
2024-08-14 20:54:48	usegalaxy-eu	infrastructure
2024-08-14 20:47:35	usegalaxy-eu	infrastructure
2024-08-14 20:40:22	usegalaxy-eu	infrastructure
2024-08-14 20:33:15	usegalaxy-eu	infrastructure
2024-08-14 20:26:07	usegalaxy-eu	infrastructure
2024-08-14 20:19:02	usegalaxy-eu	infrastructure
2024-08-14 20:11:56	usegalaxy-eu	infrastructure
2024-08-14 20:04:41	usegalaxy-eu	infrastructure
2024-08-14 19:57:22	usegalaxy-eu	infrastructure
2024-08-14 19:50:15	usegalaxy-eu	infrastructure
2024-08-14 19:43:16	usegalaxy-eu	infrastructure
2024-08-14 19:36:07	usegalaxy-eu	infrastructure
2024-08-14 19:27:56	usegalaxy-eu	infrastructure
2024-08-14 19:20:53	usegalaxy-eu	infrastructure
2024-08-14 19:13:16	usegalaxy-eu	infrastructure
2024-08-14 19:06:11	usegalaxy-eu	infrastructure
2024-08-14 18:58:35	usegalaxy-eu	infrastructure
2024-08-14 18:51:23	usegalaxy-eu	infrastructure
2024-08-14 18:44:14	usegalaxy-eu	infrastructure
2024-08-14 18:37:13	usegalaxy-eu	infrastructure
2024-08-14 18:23:15	usegalaxy-eu	infrastructure
2024-08-14 18:16:09	usegalaxy-eu	infrastructure
2024-08-14 18:09:19	usegalaxy-eu	infrastructure
2024-08-14 18:02:27	usegalaxy-eu	infrastructure
2024-08-14 17:55:35	usegalaxy-eu	infrastructure
2024-08-14 17:48:41	usegalaxy-eu	infrastructure
2024-08-14 17:47:04	hexylena	movie-club-bot
2024-08-14 17:41:33	usegalaxy-eu	infrastructure
2024-08-14 17:35:41	hexylena	movie-club-bot
2024-08-14 17:34:40	usegalaxy-eu	infrastructure
2024-08-14 17:27:31	usegalaxy-eu	infrastructure
2024-08-14 17:20:27	usegalaxy-eu	infrastructure
2024-08-14 17:13:27	usegalaxy-eu	infrastructure
2024-08-14 17:06:28	usegalaxy-eu	infrastructure
2024-08-14 16:59:28	usegalaxy-eu	infrastructure
2024-08-14 16:52:29	usegalaxy-eu	infrastructure
2024-08-14 16:45:22	usegalaxy-eu	infrastructure
2024-08-14 16:38:18	usegalaxy-eu	infrastructure
2024-08-14 16:31:20	usegalaxy-eu	infrastructure
2024-08-14 16:24:13	usegalaxy-eu	infrastructure
2024-08-14 16:14:58	usegalaxy-eu	infrastructure
2024-08-14 16:05:15	usegalaxy-eu	infrastructure
2024-08-14 15:57:40	usegalaxy-eu	infrastructure
2024-08-14 15:50:28	usegalaxy-eu	infrastructure
2024-08-14 15:43:31	usegalaxy-eu	infrastructure
2024-08-14 15:36:02	usegalaxy-eu	infrastructure
2024-08-14 15:28:59	usegalaxy-eu	infrastructure
2024-08-14 15:19:34	usegalaxy-eu	infrastructure
2024-08-14 15:03:39	usegalaxy-eu	infrastructure
2024-08-14 14:56:44	usegalaxy-eu	infrastructure
2024-08-14 14:49:11	usegalaxy-eu	infrastructure
2024-08-14 14:40:56	usegalaxy-eu	infrastructure
2024-08-14 14:33:41	usegalaxy-eu	infrastructure
2024-08-14 14:26:24	usegalaxy-eu	infrastructure
2024-08-14 14:17:48	usegalaxy-eu	infrastructure
2024-08-14 12:54:59	usegalaxy-eu	infrastructure
2024-08-14 12:47:23	usegalaxy-eu	infrastructure
2024-08-14 12:39:14	usegalaxy-eu	infrastructure
2024-08-14 12:31:24	usegalaxy-eu	infrastructure
2024-08-14 12:26:40	hexylena	project-management
2024-08-14 12:24:30	usegalaxy-eu	infrastructure
2024-08-14 12:16:32	usegalaxy-eu	infrastructure
2024-08-14 12:09:28	usegalaxy-eu	infrastructure
2024-08-14 12:02:28	usegalaxy-eu	infrastructure
2024-08-14 11:55:06	usegalaxy-eu	infrastructure
2024-08-14 11:47:29	usegalaxy-eu	infrastructure
2024-08-14 11:30:34	usegalaxy-eu	infrastructure
2024-08-14 11:23:36	usegalaxy-eu	infrastructure
2024-08-14 11:15:58	usegalaxy-eu	infrastructure
2024-08-14 11:01:54	usegalaxy-eu	infrastructure
2024-08-14 10:54:05	usegalaxy-eu	infrastructure
2024-08-14 10:47:04	usegalaxy-eu	infrastructure
2024-08-14 10:39:45	usegalaxy-eu	infrastructure
2024-08-14 10:31:39	usegalaxy-eu	infrastructure
2024-08-14 10:24:32	usegalaxy-eu	infrastructure
2024-08-14 10:16:40	usegalaxy-eu	infrastructure
2024-08-14 10:09:23	usegalaxy-eu	infrastructure
2024-08-14 09:55:25	usegalaxy-eu	infrastructure
2024-08-14 09:48:32	usegalaxy-eu	infrastructure
2024-08-14 09:41:29	usegalaxy-eu	infrastructure
2024-08-14 09:33:44	usegalaxy-eu	infrastructure
2024-08-14 09:26:12	usegalaxy-eu	infrastructure
2024-08-14 09:19:18	usegalaxy-eu	infrastructure
2024-08-14 09:11:49	usegalaxy-eu	infrastructure
2024-08-14 09:05:00	usegalaxy-eu	infrastructure
2024-08-14 08:56:31	usegalaxy-eu	infrastructure
2024-08-14 08:38:59	usegalaxy-eu	infrastructure
2024-08-14 08:31:43	usegalaxy-eu	infrastructure
2024-08-14 08:24:12	usegalaxy-eu	infrastructure
2024-08-14 08:15:24	usegalaxy-eu	infrastructure
2024-08-14 08:08:14	usegalaxy-eu	infrastructure
2024-08-14 08:01:05	usegalaxy-eu	infrastructure
2024-08-14 07:54:23	usegalaxy-eu	infrastructure
2024-08-14 07:46:54	usegalaxy-eu	infrastructure
2024-08-14 07:39:56	usegalaxy-eu	infrastructure
2024-08-14 07:33:13	usegalaxy-eu	infrastructure
2024-08-14 07:19:33	usegalaxy-eu	infrastructure
2024-08-14 07:12:42	usegalaxy-eu	infrastructure
2024-08-14 07:05:51	usegalaxy-eu	infrastructure
2024-08-14 06:58:26	usegalaxy-eu	infrastructure
2024-08-13 14:13:59	usegalaxy-eu	infrastructure
2024-08-13 09:05:12	hexylena	project-management
2024-08-13 09:03:51	hexylena	project-management
2024-08-13 09:01:28	hexylena	project-management
2024-08-13 08:55:53	hexylena	project-management
2024-08-12 15:43:40	hexylena	project-management
2024-08-12 12:26:49	hexylena	poline-palette-picker
2024-08-12 12:26:25	hexylena	poline-palette-picker
2024-08-12 07:59:38	usegalaxy-eu	infrastructure
2024-08-08 08:02:31	hexylena	project-management
2024-08-07 23:45:33	usegalaxy-eu	shared-data
2024-08-07 11:02:49	hexylena	project-management
2024-08-07 10:50:51	hexylena	project-management
2024-08-07 10:35:52	hexylena	project-management
2024-08-07 10:34:25	hexylena	project-management
2024-08-07 10:28:44	hexylena	project-management
2024-08-07 10:27:31	hexylena	project-management
2024-08-07 10:25:34	hexylena	project-management
2024-08-06 15:19:06	hexylena	project-management
2024-08-05 13:19:06	hexylena	project-management
2024-08-05 13:13:29	hexylena	project-management
2024-08-05 12:40:36	hexylena	project-management
2024-08-05 12:39:58	hexylena	project-management
2024-08-05 12:37:10	hexylena	project-management
2024-08-05 08:37:13	hexylena	project-management
2024-08-05 08:36:39	hexylena	project-management
2024-07-31 15:29:40	hexylena	project-management
2024-07-31 14:52:17	hexylena	project-management
2024-07-31 14:49:27	hexylena	project-management
2024-07-31 14:47:48	hexylena	project-management
2024-07-31 13:48:25	hexylena	project-management
2024-07-31 13:40:02	hexylena	project-management
2024-07-31 13:32:24	hexylena	project-management
2024-07-31 13:26:26	hexylena	project-management
2024-07-31 13:22:58	hexylena	project-management
2024-07-31 12:59:21	hexylena	project-management
2024-07-31 12:56:24	hexylena	project-management
2024-07-31 12:53:27	hexylena	project-management
2024-07-31 10:59:33	hexylena	project-management
2024-07-29 14:14:19	hexylena	project-management
2024-07-29 07:13:51	hexylena	toolshed-version-database
2024-07-26 07:10:41	galaxyproject	training-material
2024-07-26 06:52:03	galaxyproject	training-material
2024-07-23 10:26:24	usegalaxy-eu	infrastructure
2024-07-23 09:14:12	usegalaxy-eu	infrastructure
2024-07-22 11:47:20	galaxyproject	ansible-galaxy
2024-07-22 08:26:35	galaxyproject	training-material
2024-07-22 08:26:07	vladvisan	training-material
2024-07-22 08:18:00	vladvisan	training-material
2024-07-17 23:45:39	usegalaxy-eu	shared-data
2024-07-17 15:13:56	galaxyproject	training-material
2024-07-17 13:16:39	usegalaxy-eu	infrastructure
2024-07-17 10:13:45	galaxyproject	training-material
2024-07-17 09:58:53	galaxyproject	training-material
2024-07-17 09:56:28	galaxyproject	training-material
2024-07-17 09:39:40	galaxyproject	training-material
2024-07-17 07:42:24	usegalaxy-eu	infrastructure
2024-07-16 14:38:05	usegalaxy-eu	infrastructure
2024-07-16 10:50:00	galaxyproject	training-material
2024-07-16 09:59:52	galaxyproject	oembed
2024-07-16 08:56:39	galaxyproject	training-material
2024-07-16 08:44:44	galaxyproject	training-material
2024-07-16 08:24:54	galaxyproject	training-material
2024-07-16 08:08:45	galaxyproject	training-material
2024-07-15 14:29:33	galaxyproject	training-material
2024-07-15 13:45:29	galaxyproject	training-material
2024-07-15 13:39:56	galaxyproject	training-material
2024-07-15 13:35:51	galaxyproject	training-material
2024-07-15 13:33:21	galaxyproject	training-material
2024-07-15 11:03:55	galaxyproject	training-material
2024-07-15 09:35:51	hexylena	toolshed-version-database
2024-07-15 08:04:22	galaxyproject	training-material
2024-07-15 07:51:08	usegalaxy-eu	infrastructure
2024-07-10 18:44:16	galaxyproject	training-material
2024-07-10 17:58:38	galaxyproject	oembed
2024-07-10 15:54:00	galaxyproject	oembed
2024-07-10 15:01:04	galaxyproject	oembed
2024-07-10 14:19:23	galaxyproject	oembed
2024-07-10 08:58:08	abueg	training-material
2024-07-10 08:42:35	vladvisan	training-material
2024-07-10 08:40:03	vladvisan	training-material
2024-07-10 08:31:54	abueg	training-material
2024-07-09 11:31:40	galaxyproject	training-material
2024-07-09 11:24:54	galaxyproject	training-material
2024-07-09 10:56:50	galaxyproject	training-material
2024-07-09 10:01:50	abueg	training-material
2024-07-09 09:29:40	galaxyproject	training-material
2024-07-09 08:39:33	abueg	training-material
2024-07-09 08:32:17	abueg	training-material
2024-07-08 14:24:50	galaxyproject	training-material
2024-07-08 12:47:44	galaxyproject	training-material
2024-07-08 09:19:16	galaxyproject	training-material
2024-07-08 09:13:37	galaxyproject	training-material
2024-07-08 08:51:39	galaxyproject	training-material
2024-07-08 08:47:58	galaxyproject	training-material
2024-07-08 08:47:18	abueg	training-material
2024-07-08 08:30:40	abueg	training-material
2024-07-08 07:39:26	galaxyproject	training-material
2024-07-08 07:38:17	galaxyproject	training-material
2024-07-04 16:48:14	hexylena	toolshed-version-database
2024-07-04 16:43:15	galaxyproject	training-material
2024-07-04 16:12:19	galaxyproject	training-material
2024-07-04 16:03:58	galaxyproject	training-material
2024-07-04 15:49:12	galaxyproject	training-material
2024-07-04 15:21:31	hexylena	toolshed-version-database
2024-07-04 14:00:37	galaxyproject	training-material
2024-07-04 10:55:43	galaxyproject	training-material
2024-07-04 10:55:18	galaxyproject	training-material
2024-07-04 10:51:30	galaxyproject	training-material
2024-07-04 10:41:51	galaxyproject	training-material
2024-07-03 23:46:02	usegalaxy-eu	shared-data
2024-07-03 09:25:15	galaxyproject	training-material
2024-07-03 09:16:04	galaxyproject	training-material
2024-07-03 09:06:23	galaxyproject	training-material
2024-07-03 08:52:29	galaxyproject	training-material
2024-07-03 08:50:53	galaxyproject	training-material
2024-07-03 08:38:15	galaxyproject	training-material
2024-07-03 08:36:50	galaxyproject	training-material
2024-07-03 08:16:18	galaxyproject	training-material
2024-06-30 08:01:41	galaxyproject	gxadmin
2024-06-30 08:00:41	galaxyproject	training-material
2024-06-30 07:09:02	galaxyproject	training-material
2024-06-30 07:07:35	galaxyproject	training-material
2024-06-30 05:58:56	galaxyproject	training-material
2024-06-30 05:58:30	galaxyproject	training-material
2024-06-29 04:27:27	galaxyproject	training-material
2024-06-28 09:50:20	galaxyproject	training-material
2024-06-28 08:15:19	galaxyproject	training-material
2024-06-27 15:38:46	hexylena	toolshed-version-database
2024-06-27 15:30:55	hexylena	toolshed-version-database
2024-06-27 15:09:24	galaxyproject	gxy.io
2024-06-27 14:43:44	galaxyproject	training-material
2024-06-27 09:31:45	galaxyproject	training-material
2024-06-27 09:04:12	galaxyproject	training-material
2024-06-26 15:05:48	galaxyproject	galaxy-hub
2024-06-26 14:49:37	galaxyproject	galaxy-hub
2024-06-26 14:45:53	galaxyproject	galaxy-hub
2024-06-26 14:11:53	galaxyproject	training-material
2024-06-26 14:10:53	galaxyproject	galaxy-hub
2024-06-26 14:08:14	galaxyproject	galaxy-hub
2024-06-26 14:01:26	galaxyproject	training-material
2024-06-26 13:58:52	galaxyproject	training-material
2024-06-26 13:04:36	galaxyproject	training-material
2024-06-26 13:03:20	galaxyproject	training-material
2024-06-26 12:22:06	galaxyproject	training-material
2024-06-26 12:21:00	galaxyproject	training-material
2024-06-26 09:56:26	galaxyproject	training-material
2024-06-26 09:55:15	galaxyproject	training-material
2024-06-26 09:43:11	galaxyproject	training-material
2024-06-26 09:40:04	galaxyproject	training-material
2024-06-26 05:14:08	galaxyproject	training-material
2024-06-26 05:13:08	galaxyproject	training-material
2024-06-25 13:56:48	galaxyproject	training-material
2024-06-25 09:57:41	galaxyproject	training-material
2024-06-25 09:42:25	galaxyproject	training-material
2024-06-25 09:35:40	galaxyproject	training-material
2024-06-25 09:18:37	galaxyproject	training-material
2024-06-25 09:17:21	galaxyproject	training-material
2024-06-25 09:14:48	galaxyproject	training-material
2024-06-25 09:11:39	hexylena	git-gat
2024-06-25 09:10:43	galaxyproject	training-material
2024-06-25 09:02:37	hexylena	git-gat
2024-06-25 09:02:36	hexylena	git-gat
2024-06-25 09:01:50	galaxyproject	training-material
2024-06-25 09:01:31	galaxyproject	training-material
2024-06-25 08:55:29	galaxyproject	training-material
2024-06-25 08:53:50	galaxyproject	gxy.io
2024-06-25 08:52:29	galaxyproject	training-material
2024-06-25 08:49:50	hexylena	git-gat
2024-06-25 08:11:22	hexylena	git-gat
2024-06-25 08:10:30	galaxyproject	training-material
2024-06-24 15:52:24	hexylena	git-gat
2024-06-24 15:52:23	hexylena	git-gat
2024-06-24 15:44:49	galaxyproject	training-material
2024-06-24 15:36:12	galaxyproject	training-material
2024-06-24 15:32:08	galaxyproject	training-material
2024-06-24 15:31:54	galaxyproject	training-material
2024-06-24 15:26:34	hexylena	git-gat
2024-06-24 15:26:33	hexylena	git-gat
2024-06-24 15:25:46	galaxyproject	training-material
2024-06-24 15:11:00	hexylena	git-gat
2024-06-24 15:10:12	galaxyproject	training-material
2024-06-24 14:56:59	hexylena	git-gat
2024-06-24 14:56:58	hexylena	git-gat
2024-06-24 14:56:12	galaxyproject	training-material
2024-06-24 14:30:43	galaxyproject	training-material
2024-06-24 10:02:21	galaxyproject	training-material
2024-06-24 09:59:55	galaxyproject	training-material
2024-06-24 09:35:03	galaxyproject	training-material
2024-06-24 09:27:57	galaxyproject	training-material
2024-06-24 09:06:38	galaxyproject	gxy.io
2024-06-24 07:50:17	galaxyproject	training-material
2024-06-24 07:44:13	galaxyproject	training-material
2024-06-24 07:43:30	galaxyproject	training-material
2024-06-24 07:35:56	galaxyproject	training-material
2024-06-24 07:13:22	galaxyproject	training-material
2024-06-24 07:12:55	galaxyproject	training-material
2024-06-23 15:09:21	galaxyproject	training-material
2024-06-23 14:37:52	galaxyproject	training-material
2024-06-23 13:50:11	galaxyproject	training-material
2024-06-23 11:53:32	galaxyproject	training-material
2024-06-23 08:11:36	galaxyproject	training-material
2024-06-22 05:29:05	galaxyproject	training-material
2024-06-19 19:33:09	galaxyproject	training-material
2024-06-18 13:33:13	galaxyproject	training-material
2024-06-18 11:33:07	galaxyproject	training-material
2024-06-18 11:08:19	galaxyproject	training-material
2024-06-15 17:22:36	shiltemann	recipes
2024-06-14 12:20:22	galaxyproject	training-material
2024-06-14 10:37:32	galaxyproject	training-material
2024-06-14 10:00:51	galaxyproject	training-material
2024-06-14 09:56:51	galaxyproject	training-material
2024-06-14 09:49:14	hexylena	git-gat
2024-06-14 09:48:28	galaxyproject	training-material
2024-06-14 09:37:26	hexylena	git-gat
2024-06-14 09:37:25	hexylena	git-gat
2024-06-14 09:36:29	galaxyproject	training-material
2024-06-14 09:28:02	hexylena	git-gat
2024-06-14 08:10:13	hexylena	git-gat
2024-06-14 08:09:26	galaxyproject	training-material
2024-06-14 07:35:47	galaxyproject	training-material
2024-06-13 13:42:20	hexylena	git-gat
2024-06-13 13:02:37	hexylena	git-gat
2024-06-13 12:58:59	hexylena	git-gat
2024-06-13 12:56:08	hexylena	git-gat
2024-06-13 12:54:16	hexylena	git-gat
2024-06-13 12:41:13	hexylena	git-gat
2024-06-13 12:09:48	hexylena	git-gat
2024-06-13 12:09:46	hexylena	git-gat
2024-06-13 10:06:56	hexylena	git-gat
2024-06-13 10:06:54	hexylena	git-gat
2024-06-13 09:52:09	hexylena	git-gat
2024-06-13 09:11:19	galaxyproject	training-material
2024-06-13 08:53:57	galaxyproject	training-material
2024-06-13 08:29:44	galaxyproject	training-material
2024-06-12 18:25:01	hexylena	git-gat
2024-06-12 18:25:00	hexylena	git-gat
2024-06-12 18:24:05	galaxyproject	training-material
2024-06-12 18:19:47	hexylena	git-gat
2024-06-12 16:40:17	galaxyproject	training-material
2024-06-12 16:27:15	hexylena	git-gat
2024-06-12 16:01:41	hexylena	git-gat
2024-06-12 15:51:17	galaxyproject	training-material
2024-06-12 15:50:51	galaxyproject	training-material
2024-06-12 15:48:24	galaxyproject	training-material
2024-06-12 15:43:55	galaxyproject	training-material
2024-06-12 15:35:32	galaxyproject	training-material
2024-06-12 15:23:46	hexylena	git-gat
2024-06-12 15:20:25	hexylena	git-gat
2024-06-12 15:20:24	hexylena	git-gat
2024-06-12 14:16:35	hexylena	git-gat
2024-06-12 13:26:57	hexylena	git-gat
2024-06-12 11:40:03	galaxyproject	training-material
2024-06-12 11:39:31	galaxyproject	training-material
2024-06-12 11:02:03	galaxyproject	galaxy-hub
2024-06-12 10:56:16	galaxyproject	gxy.io
2024-06-12 10:34:05	galaxyproject	training-material
2024-06-11 16:28:40	hexylena	git-gat
2024-06-11 16:27:57	galaxyproject	training-material
2024-06-11 16:15:03	hexylena	git-gat
2024-06-11 16:15:02	hexylena	git-gat
2024-06-11 16:14:00	galaxyproject	training-material
2024-06-11 16:11:57	hexylena	git-gat
2024-06-11 16:11:56	hexylena	git-gat
2024-06-11 16:08:56	galaxyproject	training-material
2024-06-11 16:07:49	hexylena	git-gat
2024-06-11 16:07:48	hexylena	git-gat
2024-06-11 16:07:01	galaxyproject	training-material
2024-06-11 15:33:33	gallantries	video-library
2024-06-11 15:20:28	gallantries	video-library
2024-06-11 15:16:31	gallantries	video-library
2024-06-11 12:13:00	hexylena	git-gat
2024-06-11 12:12:59	hexylena	git-gat
2024-06-11 12:12:09	hexylena	git-gat
2024-06-11 12:06:51	galaxyproject	training-material
2024-06-11 12:02:19	galaxyproject	training-material
2024-06-11 11:54:42	galaxyproject	training-material
2024-06-11 11:54:20	galaxyproject	training-material
2024-06-11 10:55:55	galaxyproject	training-material
2024-06-11 09:53:08	galaxyproject	training-material
2024-06-11 09:44:35	galaxyproject	training-material
2024-06-11 09:44:08	galaxyproject	training-material
2024-06-11 06:12:40	galaxyproject	training-material
2024-06-10 09:27:20	galaxyproject	training-material
2024-06-10 09:27:01	galaxyproject	training-material
2024-06-10 09:26:38	galaxyproject	training-material
2024-06-10 09:19:22	galaxyproject	training-material
2024-06-10 09:18:42	galaxyproject	training-material
2024-06-06 19:08:43	ubinfie	ubinfie.github.io
2024-06-06 18:44:48	ubinfie	ubinfie.github.io
2024-06-06 12:37:16	ubinfie	ubinfie.github.io
2024-06-06 12:34:38	galaxyproject	training-material
2024-06-06 12:33:34	galaxyproject	training-material
2024-06-06 11:34:02	ubinfie	ubinfie.github.io
2024-06-06 11:32:18	ubinfie	ubinfie.github.io
2024-06-06 11:31:03	ubinfie	ubinfie.github.io
2024-06-05 15:40:10	galaxyproject	training-material
2024-06-05 15:37:07	galaxyproject	training-material
2024-06-05 14:29:13	galaxyproject	training-material
2024-06-05 14:13:42	hexylena	git-gat
2024-06-05 13:01:11	galaxyproject	training-material
2024-06-05 12:44:52	galaxyproject	training-material
2024-06-05 11:47:57	galaxyproject	training-material
2024-06-05 11:46:47	galaxyproject	training-material
2024-06-05 11:34:16	galaxyproject	training-material
2024-06-05 11:12:17	galaxyproject	training-material
2024-06-05 10:39:46	nekrut	training-material
2024-06-05 10:36:31	galaxyproject	training-material
2024-06-05 10:28:35	galaxyproject	training-material
2024-06-05 10:23:49	galaxyproject	training-material
2024-06-05 10:18:15	galaxyproject	training-material
2024-06-05 10:17:33	galaxyproject	training-material
2024-06-05 09:54:47	galaxyproject	training-material
2024-06-05 09:52:37	galaxyproject	training-material
2024-06-05 09:52:06	galaxyproject	training-material
2024-06-05 09:41:29	galaxyproject	training-material
2024-06-05 09:37:45	galaxyproject	training-material
2024-06-05 07:57:56	galaxyproject	training-material
2024-06-04 14:09:52	galaxyproject	galaxy-hub
2024-06-04 14:06:25	ElectronicBlueberry	training-material
2024-06-04 14:03:51	ElectronicBlueberry	training-material
2024-06-04 12:03:14	galaxyproject	galaxy-hub
2024-06-04 11:58:26	galaxyproject	galaxy-hub
2024-06-04 11:57:08	galaxyproject	galaxy-hub
2024-06-03 12:36:39	galaxyproject	training-material
2024-06-03 11:53:08	hexylena	galaxy-calendar-subsets
2024-06-03 11:42:17	galaxyproject	training-material
2024-06-03 11:15:55	galaxyproject	training-material
2024-06-03 11:15:29	galaxyproject	training-material
2024-06-03 11:14:24	galaxyproject	training-material
2024-06-03 11:02:28	galaxyproject	training-material
2024-06-03 10:59:33	galaxyproject	training-material
2024-06-03 08:48:12	galaxyproject	training-material
2024-06-03 08:44:08	galaxyproject	training-material
2024-06-01 15:47:43	hexylena	dotfiles
2024-06-01 15:47:18	shiltemann	recipes
2024-06-01 15:42:56	shiltemann	recipes
2024-06-01 15:40:40	shiltemann	recipes
2024-06-01 14:52:48	shiltemann	recipes
2024-06-01 14:07:48	hexylena	bin
2024-05-31 11:07:32	hexylena	git-gat
2024-05-29 16:07:14	hexylena	git-gat
2024-05-29 16:07:13	hexylena	git-gat
2024-05-29 15:52:12	hexylena	git-gat
2024-05-29 10:35:41	galaxyproject	training-material
2024-05-29 10:21:19	galaxyproject	training-material
2024-05-29 09:56:25	ubinfie	ubinfie.github.io
2024-05-29 09:55:41	ammaraziz	ubinfie.github.io
2024-05-29 09:47:15	ammaraziz	ubinfie.github.io
2024-05-29 08:15:44	vladvisan	training-material
2024-05-29 08:05:41	galaxyproject	training-material
2024-05-29 08:05:32	vladvisan	training-material
2024-05-29 07:27:01	vladvisan	training-material
2024-05-27 07:23:35	galaxyproject	training-material
2024-05-27 07:23:26	galaxyproject	training-material
2024-05-27 07:23:09	galaxyproject	training-material
2024-05-24 15:55:07	galaxyproject	ansible-postgresql
2024-05-24 09:22:40	galaxyproject	training-material
2024-05-23 14:04:46	galaxyproject	training-material
2024-05-23 13:55:59	shiltemann	training-material
2024-05-23 13:34:14	shiltemann	training-material
2024-05-23 13:30:54	shiltemann	training-material
2024-05-23 13:21:13	shiltemann	training-material
2024-05-22 18:23:59	shiltemann	training-material
2024-05-22 16:26:31	shiltemann	training-material
2024-05-22 16:22:46	shiltemann	training-material
2024-05-22 15:38:32	shiltemann	training-material
2024-05-22 14:50:21	shiltemann	training-material
2024-05-22 12:20:49	shiltemann	training-material
2024-05-22 11:39:11	shiltemann	training-material
2024-05-22 11:35:05	shiltemann	training-material
2024-05-22 09:48:11	shiltemann	training-material
2024-05-22 09:43:28	shiltemann	training-material
2024-05-22 08:29:18	galaxyproject	ansible-cvmfs
2024-05-22 08:28:36	galaxyproject	ansible-cvmfs
2024-05-22 08:14:54	galaxyproject	gxadmin
2024-05-21 11:34:29	hexylena	hexylena.github.io
2024-05-21 11:34:27	shiltemann	recipes
2024-05-16 15:19:22	galaxyproject	training-material
2024-05-16 14:36:24	galaxyproject	training-material
2024-05-16 08:37:14	galaxyproject	training-material
2024-05-16 08:27:47	sebastian-schaaf	training-material
2024-05-16 08:17:45	sebastian-schaaf	training-material
2024-05-16 08:15:31	sebastian-schaaf	training-material
2024-05-16 08:10:59	sebastian-schaaf	training-material
2024-05-13 14:39:23	galaxyproject	training-material
2024-05-13 14:24:29	nomadscientist	training-material
2024-05-13 14:16:11	nomadscientist	training-material
2024-05-13 14:10:31	nomadscientist	training-material
2024-05-13 14:00:37	nomadscientist	training-material
2024-05-13 13:23:28	shiltemann	training-material
2024-05-13 13:05:51	shiltemann	training-material
2024-05-13 12:41:45	galaxyproject	training-material
2024-05-13 10:36:03	galaxyproject	training-material
2024-05-13 10:31:32	galaxyproject	training-material
2024-05-13 10:26:12	galaxyproject	training-material
2024-05-13 09:11:22	galaxyproject	training-material
2024-05-13 07:03:48	galaxyproject	training-material
2024-05-11 10:37:24	shiltemann	3d-printing
2024-05-10 07:29:37	Adamtaranto	training-material
2024-05-08 13:54:08	galaxyproject	training-material
2024-05-08 11:22:46	usegalaxy-eu	infrastructure-playbook
2024-05-08 08:16:39	galaxyproject	training-material
2024-05-07 14:56:07	galaxyproject	training-material
2024-05-07 10:45:18	galaxyproject	training-material
2024-05-07 09:38:50	galaxyproject	training-material
2024-05-07 09:15:07	galaxyproject	training-material
2024-05-06 09:43:52	hexylena	movie-club-bot
2024-05-03 12:26:51	galaxyproject	training-material
2024-05-03 12:23:14	galaxyproject	training-material
2024-05-03 12:01:41	galaxyproject	training-material
2024-04-30 07:09:25	galaxyproject	training-material
2024-04-30 06:55:12	galaxyproject	training-material
2024-04-29 08:00:52	galaxyproject	training-material
2024-04-29 07:27:44	galaxyproject	training-material
2024-04-25 09:59:11	galaxyproject	training-material
2024-04-25 09:34:15	hexylena	solvespace-web
2024-04-24 17:27:58	galaxyproject	training-material
2024-04-24 08:40:30	galaxy-genome-annotation	gff-survey
2024-04-24 08:35:22	galaxy-genome-annotation	gff-survey
2024-04-24 08:11:21	galaxyproject	training-material
2024-04-23 13:13:46	galaxyproject	training-material
2024-04-22 11:11:49	galaxyproject	training-material
2024-04-22 10:39:55	galaxyproject	training-material
2024-04-22 10:38:05	shiltemann	training-material
2024-04-22 09:52:34	galaxyproject	training-material
2024-04-22 09:30:55	galaxyproject	training-material
2024-04-22 09:21:55	galaxyproject	training-material
2024-04-22 07:48:07	Adamtaranto	training-material
2024-04-22 06:14:12	galaxyproject	ansible-postgresql
2024-04-22 06:14:10	galaxyproject	ansible-postgresql
2024-04-19 12:44:30	shiltemann	training-material
2024-04-19 11:31:02	shiltemann	training-material
2024-04-19 10:16:26	shiltemann	training-material
2024-04-19 07:31:26	galaxyproject	training-material
2024-04-17 23:45:50	usegalaxy-eu	shared-data
2024-04-17 16:10:26	galaxyproject	ansible-galaxy
2024-04-17 15:45:28	shiltemann	training-material
2024-04-17 15:44:25	shiltemann	training-material
2024-04-17 15:27:25	shiltemann	training-material
2024-04-17 13:53:34	galaxyproject	training-material
2024-04-17 13:04:05	galaxyproject	training-material
2024-04-17 07:41:02	galaxyproject	tiaas2
2024-04-16 16:52:42	galaxyproject	gxadmin
2024-04-16 15:06:21	galaxyproject	ansible-galaxy
2024-04-16 14:55:45	galaxyproject	training-material
2024-04-16 13:59:50	shiltemann	training-material
2024-04-16 12:23:23	galaxyproject	training-material
2024-04-16 12:13:21	shiltemann	training-material
2024-04-16 12:07:20	shiltemann	training-material
2024-04-16 12:06:52	shiltemann	training-material
2024-04-16 11:58:26	dometto	ansible-galaxy
2024-04-16 11:45:01	galaxyproject	gxadmin
2024-04-16 09:32:40	Adamtaranto	training-material
2024-04-16 09:25:48	galaxyproject	training-material
2024-04-16 09:19:25	Adamtaranto	training-material
2024-04-16 08:35:01	galaxyproject	training-material
2024-04-16 08:31:19	tvedtees	training-material
2024-04-16 08:23:25	tvedtees	training-material
2024-04-16 08:17:57	tvedtees	training-material
2024-04-16 07:24:21	shiltemann	training-material
2024-04-16 07:11:48	shiltemann	training-material
2024-04-15 16:07:15	shiltemann	training-material
2024-04-15 15:29:15	shiltemann	training-material
2024-04-15 13:47:56	shiltemann	training-material
2024-04-15 12:05:10	ubinfie	ubinfie.github.io
2024-04-15 11:45:54	shiltemann	training-material
2024-04-15 11:12:53	shiltemann	training-material
2024-04-15 10:48:31	shiltemann	training-material
2024-04-15 09:11:16	ubinfie	ubinfie.github.io
2024-04-15 08:59:43	ubinfie	ubinfie.github.io
2024-04-12 10:44:29	galaxyproject	training-material
2024-04-12 10:35:01	galaxyproject	training-material
2024-04-12 10:32:09	galaxyproject	training-material
2024-04-12 08:48:13	galaxyproject	training-material
2024-04-10 23:45:44	usegalaxy-eu	shared-data
2024-04-10 13:24:50	galaxyproject	training-material
2024-04-10 11:49:03	galaxyproject	training-material
2024-04-10 10:39:39	AnnaSyme	training-material
2024-04-10 10:30:28	AnnaSyme	training-material
2024-04-10 10:25:14	AnnaSyme	training-material
2024-04-10 10:22:46	AnnaSyme	training-material
2024-04-10 10:06:42	ubinfie	ubinfie.github.io
2024-04-10 10:06:26	ubinfie	ubinfie.github.io
2024-04-10 05:46:45	ubinfie	ubinfie.github.io
2024-04-09 11:16:49	ubinfie	ubinfie.github.io
2024-04-09 08:35:56	ubinfie	ubinfie.github.io
2024-04-09 08:07:38	galaxyproject	ansible-galaxy
2024-04-08 07:53:08	ubinfie	ubinfie.github.io
2024-04-08 07:52:31	ubinfie	ubinfie.github.io
2024-04-05 11:41:22	bgruening	galaxy_ie_helpers
2024-04-05 10:19:59	ubinfie	ubinfie.github.io
2024-04-05 10:01:25	ubinfie	ubinfie.github.io
2024-04-05 09:37:05	hexylena	pathogen-genomics-march-2024
2024-04-05 08:59:53	Camila-goclowski	training-material
2024-04-04 13:14:48	Adamtaranto	training-material
2024-04-04 12:50:29	galaxyproject	training-material
2024-04-04 12:47:53	Adamtaranto	training-material
2024-04-04 12:35:11	Adamtaranto	training-material
2024-04-04 12:34:03	galaxyproject	training-material
2024-04-04 12:11:39	nomadscientist	training-material
2024-04-04 11:51:38	ubinfie	ubinfie.github.io
2024-04-04 11:43:51	ubinfie	ubinfie.github.io
2024-04-04 11:41:54	nomadscientist	training-material
2024-04-04 10:53:08	galaxyproject	training-material
2024-04-04 10:51:58	Adamtaranto	training-material
2024-04-03 12:39:14	galaxyproject	training-material
2024-04-03 11:57:01	ubinfie	ubinfie.github.io
2024-04-03 11:32:14	ubinfie	ubinfie.github.io
2024-04-03 11:09:44	galaxyproject	training-material
2024-04-03 11:03:45	galaxyproject	training-material
2024-04-03 10:33:21	galaxyproject	training-material
2024-04-03 10:20:29	galaxyproject	training-material
2024-04-03 10:13:50	galaxyproject	training-material
2024-04-03 10:00:21	galaxyproject	training-material
2024-04-03 09:49:44	galaxyproject	training-material
2024-04-03 09:42:19	ubinfie	ubinfie.github.io
2024-04-03 09:37:51	galaxyproject	training-material
2024-04-02 13:37:43	galaxyproject	tiaas2
2024-04-02 12:59:20	ubinfie	ubinfie.github.io
2024-04-02 12:57:35	ubinfie	ubinfie.github.io
2024-04-02 11:03:22	ubinfie	ubinfie.github.io
2024-04-02 10:57:50	ubinfie	ubinfie.github.io
2024-04-02 10:56:14	ubinfie	ubinfie.github.io
2024-04-02 10:52:27	ubinfie	ubinfie.github.io
2024-04-02 10:49:05	ubinfie	ubinfie.github.io
2024-04-02 10:32:42	ubinfie	ubinfie.github.io
2024-04-02 10:11:57	ubinfie	ubinfie.github.io
2024-04-02 09:51:41	ubinfie	ubinfie.github.io
2024-04-02 09:39:46	ubinfie	ubinfie.github.io
2024-04-02 08:14:04	galaxyproject	training-material
2024-04-02 07:53:41	galaxyproject	gxadmin
2024-04-02 07:50:00	ubinfie	ubinfie.github.io
2024-03-29 20:06:11	shiltemann	recipes
2024-03-29 20:05:34	shiltemann	recipes
2024-03-29 20:05:20	shiltemann	recipes
2024-03-29 07:59:25	galaxyproject	training-material
2024-03-29 06:46:26	hexylena	hexylena.github.io
2024-03-29 06:45:52	hexylena	hexylena.github.io
2024-03-28 14:24:09	galaxyproject	training-material
2024-03-28 14:15:19	galaxyproject	training-material
2024-03-28 14:01:44	galaxyproject	training-material
2024-03-28 13:52:13	galaxyproject	training-material
2024-03-28 13:18:33	ubinfie	ubinfie.github.io
2024-03-28 13:18:02	ubinfie	ubinfie.github.io
2024-03-28 10:45:21	ubinfie	ubinfie.github.io
2024-03-28 09:57:04	ubinfie	ubinfie.github.io
2024-03-28 09:49:36	ubinfie	ubinfie.github.io
2024-03-28 09:38:43	ubinfie	ubinfie.github.io
2024-03-28 08:31:21	galaxyproject	gxadmin
2024-03-27 20:56:23	ubinfie	ubinfie.github.io
2024-03-27 20:21:34	ubinfie	ubinfie.github.io
2024-03-27 13:49:23	galaxyproject	training-material
2024-03-27 12:54:03	galaxyproject	gxadmin
2024-03-27 10:47:31	galaxyproject	training-material
2024-03-27 10:27:07	galaxyproject	training-material
2024-03-27 10:27:01	galaxyproject	training-material
2024-03-27 10:26:48	galaxyproject	training-material
2024-03-27 10:02:56	galaxyproject	training-material
2024-03-27 09:51:36	galaxyproject	training-material
2024-03-27 09:25:50	galaxyproject	training-material
2024-03-26 09:56:26	usegalaxy-eu	infrastructure
2024-03-26 08:27:33	galaxyproject	training-material
2024-03-26 07:41:26	galaxyproject	training-material
2024-03-25 11:28:43	galaxyproject	training-material
2024-03-25 11:28:16	galaxyproject	training-material
2024-03-25 10:37:20	hexylena	gtn-dk-ts
2024-03-25 07:27:46	usegalaxy-eu	infrastructure
2024-03-24 16:09:18	hexylena	nl-cycling-data
2024-03-24 16:00:28	hexylena	nl-cycling-data
2024-03-24 15:59:32	hexylena	nl-cycling-data
2024-03-24 15:54:05	hexylena	nl-cycling-data
2024-03-24 15:42:06	hexylena	nl-cycling-data
2024-03-24 15:23:51	hexylena	nl-cycling-data
2024-03-21 14:43:25	galaxyproject	training-material
2024-03-21 14:34:51	galaxyproject	training-material
2024-03-21 14:31:46	galaxyproject	training-material
2024-03-21 14:19:53	galaxyproject	training-material
2024-03-21 14:13:20	galaxyproject	training-material
2024-03-21 13:55:41	nekrut	training-material
2024-03-21 13:39:26	wee-snufkin	training-material
2024-03-21 13:30:27	nekrut	training-material
2024-03-20 16:52:48	galaxyproject	training-material
2024-03-20 11:57:30	Marie59	training-material
2024-03-20 09:07:33	Marie59	training-material
2024-03-20 09:03:33	Marie59	training-material
2024-03-19 15:05:34	hexylena	gtn-dk-ts
2024-03-19 14:39:19	hexylena	gtn-dk-ts
2024-03-19 14:34:17	hexylena	gtn-dk-ts
2024-03-19 14:32:53	hexylena	ptdk-ts
2024-03-19 13:49:11	hexylena	ptdk-ts
2024-03-19 13:32:18	hexylena	ptdk-ts
2024-03-19 11:00:39	hexylena	ptdk-ts
2024-03-19 09:18:50	galaxyproject	training-material
2024-03-19 08:42:40	galaxyproject	tiaas2
2024-03-18 17:02:55	galaxyproject	training-material
2024-03-18 14:49:07	hexylena	ptdk-ts
2024-03-18 13:26:39	hexylena	ptdk-ts
2024-03-18 13:23:31	galaxyproject	training-material
2024-03-18 13:22:44	hexylena	ptdk-ts
2024-03-18 11:47:04	hexylena	project-management
2024-03-18 11:28:48	hexylena	git-gat
2024-03-18 11:28:47	hexylena	git-gat
2024-03-18 11:27:47	galaxyproject	training-material
2024-03-18 11:13:22	hexylena	git-gat
2024-03-18 11:05:36	galaxyproject	training-material
2024-03-18 10:44:58	galaxyproject	training-material
2024-03-18 10:42:15	Adamtaranto	training-material
2024-03-18 10:31:33	Adamtaranto	training-material
2024-03-18 09:38:14	Adamtaranto	training-material
2024-03-18 09:32:59	Adamtaranto	training-material
2024-03-18 09:09:46	galaxyproject	training-material
2024-03-18 09:06:06	galaxyproject	training-material
2024-03-15 14:19:04	galaxyproject	gxadmin
2024-03-15 12:07:56	galaxyproject	ansible-tiaas2
2024-03-13 17:05:50	galaxyproject	training-material
2024-03-13 16:44:10	galaxyproject	training-material
2024-03-13 16:19:14	galaxyproject	training-material
2024-03-12 15:03:49	gallardoalba	training-material
2024-03-12 14:56:45	galaxyproject	training-material
2024-03-11 10:08:27	hexylena	movie-club-bot
2024-03-08 14:18:20	galaxyproject	training-material
2024-03-08 14:10:25	galaxyproject	training-material
2024-03-08 14:05:19	galaxyproject	training-material
2024-03-08 13:56:30	galaxyproject	training-material
2024-03-08 11:10:31	hexylena	sentry-journald
2024-03-08 11:06:14	hexylena	sentry-journald
2024-03-08 10:47:16	hexylena	sentry-journald
2024-03-08 10:44:54	hexylena	sentry-journald
2024-03-08 10:13:25	hexylena	sentry-journald
2024-03-08 10:11:37	hexylena	sentry-journald
2024-03-08 09:18:39	Adamtaranto	training-material
2024-03-08 09:14:55	nomadscientist	training-material
2024-03-08 08:51:05	galaxyproject	training-material
2024-03-07 13:49:48	galaxyproject	training-material
2024-03-07 07:50:34	galaxyproject	training-material
2024-03-07 00:45:20	usegalaxy-eu	shared-data
2024-03-06 21:38:52	hexylena	sentry-journald
2024-03-06 21:37:49	hexylena	sentry-journald
2024-03-06 20:56:59	hexylena	sentry-journald
2024-03-06 20:36:53	hexylena	sentry-journald
2024-03-06 20:29:15	hexylena	sentry-journald
2024-03-06 14:19:58	galaxyproject	training-material
2024-03-06 13:36:36	hexylena	sentry-journald
2024-03-06 13:02:55	hexylena	sentry-journald
2024-03-06 12:51:19	hexylena	sentry-journald
2024-03-06 12:46:08	hexylena	sentry-journald
2024-03-06 08:52:19	galaxyproject	training-material
2024-03-06 08:37:48	galaxyproject	training-material
2024-03-05 15:40:08	galaxyproject	training-material
2024-03-05 13:33:14	galaxyproject	training-material
2024-03-05 13:32:24	galaxyproject	training-material
2024-03-05 13:26:10	galaxyproject	training-material
2024-03-05 13:24:08	galaxyproject	training-material
2024-03-05 13:19:10	galaxyproject	training-material
2024-03-05 10:52:52	galaxyproject	training-material
2024-03-05 10:50:45	galaxyproject	training-material
2024-03-04 16:18:25	galaxyproject	training-material
2024-03-04 15:18:05	galaxyproject	training-material
2024-03-04 14:16:29	galaxyproject	training-material
2024-03-04 11:13:29	galaxyproject	training-material
2024-03-04 11:07:13	galaxyproject	training-material
2024-03-04 11:03:59	galaxyproject	training-material
2024-03-04 10:00:14	hexylena	git-gat
2024-03-04 10:00:13	hexylena	git-gat
2024-03-04 09:59:28	galaxyproject	training-material
2024-03-04 09:47:24	hexylena	git-gat
2024-03-04 09:45:04	hexylena	git-gat
2024-03-04 09:44:10	galaxyproject	training-material
2024-03-04 09:38:39	galaxyproject	training-material
2024-03-04 09:29:06	galaxyproject	training-material
2024-03-04 09:16:01	galaxyproject	training-material
2024-03-04 09:14:01	hexylena	git-gat
2024-03-04 08:55:29	galaxyproject	training-material
2024-03-01 17:44:56	hexylena	git-gat
2024-03-01 17:44:12	galaxyproject	training-material
2024-03-01 17:24:31	hexylena	git-gat
2024-03-01 17:23:45	galaxyproject	training-material
2024-03-01 15:53:25	hexylena	git-gat
2024-03-01 15:53:04	galaxyproject	training-material
2024-03-01 15:43:34	galaxyproject	training-material
2024-02-29 13:08:37	galaxyproject	training-material
2024-02-29 12:30:10	galaxyproject	training-material
2024-02-29 12:21:52	galaxyproject	training-material
2024-02-29 12:03:08	galaxyproject	training-material
2024-02-29 12:01:12	galaxyproject	training-material
2024-02-29 11:26:49	galaxyproject	tiaas2
2024-02-29 10:58:56	galaxyproject	training-material
2024-02-28 18:42:35	hexylena	movie-club-bot
2024-02-28 17:29:01	hexylena	dotfiles
2024-02-28 14:40:56	galaxyproject	training-material
2024-02-28 08:54:31	galaxyproject	training-material
2024-02-27 10:22:40	ErasmusMC-Bioinformatics	infrastructure
2024-02-27 10:20:37	ErasmusMC-Bioinformatics	infrastructure
2024-02-26 15:19:22	galaxyproject	training-material
2024-02-26 13:45:58	hexylena	thesis
2024-02-26 08:55:35	galaxyproject	training-material
2024-02-25 19:10:02	hexylena	bin
2024-02-24 16:32:03	hexylena	dotfiles
2024-02-23 08:32:30	galaxy-genome-annotation	docker-chado
2024-02-23 08:32:13	galaxy-genome-annotation	docker-chado
2024-02-22 14:24:19	usegalaxy-eu	infrastructure
2024-02-22 13:53:42	hexylena	thesis
2024-02-22 12:42:54	galaxy-genome-annotation	docker-chado
2024-02-22 12:36:33	galaxy-genome-annotation	docker-chado
2024-02-22 12:28:50	galaxy-genome-annotation	docker-chado
2024-02-22 12:27:53	galaxy-genome-annotation	docker-chado
2024-02-22 12:21:32	galaxy-genome-annotation	docker-chado
2024-02-22 12:19:55	galaxy-genome-annotation	docker-chado
2024-02-22 11:46:17	galaxy-genome-annotation	docker-chado
2024-02-22 11:35:00	galaxyproject	training-material
2024-02-22 11:08:36	galaxyproject	training-material
2024-02-22 10:49:05	galaxyproject	training-material
2024-02-22 10:46:32	galaxyproject	training-material
2024-02-22 10:43:05	galaxyproject	training-material
2024-02-22 10:41:34	galaxyproject	training-material
2024-02-22 10:30:25	galaxyproject	training-material
2024-02-22 10:28:21	galaxyproject	training-material
2024-02-22 00:45:19	usegalaxy-eu	shared-data
2024-02-21 16:33:46	hexylena	thesis
2024-02-21 15:38:43	galaxyproject	training-material
2024-02-21 14:08:34	galaxyproject	training-material
2024-02-21 12:23:54	hexylena	movie-club-bot
2024-02-21 12:11:29	hexylena	movie-club-bot
2024-02-21 09:15:28	galaxyproject	training-material
2024-02-21 09:15:22	galaxyproject	training-material
2024-02-20 09:45:19	galaxy-genome-annotation	galaxy-tools
2024-02-19 17:19:11	galaxyproject	training-material
2024-02-19 17:15:27	galaxyproject	training-material
2024-02-19 16:38:32	galaxyproject	training-material
2024-02-19 14:20:49	galaxyproject	training-material
2024-02-19 14:07:37	galaxyproject	training-material
2024-02-19 14:04:31	galaxyproject	training-material
2024-02-19 09:57:23	galaxyproject	training-material
2024-02-16 13:19:01	hexylena	thesis
2024-02-16 09:10:10	galaxyproject	ansible-galaxy
2024-02-15 15:58:23	galaxyproject	training-material
2024-02-15 09:06:43	galaxyproject	training-material
2024-02-15 09:06:06	abretaud	tools-iuc
2024-02-14 10:01:14	galaxyproject	training-material
2024-02-14 09:17:01	galaxyproject	tiaas2
2024-02-13 15:09:21	galaxyproject	training-material
2024-02-13 14:48:04	hexylena	hexylena.github.io
2024-02-13 14:03:21	galaxyproject	training-material
2024-02-13 11:06:28	galaxyproject	training-material
2024-02-13 10:59:44	hexylena	git-gat
2024-02-12 15:52:27	galaxyproject	training-material
2024-02-12 13:08:46	galaxyproject	training-material
2024-02-12 12:40:04	subinamehta	training-material
2024-02-12 11:48:40	hexylena	thesis
2024-02-12 08:33:45	galaxyproject	training-material
2024-02-12 08:31:14	galaxyproject	training-material
2024-02-08 09:39:27	galaxyproject	tiaas2
2024-02-07 12:11:47	galaxyproject	training-material
2024-02-06 14:32:08	hexylena	galaxy-calendar-subsets
2024-02-06 14:30:15	hexylena	galaxy-calendar-subsets
2024-02-06 08:56:12	hexylena	hexylena.github.io
2024-02-06 08:50:19	galaxyproject	ansible-galaxy
2024-02-06 08:47:39	galaxyproject	training-material
2024-02-05 15:31:34	galaxyproject	training-material
2024-02-05 15:13:58	galaxyproject	training-material
2024-02-05 14:25:53	galaxyproject	training-material
2024-02-05 11:13:39	galaxyproject	training-material
2024-02-05 08:23:28	galaxyproject	training-material
2024-02-01 12:54:29	hexylena	thesis
2024-02-01 11:46:58	galaxyproject	training-material
2024-02-01 10:48:20	hexylena	git-gat
2024-02-01 10:04:57	galaxyproject	training-material
2024-02-01 10:03:08	galaxyproject	training-material
2024-01-31 18:50:27	hexylena	movie-club-bot
2024-01-31 17:04:25	galaxyproject	oembed
2024-01-31 16:47:42	galaxyproject	oembed
2024-01-31 16:40:04	hexylena	git-gat
2024-01-31 16:33:51	galaxyproject	training-material
2024-01-31 16:33:10	hexylena	git-gat
2024-01-31 16:32:27	galaxyproject	training-material
2024-01-31 11:18:20	galaxyproject	training-material
2024-01-31 11:13:01	galaxyproject	oembed
2024-01-31 11:12:29	galaxyproject	oembed
2024-01-31 11:12:08	galaxyproject	oembed
2024-01-31 11:08:55	galaxyproject	oembed
2024-01-31 11:02:29	galaxyproject	oembed
2024-01-31 10:25:27	galaxy-genome-annotation	python-apollo
2024-01-31 10:24:32	galaxy-genome-annotation	python-apollo
2024-01-31 10:23:55	galaxy-genome-annotation	python-apollo
2024-01-31 10:21:39	galaxy-genome-annotation	python-apollo
2024-01-31 10:20:04	galaxy-genome-annotation	python-apollo
2024-01-31 10:12:43	galaxy-genome-annotation	python-apollo
2024-01-31 10:09:16	galaxy-genome-annotation	python-apollo
2024-01-31 10:08:03	galaxy-genome-annotation	python-apollo
2024-01-31 09:49:14	galaxy-genome-annotation	python-apollo
2024-01-31 09:40:41	galaxyproject	training-material
2024-01-30 17:16:57	galaxyproject	oembed
2024-01-30 16:49:41	galaxyproject	oembed
2024-01-30 16:45:36	galaxyproject	oembed
2024-01-30 16:33:03	galaxyproject	oembed
2024-01-30 16:31:33	galaxyproject	oembed
2024-01-30 16:24:30	galaxyproject	oembed
2024-01-30 16:11:53	galaxyproject	oembed
2024-01-30 16:08:49	hexylena	hexylena.github.io
2024-01-30 13:35:38	usegalaxy-eu	infrastructure
2024-01-30 10:12:07	galaxyproject	training-material
2024-01-30 08:33:19	galaxyproject	gxadmin
2024-01-29 14:30:14	usegalaxy-eu	infrastructure
2024-01-29 13:44:12	usegalaxy-eu	infrastructure
2024-01-29 13:43:39	galaxyproject	training-material
2024-01-29 13:37:19	galaxyproject	training-material
2024-01-29 13:34:55	galaxyproject	training-material
2024-01-29 13:31:47	galaxyproject	training-material
2024-01-29 13:30:33	galaxyproject	training-material
2024-01-29 11:04:34	abretaud	tools-iuc
2024-01-29 10:54:45	abretaud	tools-iuc
2024-01-29 10:32:36	galaxyproject	training-material
2024-01-26 15:44:55	galaxyproject	training-material
2024-01-26 15:40:45	abretaud	tools-iuc
2024-01-26 15:08:13	abretaud	tools-iuc
2024-01-26 13:11:40	galaxyproject	training-material
2024-01-25 12:35:20	hexylena	project-management
2024-01-25 12:13:29	galaxyproject	gxadmin
2024-01-25 12:12:25	galaxyproject	gxadmin
2024-01-25 00:45:06	usegalaxy-eu	shared-data
2024-01-24 12:59:56	usegalaxy-eu	infrastructure
2024-01-23 14:11:56	bebatut	training-material
2024-01-23 14:08:19	bebatut	training-material
2024-01-23 14:02:50	galaxyproject	training-material
2024-01-23 11:27:53	galaxyproject	training-material
2024-01-23 10:55:08	ElectronicBlueberry	training-material
2024-01-23 10:31:29	ElectronicBlueberry	training-material
2024-01-22 10:27:16	galaxyproject	training-material
2024-01-22 10:26:23	galaxyproject	training-material
2024-01-22 10:21:30	galaxyproject	gxadmin
2024-01-22 10:21:19	mvdbeek	gxadmin
2024-01-22 10:17:26	mvdbeek	gxadmin
2024-01-22 08:58:42	galaxyproject	training-material
2024-01-22 08:57:57	galaxyproject	training-material
2024-01-19 19:50:18	galaxyproject	training-material
2024-01-19 15:13:36	galaxyproject	training-material
2024-01-18 18:25:02	galaxyproject	training-material
2024-01-18 16:00:15	galaxyproject	training-material
2024-01-18 15:00:00	galaxyproject	training-material
2024-01-18 14:40:29	galaxyproject	training-material
2024-01-18 13:07:06	galaxyproject	training-material
2024-01-18 11:20:51	usegalaxy-eu	infrastructure
2024-01-18 10:17:44	usegalaxy-eu	infrastructure
2024-01-18 00:45:05	usegalaxy-eu	shared-data
2024-01-15 18:36:40	hexylena	project-management
2024-01-15 15:08:41	hexylena	thesis
2024-01-15 09:33:11	galaxyproject	training-material
2024-01-14 00:57:54	hexylena	project-management
2024-01-14 00:30:49	hexylena	project-management
2024-01-11 11:40:03	bebatut	training-material
2024-01-11 00:45:05	usegalaxy-eu	shared-data
2024-01-10 17:15:49	galaxyproject	training-material
2024-01-10 14:54:53	hexylena	thesis
2024-01-10 09:29:20	galaxyproject	training-material
2024-01-10 09:21:38	galaxyproject	training-material
2024-01-10 09:18:32	galaxyproject	training-material
2024-01-10 09:04:17	galaxyproject	training-material
2024-01-10 09:03:52	galaxyproject	training-material
2024-01-09 15:50:41	hexylena	project-management
2024-01-09 13:07:22	hexylena	project-management
2024-01-09 10:52:17	galaxyproject	training-material
2024-01-09 09:22:30	galaxyproject	training-material
2024-01-08 12:45:48	wee-snufkin	training-material
2024-01-08 11:21:05	galaxyproject	training-material
2024-01-08 11:01:50	ColineRoyaux	training-material
2024-01-08 11:01:01	galaxyproject	training-material
2024-01-08 10:03:35	wee-snufkin	training-material
2024-01-08 09:57:37	ColineRoyaux	training-material
2024-01-08 09:55:34	galaxyproject	training-material
2024-01-08 09:55:02	ColineRoyaux	training-material
2024-01-08 09:45:04	wee-snufkin	training-material
2024-01-08 09:39:59	galaxyproject	training-material
2024-01-08 09:35:22	galaxyproject	ansible-postgresql
2024-01-08 09:34:15	galaxyproject	gxadmin
2024-01-08 09:33:50	galaxyproject	tiaas2
2024-01-04 13:10:28	usegalaxy-eu	infrastructure
2024-01-04 04:59:07	usegalaxy-eu	infrastructure
2024-01-04 04:49:08	usegalaxy-eu	infrastructure
2024-01-03 18:52:40	hexylena	movie-club-bot
2024-01-03 18:47:56	hexylena	movie-club-bot
2024-01-03 18:45:52	hexylena	movie-club-bot
2024-01-03 18:42:37	hexylena	movie-club-bot
2023-12-25 12:02:09	shiltemann	recipes
2023-12-22 13:21:27	hexylena	project-management
2023-12-21 13:51:02	shiltemann	recipes
2023-12-21 11:48:59	galaxyproject	training-material
2023-12-21 11:35:13	galaxyproject	training-material
2023-12-21 11:29:47	galaxyproject	training-material
2023-12-21 11:28:00	galaxyproject	training-material
2023-12-20 15:26:14	galaxyproject	training-material
2023-12-20 14:07:50	galaxyproject	training-material
2023-12-20 13:27:06	hexylena	git-gat
2023-12-20 13:26:16	hexylena	git-gat
2023-12-20 13:26:16	galaxyproject	training-material
2023-12-20 13:25:34	galaxyproject	training-material
2023-12-20 13:23:09	galaxyproject	galaxy-hub
2023-12-20 12:25:49	hexylena	bin
2023-12-20 12:07:04	hexylena	git-gat
2023-12-20 12:06:26	galaxyproject	training-material
2023-12-20 12:03:01	hexylena	git-gat
2023-12-20 12:02:16	galaxyproject	training-material
2023-12-20 11:58:18	hexylena	git-gat
2023-12-20 11:58:17	hexylena	git-gat
2023-12-20 11:57:14	galaxyproject	training-material
2023-12-20 11:54:34	hexylena	git-gat
2023-12-20 11:53:55	galaxyproject	training-material
2023-12-20 11:45:53	galaxyproject	training-material
2023-12-20 11:43:47	galaxyproject	training-material
2023-12-20 11:41:40	galaxyproject	training-material
2023-12-20 11:28:51	galaxyproject	training-material
2023-12-20 11:11:02	galaxyproject	training-material
2023-12-19 16:12:39	galaxyproject	training-material
2023-12-19 15:25:16	galaxyproject	training-material
2023-12-19 14:30:13	galaxyproject	training-material
2023-12-19 13:44:22	galaxyproject	training-material
2023-12-19 13:40:36	galaxyproject	training-material
2023-12-19 11:58:30	galaxyproject	training-material
2023-12-19 11:47:07	galaxyproject	training-material
2023-12-18 16:00:45	galaxyproject	training-material
2023-12-18 15:55:44	galaxyproject	training-material
2023-12-18 15:50:58	galaxyproject	training-material
2023-12-18 15:48:19	galaxyproject	training-material
2023-12-18 13:13:29	galaxyproject	gxadmin
2023-12-18 12:44:04	galaxy-genome-annotation	gff-survey
2023-12-18 10:49:33	galaxyproject	ansible-gxadmin
2023-12-18 10:46:51	galaxyproject	training-material
2023-12-18 10:42:31	galaxyproject	training-material
2023-12-17 15:30:47	hexylena	link-thingetje
2023-12-15 12:15:25	galaxyproject	gxadmin
2023-12-15 10:17:38	lldelisle	gxadmin
2023-12-15 09:54:53	galaxyproject	ansible-gxadmin
2023-12-15 09:48:55	galaxyproject	ansible-gxadmin
2023-12-14 15:47:59	galaxyproject	training-material
2023-12-14 15:47:17	wee-snufkin	training-material
2023-12-14 15:44:23	galaxyproject	training-material
2023-12-14 15:41:11	wee-snufkin	training-material
2023-12-14 15:30:54	galaxyproject	training-material
2023-12-14 15:28:06	galaxyproject	training-material
2023-12-14 15:12:37	galaxyproject	training-material
2023-12-14 14:52:01	galaxyproject	training-material
2023-12-14 08:30:42	galaxyproject	training-material
2023-12-14 08:28:30	hujambo-dunia	training-material
2023-12-14 00:45:01	usegalaxy-eu	shared-data
2023-12-14 00:38:45	hexylena	shcd-map
2023-12-14 00:35:00	hexylena	shcd-map
2023-12-14 00:34:37	hexylena	shcd-map
2023-12-13 15:16:13	galaxyproject	training-material
2023-12-13 09:49:00	hexylena	movie-club-bot
2023-12-12 09:19:58	galaxyproject	training-material
2023-12-12 09:19:50	galaxyproject	training-material
2023-12-12 09:11:41	galaxyproject	training-material
2023-12-12 09:09:48	galaxyproject	training-material
2023-12-12 09:08:09	galaxyproject	training-material
2023-12-12 09:06:29	galaxyproject	training-material
2023-12-12 09:03:49	galaxyproject	training-material
2023-12-12 08:59:50	galaxyproject	training-material
2023-12-12 08:51:42	galaxyproject	training-material
2023-12-11 15:08:24	galaxyproject	ansible-gxadmin
2023-12-11 14:50:32	galaxyproject	ansible-gxadmin
2023-12-11 10:30:47	galaxyproject	training-material
2023-12-09 10:42:22	hexylena	hexylena.github.io
2023-12-07 16:58:52	hexylena	galaxy-workflow-trace
2023-12-07 16:46:29	hexylena	project-management
2023-12-07 14:42:00	hexylena	link-thingetje
2023-12-07 11:26:07	hexylena	thesis
2023-12-07 09:42:04	galaxyproject	training-material
2023-12-06 19:55:12	hexylena	movie-club-bot
2023-12-06 19:45:57	hexylena	movie-club-bot
2023-12-06 19:43:25	hexylena	movie-club-bot
2023-12-06 19:31:32	hexylena	movie-club-bot
2023-12-06 13:14:51	hexylena	galaxy-workflow-trace
2023-12-06 13:01:37	hexylena	galaxy-workflow-trace
2023-12-06 11:22:11	hexylena	galaxy-workflow-trace
2023-12-06 11:20:33	hexylena	galaxy-workflow-trace
2023-12-06 11:18:41	hexylena	galaxy-workflow-trace
2023-12-06 09:17:35	galaxyproject	training-material
2023-12-06 09:16:19	galaxyproject	training-material
2023-12-06 08:35:23	galaxyproject	ansible-galaxy
2023-12-05 17:05:37	hexylena	link-thingetje
2023-12-05 14:37:39	galaxyproject	training-material
2023-12-05 14:29:09	galaxyproject	training-material
2023-12-05 14:27:55	galaxyproject	training-material
2023-12-05 09:25:21	hexylena	project-management
2023-12-05 09:24:12	hexylena	project-management
2023-12-04 12:45:00	bgruening	galaxytools
2023-12-02 14:23:27	hexylena	link-thingetje
2023-12-02 14:18:26	hexylena	link-thingetje
2023-12-02 13:57:59	hexylena	link-thingetje
2023-12-01 14:02:21	hexylena	movie-club-bot
2023-12-01 13:36:16	hexylena	movie-club-bot
2023-12-01 12:47:04	hexylena	movie-club-bot
2023-12-01 11:57:59	hexylena	movie-club-bot
2023-12-01 11:34:32	hexylena	movie-club-bot
2023-11-29 20:21:13	hexylena	movie-club-bot
2023-11-29 19:47:13	hexylena	movie-club-bot
2023-11-29 19:39:01	hexylena	movie-club-bot
2023-11-29 19:29:09	hexylena	movie-club-bot
2023-11-29 15:44:15	hexylena	dotfiles
2023-11-28 17:22:07	hexylena	movie-club-bot
2023-11-28 17:14:47	hexylena	movie-club-bot
2023-11-28 17:09:15	hexylena	movie-club-bot
2023-11-28 17:04:34	hexylena	movie-club-bot
2023-11-28 16:14:54	hexylena	movie-club-bot
2023-11-28 15:40:29	hexylena	movie-club-bot
2023-11-28 15:37:30	hexylena	movie-club-bot
2023-11-28 15:31:25	hexylena	movie-club-bot
2023-11-28 15:21:49	hexylena	movie-club-bot
2023-11-25 13:19:37	shiltemann	recipes
2023-11-25 13:13:15	shiltemann	recipes
2023-11-25 13:06:44	shiltemann	recipes
2023-11-25 12:13:30	shiltemann	recipes
2023-11-25 12:11:30	shiltemann	recipes
2023-11-24 15:24:21	galaxy-genome-annotation	apolpi
2023-11-24 15:22:34	galaxy-genome-annotation	apolpi
2023-11-24 14:43:38	galaxy-genome-annotation	apolpi
2023-11-24 14:39:09	galaxy-genome-annotation	apolpi
2023-11-23 15:02:16	galaxyproject	ansible-galaxy
2023-11-23 13:37:37	galaxyproject	ansible-galaxy
2023-11-23 09:10:36	hexylena	git-gat
2023-11-23 09:09:49	galaxyproject	training-material
2023-11-22 10:09:51	galaxyproject	training-material
2023-11-22 09:18:19	galaxyproject	training-material
2023-11-21 14:05:21	hexylena	git-gat
2023-11-21 13:59:31	galaxyproject	training-material
2023-11-20 12:33:58	galaxyproject	training-material
2023-11-20 11:24:06	galaxyproject	training-material
2023-11-20 11:07:22	galaxyproject	training-material
2023-11-20 11:06:19	galaxyproject	training-material
2023-11-20 11:00:36	galaxyproject	training-material
2023-11-20 10:55:42	galaxyproject	training-material
2023-11-20 10:54:30	galaxyproject	training-material
2023-11-20 10:50:18	galaxyproject	training-material
2023-11-20 08:25:06	galaxyproject	training-material
2023-11-20 08:24:52	galaxyproject	training-material
2023-11-18 07:18:28	usegalaxy-eu	usegalaxy-eu-tools
2023-11-17 08:51:08	galaxyproject	training-material
2023-11-16 13:56:44	korneelhens	training-material
2023-11-15 20:56:54	hexylena	movie-club-bot
2023-11-15 20:51:54	hexylena	movie-club-bot
2023-11-15 19:18:10	hexylena	movie-club-bot
2023-11-15 15:32:41	gallantries	video-library
2023-11-15 13:15:42	galaxyproject	galaxy-hub
2023-11-15 11:28:56	hexylena	git-gat
2023-11-15 11:18:55	galaxyproject	training-material
2023-11-15 11:16:23	galaxyproject	training-material
2023-11-15 09:42:26	galaxyproject	galaxy-hub
2023-11-15 09:38:28	galaxyproject	galaxy-hub
2023-11-14 14:48:03	galaxyproject	training-material
2023-11-14 10:49:16	galaxyproject	training-material
2023-11-14 10:06:26	hexylena	galaxy-data_source-examples
2023-11-14 10:05:09	hexylena	galaxy-data_source-examples
2023-11-11 15:43:51	shiltemann	recipes
2023-11-11 15:35:33	shiltemann	recipes
2023-11-11 14:47:59	shiltemann	recipes
2023-11-11 14:43:05	shiltemann	recipes
2023-11-11 13:58:16	shiltemann	recipes
2023-11-11 13:57:43	shiltemann	recipes
2023-11-11 13:52:37	shiltemann	recipes
2023-11-11 07:20:30	usegalaxy-eu	usegalaxy-eu-tools
2023-11-10 13:41:19	hexylena	pwdk
2023-11-09 16:38:03	hexylena	thesis
2023-11-08 16:10:35	galaxyproject	training-material
2023-11-08 16:09:25	hexylena	movie-club-bot
2023-11-08 15:52:19	hexylena	movie-club-bot
2023-11-08 15:42:39	hexylena	movie-club-bot
2023-11-08 15:31:32	hexylena	thesis
2023-11-07 09:30:33	hexylena	movie-club-bot
2023-11-07 09:30:16	hexylena	movie-club-bot
2023-11-07 09:30:13	hexylena	movie-club-bot
2023-11-06 16:53:31	usegalaxy-eu	infrastructure
2023-11-04 19:10:02	hexylena	selfd
2023-11-04 19:01:35	hexylena	selfd
2023-11-04 07:18:44	usegalaxy-eu	usegalaxy-eu-tools
2023-11-03 14:33:28	hexylena	git-gat
2023-11-03 14:00:57	galaxyproject	training-material
2023-11-03 13:39:36	galaxyproject	training-material
2023-11-03 13:35:12	galaxyproject	training-material
2023-11-03 13:33:40	galaxyproject	training-material
2023-11-03 10:12:24	galaxyproject	training-material
2023-11-03 10:12:03	galaxyproject	training-material
2023-11-02 17:32:49	galaxyproject	training-material
2023-11-02 17:29:03	galaxyproject	training-material
2023-11-02 17:26:09	galaxyproject	training-material
2023-11-02 17:18:05	galaxyproject	training-material
2023-11-02 17:12:29	galaxyproject	training-material
2023-11-02 15:44:39	hexylena	git-gat
2023-11-02 15:44:38	hexylena	git-gat
2023-11-02 15:43:53	galaxyproject	training-material
2023-11-02 14:58:21	hexylena	git-gat
2023-11-02 08:51:21	galaxyproject	training-material
2023-11-02 08:50:11	galaxyproject	training-material
2023-11-01 17:37:15	galaxyproject	training-material
2023-11-01 16:15:51	galaxyproject	training-material
2023-11-01 16:11:56	galaxyproject	training-material
2023-11-01 16:03:15	galaxyproject	training-material
2023-11-01 15:59:39	galaxyproject	training-material
2023-11-01 10:19:41	galaxyproject	training-material
2023-11-01 10:17:33	galaxyproject	training-material
2023-11-01 09:33:34	ErasmusMC-Bioinformatics	infrastructure
2023-11-01 09:29:51	ErasmusMC-Bioinformatics	infrastructure
2023-11-01 09:21:33	ErasmusMC-Bioinformatics	infrastructure
2023-11-01 09:19:44	ErasmusMC-Bioinformatics	infrastructure
2023-11-01 08:38:05	galaxyproject	training-material
2023-11-01 08:34:19	galaxyproject	training-material
2023-10-29 14:17:10	hexylena	selfd
2023-10-29 14:15:41	hexylena	selfd
2023-10-29 13:35:52	hexylena	selfd
2023-10-29 13:32:09	hexylena	selfd
2023-10-29 13:21:34	hexylena	selfd
2023-10-29 13:17:46	hexylena	selfd
2023-10-29 12:26:47	hexylena	selfd
2023-10-29 12:20:18	hexylena	selfd
2023-10-29 11:53:22	hexylena	selfd
2023-10-29 11:51:42	hexylena	selfd
2023-10-28 06:16:45	usegalaxy-eu	usegalaxy-eu-tools
2023-10-27 15:24:39	hexylena	selfd
2023-10-27 15:16:07	hexylena	selfd
2023-10-27 14:51:32	hexylena	selfd
2023-10-27 13:50:05	usegalaxy-eu	infrastructure
2023-10-27 12:35:59	shiltemann	recipes
2023-10-27 11:26:47	hexylena	selfd
2023-10-27 10:51:50	hexylena	selfd
2023-10-27 10:51:01	hexylena	selfd
2023-10-27 10:44:55	hexylena	selfd
2023-10-25 09:52:10	hexylena	movie-club-bot
2023-10-25 09:49:05	hexylena	movie-club-bot
2023-10-24 10:34:02	gallantries	statistics
2023-10-24 09:15:07	galaxyproject	gxadmin
2023-10-24 09:13:58	galaxyproject	gxadmin
2023-10-24 09:12:14	galaxyproject	training-material
2023-10-24 09:12:02	galaxyproject	training-material
2023-10-23 14:34:25	galaxyproject	training-material
2023-10-23 13:26:45	galaxyproject	training-material
2023-10-23 10:45:15	galaxyproject	training-material
2023-10-23 10:11:29	galaxyproject	training-material
2023-10-23 10:00:34	galaxyproject	training-material
2023-10-23 09:49:16	galaxyproject	training-material
2023-10-23 08:18:54	galaxyproject	training-material
2023-10-20 13:39:21	galaxyproject	training-material
2023-10-20 09:04:03	gallantries	statistics
2023-10-20 08:04:36	galaxyproject	training-material
2023-10-20 07:57:10	galaxyproject	training-material
2023-10-19 15:26:47	galaxyproject	training-material
2023-10-19 12:51:59	galaxyproject	training-material
2023-10-19 12:51:05	galaxyproject	training-material
2023-10-19 12:40:01	galaxyproject	training-material
2023-10-19 10:46:29	gallantries	statistics
2023-10-18 23:45:03	usegalaxy-eu	shared-data
2023-10-18 12:48:59	galaxyproject	training-material
2023-10-18 12:30:30	galaxyproject	training-material
2023-10-18 12:14:24	hexylena	dotfiles
2023-10-18 12:01:20	galaxyproject	training-material
2023-10-18 10:27:57	hexylena	git-gat
2023-10-18 10:27:09	galaxyproject	training-material
2023-10-18 10:24:15	galaxyproject	training-material
2023-10-18 10:22:35	galaxyproject	training-material
2023-10-17 11:56:42	ErasmusMC-Bioinformatics	infrastructure
2023-10-17 11:53:53	ErasmusMC-Bioinformatics	infrastructure
2023-10-17 11:51:23	hexylena	git-gat
2023-10-17 11:51:21	hexylena	git-gat
2023-10-17 11:50:31	galaxyproject	training-material
2023-10-17 11:44:02	hexylena	git-gat
2023-10-17 11:44:01	hexylena	git-gat
2023-10-17 11:43:16	galaxyproject	training-material
2023-10-17 11:27:05	hexylena	git-gat
2023-10-17 11:27:03	hexylena	git-gat
2023-10-17 11:26:09	galaxyproject	training-material
2023-10-17 11:24:06	hexylena	git-gat
2023-10-17 11:24:05	hexylena	git-gat
2023-10-17 11:23:20	galaxyproject	training-material
2023-10-17 11:16:19	hexylena	git-gat
2023-10-17 11:16:18	hexylena	git-gat
2023-10-17 11:15:36	galaxyproject	training-material
2023-10-17 11:05:11	hexylena	git-gat
2023-10-17 11:05:10	hexylena	git-gat
2023-10-17 11:04:49	hexylena	git-gat
2023-10-17 11:04:48	hexylena	git-gat
2023-10-17 11:04:30	galaxyproject	training-material
2023-10-17 11:03:55	galaxyproject	training-material
2023-10-17 10:39:55	hexylena	git-gat
2023-10-17 10:39:54	hexylena	git-gat
2023-10-17 10:39:05	galaxyproject	training-material
2023-10-16 13:20:08	curtisim0	tools-iuc
2023-10-16 09:52:44	curtisim0	tools-iuc
2023-10-16 09:27:37	curtisim0	tools-iuc
2023-10-16 09:24:44	galaxy-genome-annotation	gff-survey
2023-10-14 06:16:48	usegalaxy-eu	usegalaxy-eu-tools
2023-10-13 11:22:04	hexylena	git-gat
2023-10-13 08:59:05	galaxyproject	training-material
2023-10-13 08:28:26	galaxyproject	training-material
2023-10-12 13:19:09	galaxyproject	training-material
2023-10-12 13:18:49	nomadscientist	training-material
2023-10-12 12:48:40	galaxyproject	training-material
2023-10-11 19:38:58	hexylena	selfd
2023-10-11 17:57:35	hexylena	movie-club-bot
2023-10-11 14:05:11	galaxyproject	training-material
2023-10-11 07:39:55	galaxyproject	training-material
2023-10-11 07:35:22	galaxyproject	training-material
2023-10-10 13:37:21	galaxyproject	training-material
2023-10-10 13:30:21	nomadscientist	training-material
2023-10-10 08:44:25	galaxyproject	training-material
2023-10-10 08:43:34	galaxyproject	training-material
2023-10-09 11:33:48	hexylena	planemo
2023-10-09 07:15:36	galaxyproject	training-material
2023-10-07 06:18:51	usegalaxy-eu	usegalaxy-eu-tools
2023-10-06 13:14:52	galaxyproject	training-material
2023-10-06 13:14:09	galaxyproject	training-material
2023-10-06 13:04:00	galaxyproject	training-material
2023-10-06 13:01:53	nomadscientist	training-material
2023-10-05 15:45:10	galaxyproject	training-material
2023-10-05 15:40:10	galaxyproject	training-material
2023-10-05 15:21:28	galaxyproject	galaxy-hub
2023-10-05 15:14:05	galaxyproject	training-material
2023-10-05 15:12:23	galaxyproject	training-material
2023-10-05 13:08:01	galaxyproject	training-material
2023-10-05 13:02:31	galaxyproject	training-material
2023-10-05 12:51:18	galaxyproject	training-material
2023-10-05 12:26:20	galaxyproject	training-material
2023-10-05 07:41:48	galaxyproject	training-material
2023-10-04 17:56:26	hexylena	movie-club-bot
2023-10-04 10:07:05	galaxyproject	training-material
2023-10-03 12:52:34	Edmontosaurus	training-material
2023-10-03 12:49:06	galaxyproject	training-material
2023-10-03 12:36:54	galaxyproject	training-material
2023-10-03 12:21:51	galaxyproject	training-material
2023-10-03 12:01:35	tuncK	training-material
2023-10-03 11:27:48	galaxyproject	training-material
2023-10-03 11:07:57	galaxyproject	training-material
2023-10-03 11:02:25	galaxyproject	training-material
2023-10-03 10:51:50	galaxyproject	training-material
2023-10-02 09:11:52	galaxyproject	training-material
2023-09-30 06:12:16	usegalaxy-eu	usegalaxy-eu-tools
2023-09-28 11:53:55	galaxyproject	tools-iuc
2023-09-27 09:13:34	hexylena	git-gat
2023-09-27 09:11:17	galaxyproject	training-material
2023-09-26 07:41:27	galaxyproject	training-material
2023-09-26 07:34:51	galaxyproject	training-material
2023-09-22 09:44:17	galaxyproject	training-material
2023-09-22 09:39:29	hexylena	git-gat
2023-09-22 09:38:46	galaxyproject	training-material
2023-09-22 09:32:51	galaxyproject	training-material
2023-09-22 08:08:54	hexylena	galaxyxml
2023-09-22 08:07:40	hexylena	galaxyxml
2023-09-22 08:04:33	hexylena	galaxyxml
2023-09-22 08:01:26	hexylena	galaxyxml
2023-09-22 07:56:59	hexylena	galaxyxml
2023-09-22 07:55:12	hexylena	galaxyxml
2023-09-22 07:49:12	hexylena	galaxyxml
2023-09-22 07:33:02	hexylena	galaxyxml
2023-09-22 07:23:55	hexylena	galaxyxml
2023-09-22 07:22:36	fubar2	galaxyxml
2023-09-22 07:18:22	fubar2	galaxyxml
2023-09-22 07:08:57	galaxy-genome-annotation	apolpi
2023-09-21 16:21:32	galaxy-genome-annotation	apolpi
2023-09-21 16:06:27	galaxy-genome-annotation	apolpi
2023-09-21 15:56:34	galaxy-genome-annotation	apolpi
2023-09-21 15:02:25	galaxy-genome-annotation	apolpi
2023-09-20 17:56:18	hexylena	movie-club-bot
2023-09-20 17:53:14	hexylena	dotfiles
2023-09-20 09:39:50	hexylena	dotfiles
2023-09-19 15:49:42	galaxyproject	training-material
2023-09-19 15:48:13	galaxyproject	training-material
2023-09-19 15:44:24	galaxyproject	training-material
2023-09-19 15:39:39	galaxyproject	training-material
2023-09-19 14:15:10	galaxyproject	tiaas2
2023-09-19 13:41:53	hexylena	awesome-bioinformatics-education
2023-09-18 09:34:23	galaxy-genome-annotation	apolpi
2023-09-13 10:32:52	hexylena	galaxyxml
2023-09-13 09:35:03	hexylena	galaxyxml
2023-09-13 09:33:23	hexylena	galaxyxml
2023-09-13 09:27:20	hexylena	galaxyxml
2023-09-13 09:21:30	fubar2	galaxyxml
2023-09-13 07:46:31	usegalaxy-eu	infrastructure-playbook
2023-09-11 10:47:34	galaxyproject	training-material
2023-09-11 10:40:16	galaxyproject	training-material
2023-09-11 10:30:10	galaxyproject	training-material
2023-09-09 06:15:48	usegalaxy-eu	usegalaxy-eu-tools
2023-09-04 13:13:12	galaxyproject	training-material
2023-09-04 12:52:15	hexylena	hexylena
2023-09-04 12:35:42	hexylena	censordle
2023-09-04 10:03:56	usegalaxy-eu	infrastructure
2023-09-04 09:27:15	hexylena	docker-rstudio-notebook
2023-09-04 08:23:50	hexylena	censordle
2023-09-04 08:17:22	gallantries	video-library
2023-09-04 08:07:37	gallantries	video-library
2023-09-02 09:06:39	usegalaxy-eu	usegalaxy-eu-tools
2023-09-01 11:55:07	shiltemann	3d-printing
2023-08-30 23:45:02	usegalaxy-eu	shared-data
2023-08-30 18:03:29	hexylena	movie-club-bot
2023-08-30 17:39:48	hexylena	movie-club-bot
2023-08-30 17:34:29	hexylena	movie-club-bot
2023-08-28 10:29:00	hexylena	censordle
2023-08-28 09:08:26	hexylena	censordle
2023-08-28 08:30:36	hexylena	censordle
2023-08-28 08:24:30	hexylena	censordle
2023-08-28 08:23:42	hexylena	censordle
2023-08-28 08:18:01	hexylena	censordle
2023-08-28 08:15:24	hexylena	censordle
2023-08-28 08:14:54	hexylena	censordle
2023-08-26 06:18:05	usegalaxy-eu	usegalaxy-eu-tools
2023-08-23 19:04:59	hexylena	movie-club-bot
2023-08-16 19:04:22	hexylena	movie-club-bot
2023-08-16 18:51:07	hexylena	movie-club-bot
2023-08-16 18:43:51	hexylena	movie-club-bot
2023-08-15 12:56:13	shiltemann	3d-printing
2023-08-15 11:20:59	shiltemann	3d-printing
2023-08-14 07:56:31	usegalaxy-eu	infrastructure
2023-08-14 06:26:22	usegalaxy-eu	infrastructure
2023-08-12 06:10:53	usegalaxy-eu	usegalaxy-eu-tools
2023-08-08 18:36:06	hexylena	movie-club-bot
2023-08-08 18:14:46	hexylena	movie-club-bot
2023-08-08 18:11:06	hexylena	movie-club-bot
2023-08-05 13:21:10	shiltemann	3d-printing
2023-08-05 13:00:16	shiltemann	3d-printing
2023-08-05 11:22:37	hexylena	censordle
2023-08-05 11:18:37	hexylena	censordle
2023-08-05 11:16:10	hexylena	censordle
2023-08-05 11:13:44	hexylena	censordle
2023-08-05 11:10:04	hexylena	censordle
2023-08-05 11:05:59	hexylena	censordle
2023-08-05 10:00:41	hexylena	censordle
2023-08-05 06:09:37	usegalaxy-eu	usegalaxy-eu-tools
2023-08-04 15:01:15	hexylena	censordle
2023-08-04 14:34:27	hexylena	censordle
2023-08-04 14:26:52	hexylena	censordle
2023-08-04 14:25:45	hexylena	censordle
2023-08-02 13:48:49	hexylena	movie-club-bot
2023-07-29 06:09:52	usegalaxy-eu	usegalaxy-eu-tools
2023-07-25 09:29:05	galaxyproject	training-material
2023-07-25 08:23:36	hexylena	hexylena.github.io
2023-07-25 08:15:22	hexylena	hexylena.github.io
2023-07-22 06:11:29	usegalaxy-eu	usegalaxy-eu-tools
2023-07-21 09:28:13	usegalaxy-eu	infrastructure
2023-07-21 06:09:51	hexylena	galaxy
2023-07-21 06:08:23	galaxyproject	training-material
2023-07-21 06:03:27	hexylena	galaxy
2023-07-21 05:53:43	hexylena	galaxy
2023-07-21 05:52:36	hexylena	galaxy
2023-07-20 03:53:31	hexylena	dotfiles
2023-07-20 03:43:13	hexylena	dotfiles
2023-07-20 00:22:19	galaxyproject	galaxy-hub
2023-07-19 06:47:25	galaxyproject	training-material
2023-07-19 06:36:15	martenson	public-galaxy-servers
2023-07-19 06:35:53	martenson	public-galaxy-servers
2023-07-19 03:37:45	galaxyproject	training-material
2023-07-19 03:36:30	galaxyproject	training-material
2023-07-19 03:35:36	galaxyproject	training-material
2023-07-19 03:34:44	galaxyproject	training-material
2023-07-19 03:05:47	galaxyproject	training-material
2023-07-19 02:59:15	galaxyproject	training-material
2023-07-19 02:33:39	galaxyproject	training-material
2023-07-19 00:55:08	hexylena	hexylena.github.io
2023-07-15 06:10:55	usegalaxy-eu	usegalaxy-eu-tools
2023-07-14 10:35:12	hexylena	hexylena.github.io
2023-07-14 10:27:22	hexylena	hexylena.github.io
2023-07-13 09:40:43	galaxyproject	training-material
2023-07-13 07:27:06	galaxyproject	training-material
2023-07-13 07:20:53	galaxyproject	training-material
2023-07-13 07:00:19	hexylena	git-gat
2023-07-13 07:00:18	hexylena	git-gat
2023-07-13 06:54:06	galaxyproject	training-material
2023-07-13 06:08:29	galaxyproject	training-material
2023-07-13 05:46:22	hexylena	git-gat
2023-07-13 05:46:21	hexylena	git-gat
2023-07-13 05:45:34	galaxyproject	training-material
2023-07-13 02:08:18	usegalaxy-eu	galactic-radio-telescope
2023-07-13 00:04:44	hexylena	git-gat
2023-07-13 00:03:46	galaxyproject	training-material
2023-07-13 00:02:05	galaxyproject	training-material
2023-07-12 23:59:23	galaxyproject	training-material
2023-07-12 23:21:03	galaxyproject	training-material
2023-07-12 02:21:22	galaxyproject	gxadmin
2023-07-12 02:09:04	galaxyproject	training-material
2023-07-12 02:06:25	galaxyproject	training-material
2023-07-12 01:56:34	galaxyproject	training-material
2023-07-12 00:23:18	galaxyproject	gxadmin
2023-07-12 00:00:08	galaxyproject	gxadmin
2023-07-11 23:47:26	galaxyproject	gxadmin
2023-07-11 23:46:27	hujambo-dunia	gxadmin
2023-07-11 23:42:48	galaxyproject	training-material
2023-07-11 23:41:53	hujambo-dunia	gxadmin
2023-07-10 11:58:21	galaxyproject	training-material
2023-07-10 07:47:56	nakucher	training-material
2023-07-10 07:43:20	nakucher	training-material
2023-07-10 07:14:27	nakucher	training-material
2023-07-09 23:47:08	galaxyproject	training-material
2023-07-09 05:17:15	galaxyproject	training-material
2023-07-08 06:08:18	usegalaxy-eu	usegalaxy-eu-tools
2023-07-05 13:47:22	galaxyproject	training-material
2023-07-05 12:57:02	galaxyproject	training-material
2023-07-05 08:46:49	galaxyproject	galaxy-hub
2023-07-04 14:07:11	galaxyproject	gxy.io
2023-07-04 14:02:43	galaxyproject	gxy.io
2023-07-04 13:32:13	galaxyproject	training-material
2023-07-04 13:28:27	galaxyproject	training-material
2023-07-04 11:29:25	galaxyproject	training-material
2023-07-04 11:22:50	galaxyproject	training-material
2023-07-03 08:27:50	galaxyproject	training-material
2023-07-01 09:14:23	hexylena	censordle
2023-07-01 08:45:36	hexylena	censordle
2023-07-01 08:35:35	hexylena	censordle
2023-07-01 08:20:29	hexylena	censordle
2023-07-01 06:07:42	usegalaxy-eu	usegalaxy-eu-tools
2023-06-30 18:25:18	galaxyproject	training-material
2023-06-30 18:05:44	galaxyproject	training-material
2023-06-30 18:02:26	galaxyproject	training-material
2023-06-30 18:01:43	galaxyproject	training-material
2023-06-30 17:41:16	galaxyproject	training-material
2023-06-30 17:04:04	hexylena	ephemeris
2023-06-30 17:03:39	galaxyproject	idc
2023-06-30 16:28:28	galaxyproject	training-material
2023-06-30 15:22:59	galaxyproject	training-material
2023-06-30 15:21:04	galaxyproject	training-material
2023-06-30 11:31:27	galaxyproject	training-material
2023-06-29 15:35:50	gallantries	statistics
2023-06-29 11:31:24	usegalaxy-eu	infrastructure
2023-06-29 10:34:48	usegalaxy-eu	usegalaxy-eu-tools
2023-06-29 08:07:29	galaxyproject	tools-iuc
2023-06-28 20:23:43	usegalaxy-eu	infrastructure
2023-06-28 16:06:57	galaxyproject	training-material
2023-06-28 09:34:12	galaxyproject	training-material
2023-06-28 08:48:01	gallantries	statistics
2023-06-28 08:45:53	gallantries	statistics
2023-06-28 08:41:03	galaxyproject	training-material
2023-06-28 08:40:05	galaxyproject	training-material
2023-06-27 16:08:23	galaxyproject	training-material
2023-06-27 16:00:53	galaxyproject	training-material
2023-06-27 15:59:32	galaxyproject	training-material
2023-06-27 15:58:35	gallantries	statistics
2023-06-27 15:40:51	galaxyproject	training-material
2023-06-27 15:27:23	galaxyproject	training-material
2023-06-27 15:27:08	galaxyproject	training-material
2023-06-27 14:44:33	galaxyproject	training-material
2023-06-27 14:35:55	galaxyproject	ansible-cvmfs
2023-06-27 14:35:01	galaxyproject	training-material
2023-06-27 14:32:25	galaxyproject	training-material
2023-06-22 08:59:08	galaxyproject	training-material
2023-06-22 08:51:49	wm75	training-material
2023-06-22 08:37:52	wm75	training-material
2023-06-22 08:34:31	wm75	training-material
2023-06-22 08:28:28	wm75	training-material
2023-06-22 08:24:51	wm75	training-material
2023-06-22 08:14:22	wm75	training-material
2023-06-22 08:06:55	wm75	training-material
2023-06-21 12:51:37	galaxyproject	training-material
2023-06-21 10:08:05	galaxyproject	training-material
2023-06-20 12:54:48	galaxyproject	training-material
2023-06-20 12:34:46	galaxyproject	training-material
2023-06-20 12:05:12	galaxyproject	galaxy-hub
2023-06-20 11:37:16	usegalaxy-eu	temporary-tools
2023-06-20 11:36:47	usegalaxy-eu	temporary-tools
2023-06-19 11:46:40	galaxyproject	training-material
2023-06-19 11:31:10	galaxyproject	training-material
2023-06-19 11:14:15	bgruening	galaxy_ie_helpers
2023-06-19 10:56:39	galaxyproject	training-material
2023-06-19 08:02:20	galaxyproject	training-material
2023-06-19 08:01:01	galaxyproject	training-material
2023-06-19 07:33:03	galaxyproject	training-material
2023-06-17 06:06:57	usegalaxy-eu	usegalaxy-eu-tools
2023-06-16 15:31:32	galaxyproject	training-material
2023-06-16 15:26:42	galaxyproject	training-material
2023-06-16 13:29:20	galaxyproject	galaxy-hub
2023-06-16 09:44:22	hexylena	git-gat
2023-06-16 09:44:21	hexylena	git-gat
2023-06-16 09:43:31	galaxyproject	training-material
2023-06-16 09:37:06	hexylena	git-gat
2023-06-16 09:37:05	hexylena	git-gat
2023-06-16 09:36:12	galaxyproject	training-material
2023-06-16 09:35:05	galaxyproject	training-material
2023-06-16 09:18:15	hexylena	git-gat
2023-06-16 09:16:17	galaxyproject	training-material
2023-06-15 14:26:57	hexylena	git-gat
2023-06-15 14:25:33	galaxyproject	training-material
2023-06-15 13:57:50	hexylena	git-gat
2023-06-15 13:57:49	hexylena	git-gat
2023-06-15 13:57:02	galaxyproject	training-material
2023-06-15 13:42:27	hexylena	git-gat
2023-06-15 13:39:42	galaxyproject	training-material
2023-06-15 08:14:20	galaxyproject	training-material
2023-06-14 20:14:56	hexylena	movie-club-bot
2023-06-14 20:02:04	hexylena	movie-club-bot
2023-06-14 19:11:40	hexylena	movie-club-bot
2023-06-14 16:25:11	hexylena	git-gat
2023-06-14 16:24:24	galaxyproject	training-material
2023-06-14 15:29:25	hexylena	gtn-slack-bot
2023-06-14 14:36:29	hexylena	gtn-slack-bot
2023-06-14 14:33:39	hexylena	gtn-slack-bot
2023-06-14 14:31:54	hexylena	gtn-slack-bot
2023-06-14 14:16:26	hexylena	gtn-slack-bot
2023-06-14 14:14:19	hexylena	gtn-slack-bot
2023-06-14 12:55:33	galaxyproject	training-material
2023-06-14 12:55:11	galaxyproject	training-material
2023-06-13 13:27:58	hexylena	git-gat
2023-06-13 13:25:16	galaxyproject	training-material
2023-06-13 13:24:33	hexylena	gtn-slack-bot
2023-06-13 11:38:54	galaxyproject	training-material
2023-06-13 09:57:22	wee-snufkin	training-material
2023-06-13 09:56:29	galaxyproject	training-material
2023-06-12 09:20:04	usegalaxy-eu	infrastructure
2023-06-12 07:52:30	hexylena	gtn-slack-bot
2023-06-12 07:21:31	galaxyproject	training-material
2023-06-12 07:21:11	galaxyproject	training-material
2023-06-10 06:06:34	usegalaxy-eu	usegalaxy-eu-tools
2023-06-09 14:54:56	hexylena	gtn-slack-bot
2023-06-09 10:36:08	hexylena	gtn-slack-bot
2023-06-09 09:25:38	hexylena	gtn-slack-bot
2023-06-09 09:15:47	galaxyproject	training-material
2023-06-09 09:11:43	galaxyproject	training-material
2023-06-09 09:00:16	hexylena	gtn-slack-bot
2023-06-09 08:04:19	hexylena	gtn-slack-bot
2023-06-09 08:01:14	hexylena	gtn-slack-bot
2023-06-09 07:56:43	hexylena	gtn-slack-bot
2023-06-08 14:26:50	hexylena	gtn-slack-bot
2023-06-07 16:37:00	galaxyproject	tiaas2
2023-06-07 15:45:15	galaxyproject	training-material
2023-06-07 15:38:41	galaxyproject	training-material
2023-06-07 14:37:16	galaxyproject	galaxy-hub
2023-06-07 14:03:54	usegalaxy-eu	infrastructure
2023-06-07 13:37:39	galaxyproject	training-material
2023-06-07 13:06:13	galaxyproject	training-material
2023-06-07 10:42:33	galaxyproject	training-material
2023-06-07 10:10:36	galaxyproject	training-material
2023-06-07 09:54:12	galaxyproject	training-material
2023-06-05 14:10:50	galaxyproject	training-material
2023-06-05 09:18:30	hexylena	gtn-slack-bot
2023-06-05 09:05:02	hexylena	gtn-slack-bot
2023-06-05 09:03:41	hexylena	gtn-slack-bot
2023-06-05 08:54:08	hexylena	gtn-slack-bot
2023-06-05 08:44:34	hexylena	gtn-slack-bot
2023-06-05 08:13:20	hexylena	gtn-slack-bot
2023-06-05 08:12:22	hexylena	gtn-slack-bot
2023-06-04 09:06:39	galaxyproject	training-material
2023-06-03 10:02:02	hexylena	hexylena.github.io
2023-06-03 06:12:36	usegalaxy-eu	usegalaxy-eu-tools
2023-06-02 09:13:55	galaxyproject	training-material
2023-06-02 09:08:28	galaxyproject	training-material
2023-06-02 07:21:00	hexylena	gtn-slack-bot
2023-06-02 07:17:15	hexylena	gtn-slack-bot
2023-06-01 10:59:55	hexylena	hexylena.github.io
2023-06-01 10:56:00	hexylena	hexylena.github.io
2023-05-31 14:47:37	hexylena	gtn-slack-bot
2023-05-30 12:53:38	galaxyproject	training-material
2023-05-30 10:21:43	hexylena	gtn-slack-bot
2023-05-30 10:08:58	usegalaxy-eu	infrastructure
2023-05-30 09:22:51	hexylena	gtn-slack-bot
2023-05-30 08:34:04	galaxyproject	training-material
2023-05-27 06:05:40	usegalaxy-eu	usegalaxy-eu-tools
2023-05-26 10:30:17	galaxyproject	training-material
2023-05-26 10:21:43	hexylena	gtn-minimal
2023-05-26 10:13:51	hexylena	gtn-minimal
2023-05-26 10:09:48	hexylena	gtn-minimal
2023-05-26 10:08:47	hexylena	gtn-minimal
2023-05-26 06:33:42	gallantries	video-library
2023-05-25 17:20:58	galaxyproject	gxy.io
2023-05-25 13:03:10	usegalaxy-eu	infrastructure
2023-05-25 12:22:19	galaxyproject	training-material
2023-05-25 12:01:52	hexylena	git-gat
2023-05-25 09:52:26	hexylena	gtn-slack-bot
2023-05-25 09:24:12	hexylena	gtn-slack-bot
2023-05-25 09:16:33	hexylena	gtn-slack-bot
2023-05-25 09:08:01	hexylena	gtn-slack-bot
2023-05-25 08:52:22	hexylena	gtn-slack-bot
2023-05-25 08:42:00	hexylena	gtn-slack-bot
2023-05-25 08:18:23	hexylena	gtn-slack-bot
2023-05-25 08:12:20	hexylena	gtn-slack-bot
2023-05-25 07:56:27	hexylena	gtn-slack-bot
2023-05-25 07:41:17	hexylena	gtn-slack-bot
2023-05-25 07:35:22	hexylena	gtn-slack-bot
2023-05-25 07:29:51	hexylena	gtn-slack-bot
2023-05-24 18:46:53	hexylena	git-gat
2023-05-24 18:46:52	hexylena	git-gat
2023-05-24 17:53:59	hexylena	git-gat
2023-05-24 17:53:12	galaxyproject	training-material
2023-05-24 14:38:45	hexylena	gtn-slack-bot
2023-05-24 13:19:26	hexylena	git-gat
2023-05-24 12:49:06	galaxyproject	training-material
2023-05-24 12:17:03	hexylena	gtn-slack-bot
2023-05-24 11:26:23	hexylena	gtn-slack-bot
2023-05-24 11:17:39	hexylena	gtn-slack-bot
2023-05-24 11:13:31	hexylena	gtn-slack-bot
2023-05-24 07:53:08	hexylena	gtn-slack-bot
2023-05-24 07:44:45	hexylena	gtn-slack-bot
2023-05-24 07:42:57	hexylena	gtn-slack-bot
2023-05-24 07:40:19	hexylena	gtn-slack-bot
2023-05-24 07:32:18	hexylena	gtn-slack-bot
2023-05-24 07:20:59	hexylena	gtn-slack-bot
2023-05-24 07:18:51	hexylena	gtn-slack-bot
2023-05-24 07:05:13	hexylena	gtn-slack-bot
2023-05-23 14:59:17	galaxyproject	training-material
2023-05-23 13:07:24	galaxyproject	training-material
2023-05-23 12:01:23	gallantries	video-library
2023-05-23 10:39:11	gallantries	video-library
2023-05-23 10:15:17	galaxyproject	training-material
2023-05-23 09:55:40	hexylena	gtn-slack-bot
2023-05-23 05:45:18	galaxyproject	training-material
2023-05-23 05:36:01	gallantries	video-library
2023-05-22 17:00:30	galaxyproject	gxy.io
2023-05-22 15:41:54	hexylena	gtn-slack-bot
2023-05-22 15:15:26	gallantries	video-library
2023-05-22 14:45:38	gallantries	video-library
2023-05-22 11:52:50	gallantries	video-library
2023-05-22 09:31:35	gallantries	video-library
2023-05-22 09:08:38	gallantries	video-library
2023-05-22 05:35:58	galaxyproject	training-material
2023-05-22 05:35:09	galaxyproject	training-material
2023-05-22 05:34:47	galaxyproject	training-material
2023-05-22 05:24:41	hexylena	gtn-slack-bot
2023-05-21 10:34:57	galaxyproject	training-material
2023-05-21 09:23:42	galaxyproject	training-material
2023-05-21 09:18:26	fubar2	training-material
2023-05-21 09:03:28	fubar2	training-material
2023-05-20 10:46:59	gallantries	video-library
2023-05-20 06:07:11	usegalaxy-eu	usegalaxy-eu-tools
2023-05-19 15:52:50	hexylena	git-gat
2023-05-19 15:52:49	hexylena	git-gat
2023-05-19 15:52:05	galaxyproject	training-material
2023-05-19 15:43:44	hexylena	git-gat
2023-05-19 15:43:43	hexylena	git-gat
2023-05-19 15:38:45	hexylena	git-gat
2023-05-19 15:29:26	hexylena	git-gat
2023-05-19 15:29:25	hexylena	git-gat
2023-05-19 15:28:23	galaxyproject	training-material
2023-05-19 15:25:01	galaxyproject	training-material
2023-05-19 15:22:39	hexylena	git-gat
2023-05-19 15:16:21	galaxyproject	training-material
2023-05-19 14:33:55	hexylena	gtn-slack-bot
2023-05-19 11:33:24	galaxyproject	training-material
2023-05-19 10:56:24	gallantries	video-library
2023-05-19 10:49:12	hexylena	gtn-slack-bot
2023-05-19 10:42:31	hexylena	gtn-slack-bot
2023-05-19 10:15:43	hexylena	gtn-slack-bot
2023-05-19 10:13:43	hexylena	gtn-slack-bot
2023-05-19 10:11:21	hexylena	gtn-slack-bot
2023-05-19 10:09:35	hexylena	gtn-slack-bot
2023-05-19 08:14:24	galaxyproject	training-material
2023-05-19 08:09:32	gallantries	video-library
2023-05-18 19:39:18	galaxyproject	training-material
2023-05-18 18:02:07	gallantries	video-library
2023-05-18 17:34:55	galaxyproject	training-material
2023-05-18 17:32:18	galaxyproject	training-material
2023-05-18 13:14:58	galaxyproject	training-material
2023-05-18 12:39:34	galaxyproject	training-material
2023-05-18 11:55:33	galaxyproject	training-material
2023-05-18 11:32:32	galaxyproject	training-material
2023-05-18 11:32:15	gallardoalba	training-material
2023-05-18 11:13:10	gallardoalba	training-material
2023-05-18 10:18:11	hexylena	infrastructure-playbook
2023-05-18 09:47:31	galaxyproject	training-material
2023-05-18 09:44:08	galaxyproject	training-material
2023-05-18 09:42:32	galaxyproject	training-material
2023-05-18 09:36:21	hexylena	git-gat
2023-05-18 09:36:20	hexylena	git-gat
2023-05-18 09:35:30	galaxyproject	training-material
2023-05-18 09:14:29	hexylena	git-gat
2023-05-18 09:13:38	galaxyproject	training-material
2023-05-18 08:58:36	gallantries	video-library
2023-05-17 23:45:06	usegalaxy-eu	shared-data
2023-05-17 18:09:25	galaxyproject	training-material
2023-05-17 18:03:53	hexylena	movie-club-bot
2023-05-17 17:59:50	hexylena	movie-club-bot
2023-05-17 17:39:21	hexylena	movie-club-bot
2023-05-17 17:37:42	hexylena	git-gat
2023-05-17 17:37:02	galaxyproject	training-material
2023-05-17 17:24:33	hexylena	git-gat
2023-05-17 17:22:27	galaxyproject	training-material
2023-05-17 16:12:08	gallardoalba	training-material
2023-05-17 15:38:26	gallardoalba	training-material
2023-05-17 13:53:06	cfusterbarcelo	training-material
2023-05-17 13:47:56	cfusterbarcelo	training-material
2023-05-17 13:21:46	galaxyproject	training-material
2023-05-17 13:20:43	JasperO98	training-material
2023-05-17 13:15:35	JasperO98	training-material
2023-05-17 12:56:05	usegalaxy-eu	temporary-tools
2023-05-17 12:55:44	galaxyproject	training-material
2023-05-17 12:45:59	galaxyproject	training-material
2023-05-17 12:26:04	galaxyproject	training-material
2023-05-17 11:53:57	galaxyproject	training-material
2023-05-16 19:01:35	hexylena	movie-club-bot
2023-05-16 17:28:16	galaxyproject	training-material
2023-05-16 16:56:48	galaxyproject	training-material
2023-05-16 16:51:55	galaxyproject	training-material
2023-05-16 16:42:09	galaxyproject	training-material
2023-05-16 16:22:53	galaxyproject	training-material
2023-05-16 16:20:12	hexylena	galaxy
2023-05-16 16:13:25	galaxyproject	training-material
2023-05-16 16:09:52	galaxyproject	training-material
2023-05-16 14:42:14	galaxyproject	training-material
2023-05-16 14:41:21	galaxyproject	training-material
2023-05-16 12:21:45	galaxyproject	training-material
2023-05-16 12:02:43	galaxyproject	training-material
2023-05-16 11:58:16	hexylena	git-gat
2023-05-16 11:55:40	galaxyproject	training-material
2023-05-16 11:38:33	galaxyproject	training-material
2023-05-16 11:36:28	galaxyproject	training-material
2023-05-16 11:18:21	galaxyproject	training-material
2023-05-16 11:18:15	hexylena	git-gat
2023-05-16 10:17:39	galaxyproject	training-material
2023-05-16 10:14:39	galaxyproject	training-material
2023-05-16 10:03:37	galaxyproject	training-material
2023-05-16 09:52:34	galaxyproject	training-material
2023-05-16 08:09:57	galaxyproject	training-material
2023-05-15 16:12:37	hexylena	git-gat
2023-05-15 16:10:38	galaxyproject	training-material
2023-05-15 15:18:59	galaxyproject	training-material
2023-05-15 14:59:41	galaxyproject	training-material
2023-05-15 14:50:08	galaxyproject	training-material
2023-05-15 14:45:42	gallantries	video-library
2023-05-15 14:02:18	gallantries	video-library
2023-05-15 13:29:03	galaxyproject	training-material
2023-05-15 12:13:31	galaxyproject	training-material
2023-05-15 12:12:42	galaxyproject	training-material
2023-05-15 10:21:15	hexylena	gtn-slack-bot
2023-05-15 09:33:26	hexylena	gtn-slack-bot
2023-05-15 09:09:44	usegalaxy-eu	temporary-tools
2023-05-15 08:57:42	hexylena	gtn-slack-bot
2023-05-15 08:22:03	galaxyproject	training-material
2023-05-15 07:54:47	galaxyproject	training-material
2023-05-13 06:03:12	usegalaxy-eu	usegalaxy-eu-tools
2023-05-12 13:48:59	hexylena	gtn-slack-bot
2023-05-12 13:48:41	hexylena	gtn-slack-bot
2023-05-12 12:42:53	usegalaxy-eu	infrastructure
2023-05-12 10:03:07	gallantries	video-library
2023-05-12 09:34:49	galaxyproject	training-material
2023-05-12 09:21:09	galaxyproject	training-material
2023-05-12 09:01:40	galaxyproject	training-material
2023-05-11 14:23:30	galaxyproject	training-material
2023-05-11 14:01:02	galaxyproject	training-material
2023-05-11 13:58:20	galaxyproject	training-material
2023-05-11 13:54:17	galaxyproject	training-material
2023-05-11 12:51:12	galaxyproject	training-material
2023-05-11 12:32:36	galaxyproject	training-material
2023-05-11 10:46:29	hexylena	git-gat
2023-05-11 10:46:28	hexylena	git-gat
2023-05-11 10:39:24	hexylena	git-gat
2023-05-11 10:39:23	hexylena	git-gat
2023-05-11 10:38:31	galaxyproject	training-material
2023-05-11 10:34:26	galaxyproject	training-material
2023-05-11 10:31:37	hexylena	git-gat
2023-05-11 10:31:36	hexylena	git-gat
2023-05-11 10:31:29	hexylena	git-gat
2023-05-11 10:30:57	galaxyproject	training-material
2023-05-11 10:30:38	hexylena	git-gat
2023-05-11 10:28:42	hexylena	git-gat
2023-05-11 10:17:55	galaxyproject	training-material
2023-05-11 10:13:38	hexylena	git-gat
2023-05-11 10:12:55	galaxyproject	training-material
2023-05-11 10:12:40	hexylena	git-gat
2023-05-11 10:12:39	hexylena	git-gat
2023-05-11 10:11:51	galaxyproject	training-material
2023-05-11 10:09:29	hexylena	git-gat
2023-05-11 10:08:46	galaxyproject	training-material
2023-05-11 10:02:41	hexylena	git-gat
2023-05-11 10:02:40	hexylena	git-gat
2023-05-11 10:01:23	galaxyproject	training-material
2023-05-11 07:52:56	hexylena	git-gat
2023-05-11 07:51:42	galaxyproject	training-material
2023-05-10 23:45:05	usegalaxy-eu	shared-data
2023-05-10 19:04:10	hexylena	gie-proxy
2023-05-10 15:46:03	hexylena	bioschemas.github.io
2023-05-10 15:12:25	galaxyproject	training-material
2023-05-10 15:05:37	galaxyproject	training-material
2023-05-10 14:15:45	galaxyproject	training-material
2023-05-10 13:08:02	galaxyproject	training-material
2023-05-10 12:48:36	hrukkudyr	training-material-scrna-umi
2023-05-10 09:50:40	gallantries	video-library
2023-05-10 09:50:26	gallantries	video-library
2023-05-10 07:10:47	galaxyproject	training-material
2023-05-10 06:12:17	gallantries	video-library
2023-05-09 14:24:48	usegalaxy-eu	infrastructure
2023-05-09 10:59:57	galaxyproject	tools-iuc
2023-05-09 10:53:34	hexylena	gtn-lint-test
2023-05-09 10:49:57	hexylena	gtn-lint-test
2023-05-09 10:46:37	hexylena	gtn-lint-test
2023-05-09 10:41:09	hexylena	gtn-lint-test
2023-05-09 10:39:05	hexylena	gtn-lint-test
2023-05-09 10:37:39	hexylena	gtn-lint-test
2023-05-09 10:35:32	hexylena	gtn-lint-test
2023-05-09 10:04:33	galaxyproject	training-material
2023-05-09 10:00:47	gallantries	video-library
2023-05-09 09:45:34	WhoisDonlee	tools-iuc
2023-05-08 18:56:21	gallantries	video-library
2023-05-08 18:26:07	gallantries	video-library
2023-05-08 17:07:48	galaxyproject	tools-iuc
2023-05-08 15:53:41	galaxyproject	galaxy-hub
2023-05-08 15:31:37	galaxyproject	galaxy-hub
2023-05-08 15:30:37	mira-miracoli	galaxy-hub
2023-05-08 15:15:29	mira-miracoli	galaxy-hub
2023-05-08 13:01:14	gallantries	video-library
2023-05-08 12:44:34	galaxyproject	training-material
2023-05-08 11:58:29	galaxyproject	training-material
2023-05-08 09:30:57	usegalaxy-eu	temporary-tools
2023-05-07 10:06:24	hexylena	dotfiles
2023-05-07 08:54:53	hexylena	dotfiles
2023-05-06 13:31:26	hexylena	movie-club-bot
2023-05-06 11:28:07	hexylena	dotfiles
2023-05-06 06:02:58	usegalaxy-eu	usegalaxy-eu-tools
2023-05-05 08:32:53	galaxyproject	galaxy-hub
2023-05-05 08:31:37	galaxyproject	training-material
2023-05-04 17:46:07	galaxyproject	training-material
2023-05-04 12:01:48	galaxyproject	training-material
2023-05-04 09:58:07	usegalaxy-eu	temporary-tools
2023-05-04 08:39:28	hexylena	movie-club-bot
2023-05-04 08:24:49	gallantries	video-library
2023-05-03 23:45:05	usegalaxy-eu	shared-data
2023-05-03 19:58:17	hexylena	movie-club-bot
2023-05-03 18:29:50	hexylena	movie-club-bot
2023-05-03 17:55:36	hexylena	movie-club-bot
2023-05-03 14:51:51	galaxyproject	training-material
2023-05-03 14:44:20	hexylena	galaxy
2023-05-03 14:34:00	gallantries	video-library
2023-05-03 14:25:13	gallantries	video-library
2023-05-03 10:14:52	galaxyproject	training-material
2023-05-03 10:08:48	usegalaxy-eu	temporary-tools
2023-05-03 09:55:17	usegalaxy-eu	temporary-tools
2023-05-03 09:54:42	usegalaxy-eu	temporary-tools
2023-05-02 14:07:30	hexylena	movie-club-bot
2023-05-02 14:01:24	usegalaxy-eu	temporary-tools
2023-05-02 11:12:31	galaxyproject	training-material
2023-05-02 10:22:37	galaxyproject	training-material
2023-05-02 09:09:53	galaxyproject	training-material
2023-05-02 08:39:45	galaxyproject	training-material
2023-04-29 06:02:38	usegalaxy-eu	usegalaxy-eu-tools
2023-04-26 23:45:04	usegalaxy-eu	shared-data
2023-04-22 08:03:43	gallantries	video-library
2023-04-22 08:02:55	hexylena	mlb-what-to-watch
2023-04-22 06:04:18	usegalaxy-eu	usegalaxy-eu-tools
2023-04-21 13:31:19	gallantries	video-library
2023-04-21 12:31:10	galaxyproject	galaxy-hub
2023-04-21 10:58:15	hexylena	git-gat
2023-04-21 10:58:14	hexylena	git-gat
2023-04-21 10:57:58	hexylena	git-gat
2023-04-21 10:57:28	galaxyproject	training-material
2023-04-21 10:23:44	nsoranzo	training-material
2023-04-21 10:13:34	hexylena	galaxy
2023-04-21 10:12:06	hexylena	galaxy
2023-04-21 09:44:31	hexylena	galaxy
2023-04-21 09:21:19	hexylena	galaxy
2023-04-21 08:41:48	gallantries	video-library
2023-04-21 08:27:16	galaxyproject	training-material
2023-04-21 08:21:07	galaxyproject	training-material
2023-04-20 15:23:19	hexylena	git-gat
2023-04-20 15:23:18	hexylena	git-gat
2023-04-20 15:19:10	galaxyproject	training-material
2023-04-20 15:10:53	galaxyproject	training-material
2023-04-20 13:51:27	hexylena	git-gat
2023-04-20 13:51:26	hexylena	git-gat
2023-04-20 13:50:38	galaxyproject	training-material
2023-04-20 13:20:59	galaxyproject	admin-training
2023-04-20 12:56:45	galaxyproject	admin-training
2023-04-20 12:55:11	galaxyproject	admin-training
2023-04-20 12:53:10	galaxyproject	admin-training
2023-04-20 11:03:41	hexylena	git-gat
2023-04-20 11:01:02	galaxyproject	training-material
2023-04-20 09:23:05	hexylena	git-gat
2023-04-20 09:23:03	hexylena	git-gat
2023-04-20 09:15:26	galaxyproject	training-material
2023-04-20 07:41:56	hexylena	git-gat
2023-04-20 07:39:27	galaxyproject	training-material
2023-04-19 23:45:05	usegalaxy-eu	shared-data
2023-04-19 14:33:15	galaxyproject	training-material
2023-04-19 14:27:10	hexylena	git-gat
2023-04-19 14:27:09	hexylena	git-gat
2023-04-19 14:26:28	galaxyproject	training-material
2023-04-19 14:24:44	hexylena	git-gat
2023-04-19 14:24:43	hexylena	git-gat
2023-04-19 14:22:18	galaxyproject	training-material
2023-04-19 14:00:34	hexylena	git-gat
2023-04-19 13:59:49	galaxyproject	training-material
2023-04-19 13:54:14	galaxyproject	training-material
2023-04-19 13:50:27	nsoranzo	training-material
2023-04-19 13:44:01	galaxyproject	training-material
2023-04-19 13:35:57	galaxyproject	training-material
2023-04-19 12:57:15	galaxyproject	training-material
2023-04-19 12:23:48	mvdbeek	training-material
2023-04-19 12:20:36	mvdbeek	training-material
2023-04-19 10:55:16	hexylena	git-gat
2023-04-19 10:55:15	hexylena	git-gat
2023-04-19 10:54:20	galaxyproject	training-material
2023-04-19 09:58:48	hexylena	infrastructure-playbook
2023-04-19 09:18:24	hexylena	git-gat
2023-04-19 09:17:39	galaxyproject	training-material
2023-04-19 08:53:57	hexylena	git-gat
2023-04-19 08:53:56	hexylena	git-gat
2023-04-19 08:53:14	galaxyproject	training-material
2023-04-19 08:52:02	hexylena	git-gat
2023-04-19 08:50:39	galaxyproject	training-material
2023-04-19 07:48:05	galaxyproject	training-material
2023-04-19 07:46:37	hexylena	git-gat
2023-04-18 16:28:42	hexylena	git-gat
2023-04-18 16:28:40	hexylena	git-gat
2023-04-18 15:25:36	hexylena	git-gat
2023-04-18 15:22:30	galaxyproject	training-material
2023-04-18 15:09:44	hexylena	git-gat
2023-04-18 15:05:45	hexylena	git-gat
2023-04-18 14:46:12	usegalaxy-eu	ansible-tpv-lint
2023-04-18 14:24:50	galaxyproject	training-material
2023-04-18 14:22:27	galaxyproject	training-material
2023-04-18 14:17:08	hexylena	git-gat
2023-04-18 14:15:16	hexylena	git-gat
2023-04-18 13:57:57	hexylena	git-gat
2023-04-18 13:51:38	mvdbeek	training-material
2023-04-18 13:19:12	mvdbeek	training-material
2023-04-18 13:18:48	mvdbeek	training-material
2023-04-18 13:06:03	natefoo	training-material
2023-04-18 12:21:07	galaxyproject	training-material
2023-04-18 11:08:36	galaxyproject	training-material
2023-04-18 08:31:06	galaxyproject	training-material
2023-04-18 08:24:35	galaxyproject	training-material
2023-04-18 08:22:18	hexylena	git-gat
2023-04-17 15:12:11	hexylena	git-gat
2023-04-17 15:08:44	galaxyproject	training-material
2023-04-17 14:12:21	hexylena	git-gat
2023-04-17 13:09:15	hexylena	git-gat
2023-04-17 13:08:05	galaxyproject	training-material
2023-04-17 12:28:01	hexylena	git-gat
2023-04-17 12:27:18	galaxyproject	training-material
2023-04-17 12:09:11	hexylena	git-gat
2023-04-17 12:08:29	galaxyproject	training-material
2023-04-17 12:01:10	galaxyproject	training-material
2023-04-17 10:43:37	galaxyproject	training-material
2023-04-17 09:55:19	galaxyproject	tiaas2
2023-04-17 09:29:00	hexylena	git-gat
2023-04-17 09:25:46	galaxyproject	gxy.io
2023-04-17 09:15:30	galaxyproject	training-material
2023-04-17 07:34:17	hexylena	git-gat
2023-04-17 06:22:26	hexylena	mlb-what-to-watch
2023-04-16 21:19:38	galaxyproject	training-material
2023-04-16 21:10:48	galaxyproject	admin-training
2023-04-16 21:10:25	usegalaxy-eu	ansible-tpv-lint
2023-04-16 21:09:39	usegalaxy-eu	ansible-tpv-lint
2023-04-16 21:08:40	usegalaxy-eu	ansible-tpv-lint
2023-04-16 21:07:58	galaxyproject	admin-training
2023-04-16 20:48:03	galaxyproject	admin-training
2023-04-16 20:36:01	galaxyproject	admin-training
2023-04-16 20:15:34	hexylena	git-gat
2023-04-16 20:12:40	galaxyproject	training-material
2023-04-16 20:09:35	mira-miracoli	training-material
2023-04-16 19:37:50	galaxyproject	admin-training
2023-04-16 09:02:58	galaxyproject	training-material
2023-04-15 13:29:21	hexylena	git-gat
2023-04-15 13:29:20	hexylena	git-gat
2023-04-15 13:27:01	galaxyproject	training-material
2023-04-15 13:11:06	galaxyproject	ansible-galaxy
2023-04-15 13:10:24	usegalaxy-eu	ansible-rabbitmq
2023-04-15 13:07:18	usegalaxy-eu	ansible-rabbitmq
2023-04-15 12:42:56	hexylena	git-gat
2023-04-15 12:42:55	hexylena	git-gat
2023-04-15 12:40:13	galaxyproject	training-material
2023-04-15 12:35:09	hexylena	git-gat
2023-04-15 12:32:48	galaxyproject	training-material
2023-04-15 12:32:37	hexylena	git-gat
2023-04-15 12:32:35	hexylena	git-gat
2023-04-15 12:32:32	galaxyproject	training-material
2023-04-15 12:30:27	galaxyproject	training-material
2023-04-15 12:28:38	hexylena	git-gat
2023-04-15 06:02:55	usegalaxy-eu	usegalaxy-eu-tools
2023-04-14 14:05:36	hexylena	git-gat
2023-04-14 14:05:34	hexylena	git-gat
2023-04-14 14:02:38	galaxyproject	training-material
2023-04-14 14:00:00	hexylena	git-gat
2023-04-14 13:57:47	galaxyproject	training-material
2023-04-14 13:52:11	hexylena	git-gat
2023-04-14 13:52:09	hexylena	git-gat
2023-04-14 13:50:18	usegalaxy-eu	infrastructure
2023-04-14 13:49:36	galaxyproject	training-material
2023-04-14 13:44:40	galaxyproject	training-material
2023-04-14 13:43:37	galaxyproject	training-material
2023-04-14 09:44:36	galaxy-genome-annotation	galaxy-tools
2023-04-14 09:32:25	hexylena	git-gat
2023-04-14 09:29:51	galaxyproject	training-material
2023-04-14 08:56:32	galaxyproject	training-material
2023-04-14 08:20:06	hexylena	git-gat
2023-04-14 08:13:47	usegalaxy-eu	ansible-tpv-lint
2023-04-14 08:08:50	hexylena	git-gat
2023-04-14 08:06:18	galaxyproject	training-material
2023-04-13 15:51:27	galaxyproject	training-material
2023-04-13 15:46:52	hexylena	git-gat
2023-04-13 15:46:51	hexylena	git-gat
2023-04-13 15:43:59	galaxyproject	training-material
2023-04-13 13:53:26	shiltemann	training-material
2023-04-13 13:52:18	shiltemann	training-material
2023-04-13 13:10:44	galaxyproject	training-material
2023-04-13 13:06:30	hexylena	git-gat
2023-04-13 13:03:54	galaxyproject	training-material
2023-04-13 12:29:19	shiltemann	training-material
2023-04-13 11:55:34	galaxyproject	ansible-galaxy
2023-04-13 11:48:53	galaxyproject	ansible-tiaas2
2023-04-13 10:37:05	hexylena	git-gat
2023-04-13 10:34:27	galaxyproject	training-material
2023-04-13 09:46:27	galaxyproject	ansible-galaxy
2023-04-13 08:40:58	galaxyproject	training-material
2023-04-13 08:19:29	gallantries	video-library
2023-04-13 08:19:16	mblue9	video-library
2023-04-13 08:17:16	galaxyproject	admin-training
2023-04-13 07:48:07	usegalaxy-eu	infrastructure
2023-04-12 16:36:08	hexylena	git-gat
2023-04-12 16:19:05	hexylena	git-gat
2023-04-12 16:17:01	galaxyproject	training-material
2023-04-12 16:14:39	hexylena	git-gat
2023-04-12 16:14:37	hexylena	git-gat
2023-04-12 16:12:07	galaxyproject	training-material
2023-04-12 15:53:16	hexylena	git-gat
2023-04-12 15:53:15	hexylena	git-gat
2023-04-12 15:51:05	galaxyproject	training-material
2023-04-12 15:37:10	galaxyproject	training-material
2023-04-12 14:50:16	hexylena	git-gat
2023-04-12 14:50:15	hexylena	git-gat
2023-04-12 14:48:14	galaxyproject	training-material
2023-04-12 14:30:20	hexylena	git-gat
2023-04-12 14:30:19	hexylena	git-gat
2023-04-12 14:27:59	galaxyproject	training-material
2023-04-12 14:10:29	usegalaxy-eu	flower-ansible-role
2023-04-12 13:56:34	usegalaxy-eu	flower-ansible-role
2023-04-12 12:56:11	usegalaxy-eu	ansible-certbot
2023-04-12 12:54:00	usegalaxy-eu	flower-ansible-role
2023-04-12 12:39:52	usegalaxy-eu	flower-ansible-role
2023-04-12 11:24:14	galaxyproject	training-material
2023-04-12 10:53:24	galaxyproject	training-material
2023-04-12 10:51:35	galaxyproject	training-material
2023-04-12 10:48:48	galaxyproject	training-material
2023-04-12 09:59:20	usegalaxy-eu	ansible-certbot
2023-04-12 09:50:28	hexylena	git-gat
2023-04-12 09:48:42	galaxyproject	training-material
2023-04-12 08:36:06	galaxyproject	training-material
2023-04-12 08:29:43	galaxyproject	training-material
2023-04-11 16:31:32	hexylena	ansible-role-beacon_importer
2023-04-11 16:30:43	hexylena	ansible-role-beacon_importer
2023-04-11 16:26:05	hexylena	ansible-role-beacon_importer
2023-04-11 16:23:48	hexylena	ansible-role-beacon_importer
2023-04-11 16:19:59	galaxyproject	admin-training
2023-04-11 16:16:52	hexylena	ansible-role-beacon_importer
2023-04-11 16:15:37	hexylena	git-gat
2023-04-11 16:15:36	hexylena	git-gat
2023-04-11 16:13:31	galaxyproject	training-material
2023-04-11 16:07:56	hexylena	git-gat
2023-04-11 16:07:55	hexylena	git-gat
2023-04-11 16:05:29	galaxyproject	training-material
2023-04-11 15:51:03	hexylena	git-gat
2023-04-11 15:51:02	hexylena	git-gat
2023-04-11 15:48:54	galaxyproject	training-material
2023-04-11 15:41:35	hexylena	git-gat
2023-04-11 15:15:13	hexylena	ansible-role-beacon_importer
2023-04-11 14:41:30	galaxyproject	training-material
2023-04-11 13:56:40	hexylena	git-gat
2023-04-11 13:52:41	galaxyproject	training-material
2023-04-11 13:15:25	galaxyproject	training-material
2023-04-11 13:07:16	hexylena	git-gat
2023-04-11 13:07:15	hexylena	git-gat
2023-04-11 13:04:33	galaxyproject	training-material
2023-04-11 13:00:58	galaxyproject	training-material
2023-04-11 12:51:44	hexylena	git-gat
2023-04-11 12:51:43	hexylena	git-gat
2023-04-11 12:49:54	galaxyproject	training-material
2023-04-11 12:48:51	hexylena	git-gat
2023-04-11 12:46:50	galaxyproject	training-material
2023-04-11 12:40:38	hexylena	git-gat
2023-04-11 12:33:49	galaxyproject	training-material
2023-04-11 11:44:24	galaxyproject	admin-training
2023-04-11 11:32:38	galaxyproject	training-material
2023-04-11 11:21:37	hexylena	mlb-what-to-watch
2023-04-11 09:59:40	galaxyproject	training-material
2023-04-11 09:36:10	Marie59	training-material
2023-04-11 09:20:29	galaxyproject	training-material
2023-04-11 09:13:45	galaxyproject	training-material
2023-04-11 09:00:23	galaxyproject	ansible-slurm
2023-04-11 08:48:44	galaxyproject	gxadmin
2023-04-11 08:48:27	kysrpex	gxadmin
2023-04-11 08:40:11	galaxyproject	admin-training
2023-04-10 20:07:13	hexylena	censordle
2023-04-10 20:02:01	hexylena	censordle
2023-04-10 19:59:57	hexylena	censordle
2023-04-10 14:04:22	hexylena	mlb-what-to-watch
2023-04-10 14:03:58	hexylena	mlb-what-to-watch
2023-04-10 10:47:40	hexylena	mlb-what-to-watch
2023-04-08 06:02:30	usegalaxy-eu	usegalaxy-eu-tools
2023-04-06 13:03:30	galaxyproject	training-material
2023-04-06 13:02:54	mira-miracoli	training-material
2023-04-06 12:25:59	mira-miracoli	training-material
2023-04-06 12:07:27	galaxyproject	training-material
2023-04-06 11:41:46	gallantries	video-library
2023-04-06 07:51:39	gallantries	video-library
2023-04-06 07:48:13	galaxyproject	admin-training
2023-04-06 07:47:29	galaxyproject	ansible-slurm
2023-04-06 07:33:32	gallantries	video-library
2023-04-05 18:05:14	hexylena	mlb-what-to-watch
2023-04-05 15:23:26	galaxyproject	training-material
2023-04-05 14:46:35	galaxyproject	training-material
2023-04-05 14:46:10	galaxyproject	training-material
2023-04-05 14:33:36	hexylena	git-gat
2023-04-05 14:32:23	galaxyproject	training-material
2023-04-05 14:31:23	galaxyproject	training-material
2023-04-05 14:08:04	galaxyproject	training-material
2023-04-05 11:22:28	hexylena	movie-club-bot
2023-04-05 11:14:50	hexylena	movie-club-bot
2023-04-05 11:05:21	hexylena	movie-club-bot
2023-04-05 11:00:36	hexylena	movie-club-bot
2023-04-05 10:29:27	gallantries	video-library
2023-04-05 09:27:00	hexylena	movie-club-bot
2023-04-05 09:12:23	galaxyproject	training-material
2023-04-04 16:37:04	usegalaxy-eu	infrastructure
2023-04-04 15:29:21	galaxyproject	admin-training
2023-04-04 10:56:49	hexylena	git-gat
2023-04-04 10:56:48	hexylena	git-gat
2023-04-04 10:54:39	galaxyproject	training-material
2023-04-04 10:47:04	hexylena	git-gat
2023-04-04 10:47:03	hexylena	git-gat
2023-04-04 10:45:00	galaxyproject	training-material
2023-04-04 09:45:29	hexylena	git-gat
2023-04-04 09:43:25	galaxyproject	training-material
2023-04-04 09:37:37	usegalaxy-eu	ansible-apptainer
2023-04-04 09:27:38	hexylena	git-gat
2023-04-04 09:27:37	hexylena	git-gat
2023-04-04 09:16:44	galaxyproject	training-material
2023-04-04 09:10:56	galaxyproject	gxy.io
2023-04-04 09:10:03	galaxyproject	training-material
2023-04-04 08:03:42	gallantries	video-library
2023-04-04 07:59:15	galaxyproject	training-material
2023-04-04 07:50:59	mblue9	video-library
2023-04-03 14:10:17	galaxyproject	training-material
2023-04-03 13:52:48	galaxyproject	gxy.io
2023-04-03 13:40:05	galaxyproject	training-material
2023-04-03 13:21:24	galaxyproject	training-material
2023-04-03 09:12:56	galaxyproject	training-material
2023-04-01 06:01:14	usegalaxy-eu	usegalaxy-eu-tools
2023-03-30 11:48:21	galaxyproject	admin-training
2023-03-30 11:13:36	galaxyproject	galaxy-hub
2023-03-30 10:11:38	hexylena	git-gat
2023-03-30 10:11:37	hexylena	git-gat
2023-03-30 10:10:57	galaxyproject	training-material
2023-03-30 10:05:39	hexylena	git-gat
2023-03-30 10:04:30	galaxyproject	training-material
2023-03-30 10:02:00	hexylena	git-gat
2023-03-30 10:01:59	hexylena	git-gat
2023-03-30 10:01:18	galaxyproject	training-material
2023-03-30 09:56:06	hexylena	git-gat
2023-03-30 09:56:04	hexylena	git-gat
2023-03-30 09:55:16	galaxyproject	training-material
2023-03-30 09:53:23	hexylena	git-gat
2023-03-30 09:31:29	galaxyproject	training-material
2023-03-30 08:20:15	usegalaxy-eu	temporary-tools
2023-03-30 08:06:09	galaxyproject	training-material
2023-03-29 18:07:22	hexylena	movie-club-bot
2023-03-29 12:20:36	galaxyproject	training-material
2023-03-29 10:00:45	usegalaxy-eu	infrastructure
2023-03-29 08:44:16	galaxyproject	training-material
2023-03-29 08:16:48	hexylena	git-gat
2023-03-28 12:52:00	usegalaxy-eu	ansible-certbot
2023-03-28 12:51:17	usegalaxy-eu	ansible-certbot
2023-03-28 12:25:21	hexylena	git-gat
2023-03-28 12:22:54	galaxyproject	training-material
2023-03-28 12:21:11	galaxyproject	training-material
2023-03-28 12:07:28	hexylena	git-gat
2023-03-28 12:07:27	hexylena	git-gat
2023-03-28 12:04:43	galaxyproject	training-material
2023-03-28 11:20:29	hexylena	git-gat
2023-03-28 11:20:28	hexylena	git-gat
2023-03-28 11:18:26	hexylena	git-gat
2023-03-28 11:18:24	galaxyproject	training-material
2023-03-28 11:15:39	galaxyproject	training-material
2023-03-28 10:47:59	galaxyproject	training-material
2023-03-28 09:37:00	galaxyproject	training-material
2023-03-27 13:39:41	galaxyproject	training-material
2023-03-27 13:27:46	mira-miracoli	training-material
2023-03-27 10:13:32	galaxyproject	training-material
2023-03-27 10:03:53	galaxyproject	training-material
2023-03-25 07:01:01	usegalaxy-eu	usegalaxy-eu-tools
2023-03-24 12:05:54	mira-miracoli	training-material
2023-03-24 09:16:00	galaxyproject	training-material
2023-03-24 09:15:25	wm75	training-material
2023-03-24 09:01:28	gallantries	video-library
2023-03-23 15:23:14	galaxyproject	training-material
2023-03-23 14:22:22	galaxyproject	training-material
2023-03-23 13:57:54	usegalaxy-eu	operations
2023-03-23 11:57:42	gallantries	video-library
2023-03-23 11:19:45	galaxyproject	training-material
2023-03-23 11:15:56	galaxyproject	training-material
2023-03-23 11:03:40	galaxyproject	training-material
2023-03-23 10:36:20	galaxyproject	training-material
2023-03-21 16:28:01	galaxyproject	training-material
2023-03-21 16:26:45	galaxyproject	training-material
2023-03-21 11:07:59	gallantries	video-library
2023-03-21 11:04:37	gallantries	video-library
2023-03-21 07:49:13	gallantries	video-library
2023-03-20 12:00:21	hexylena	git-gat
2023-03-20 12:00:19	hexylena	git-gat
2023-03-20 11:58:59	galaxyproject	training-material
2023-03-20 11:49:59	hexylena	git-gat
2023-03-20 11:49:58	hexylena	git-gat
2023-03-20 11:49:10	galaxyproject	training-material
2023-03-20 11:33:04	hexylena	git-gat
2023-03-20 11:31:37	galaxyproject	training-material
2023-03-20 11:26:00	hexylena	git-gat
2023-03-20 11:23:32	galaxyproject	training-material
2023-03-20 08:53:42	galaxyproject	tools-iuc
2023-03-17 12:42:00	hexylena	git-gat
2023-03-17 12:39:42	galaxyproject	training-material
2023-03-17 12:38:58	galaxyproject	training-material
2023-03-17 11:33:34	galaxyproject	tools-iuc
2023-03-17 11:29:57	galaxyproject	training-material
2023-03-17 11:25:55	natefoo	training-material
2023-03-17 11:21:17	natefoo	training-material
2023-03-17 11:09:13	galaxyproject	tools-iuc
2023-03-17 11:07:27	natefoo	training-material
2023-03-16 09:24:47	galaxyproject	training-material
2023-03-15 20:16:05	hexylena	movie-club-bot
2023-03-15 19:30:47	hexylena	movie-club-bot
2023-03-15 17:42:20	hexylena	movie-club-bot
2023-03-15 17:37:58	hexylena	movie-club-bot
2023-03-15 17:33:20	hexylena	movie-club-bot
2023-03-15 15:28:31	hexylena	movie-club-bot
2023-03-15 15:27:23	hexylena	movie-club-bot
2023-03-15 12:42:18	galaxyproject	tools-iuc
2023-03-14 17:16:25	hexylena	git-gat
2023-03-14 17:13:34	galaxyproject	training-material
2023-03-14 16:13:28	galaxyproject	training-material
2023-03-14 15:00:13	gallantries	video-library
2023-03-14 14:57:47	gallantries	video-library
2023-03-14 14:52:30	gallantries	video-library
2023-03-14 14:49:08	gallantries	video-library
2023-03-14 10:49:33	gallantries	video-library
2023-03-14 10:47:14	gallantries	video-library
2023-03-14 10:35:22	gallantries	video-library
2023-03-14 10:24:27	gallantries	gallantries.github.io
2023-03-13 11:40:35	galaxyproject	training-material
2023-03-09 13:50:27	galaxyproject	training-material
2023-03-09 12:45:59	galaxyproject	training-material
2023-03-09 12:36:05	galaxyproject	training-material
2023-03-09 12:34:09	galaxyproject	training-material
2023-03-09 07:15:22	usegalaxy-eu	infrastructure
2023-03-09 00:45:03	usegalaxy-eu	shared-data
2023-03-08 14:42:38	galaxyproject	tiaas2
2023-03-08 14:42:28	tchaussepiedifb	tiaas2
2023-03-08 12:29:04	hexylena	toolshed-version-database
2023-03-08 12:14:47	wee-snufkin	training-material
2023-03-08 10:58:52	hexylena	movie-club-bot
2023-03-08 10:46:47	hexylena	movie-club-bot
2023-03-08 08:19:39	hexylena	movie-club-bot
2023-03-07 14:58:58	galaxyproject	gxadmin
2023-03-07 14:57:40	sanjaysrikakulam	galaxyproject_gxadmin
2023-03-06 12:06:39	galaxyproject	training-material
2023-03-02 15:52:51	hexylena	movie-club-bot
2023-03-02 15:51:00	hexylena	movie-club-bot
2023-03-02 15:39:47	hexylena	movie-club-bot
2023-03-02 15:29:05	hexylena	movie-club-bot
2023-03-02 15:16:03	galaxyproject	training-material
2023-03-02 15:14:24	hexylena	galaxy
2023-03-02 13:39:51	galaxyproject	training-material
2023-03-02 10:55:46	hexylena	galaxy
2023-03-02 09:26:13	hexylena	galaxy
2023-03-02 09:01:02	galaxyproject	gxadmin
2023-03-01 17:36:21	hexylena	git-gat
2023-03-01 17:35:36	galaxyproject	training-material
2023-03-01 17:32:29	hexylena	git-gat
2023-03-01 17:32:28	hexylena	git-gat
2023-03-01 17:31:36	galaxyproject	training-material
2023-03-01 17:01:18	galaxyproject	ansible-tiaas2
2023-03-01 16:41:59	hexylena	git-gat
2023-03-01 16:41:13	galaxyproject	training-material
2023-03-01 15:31:46	galaxyproject	training-material
2023-03-01 14:42:43	galaxyproject	gxadmin
2023-03-01 11:06:47	hexylena	thesis
2023-03-01 09:26:40	galaxyproject	training-material
2023-03-01 09:14:12	galaxyproject	gxadmin
2023-02-27 14:45:00	usegalaxy-eu	infrastructure
2023-02-27 12:57:25	galaxyproject	galaxy-hub
2023-02-20 15:48:19	hexylena	thesis
2023-02-20 13:54:31	hexylena	thesis
2023-02-20 09:53:27	galaxyproject	training-material
2023-02-17 11:56:52	hexylena	git-gat
2023-02-17 10:54:22	galaxyproject	training-material
2023-02-17 10:45:38	hexylena	git-gat
2023-02-17 10:44:46	galaxyproject	training-material
2023-02-17 09:51:25	dannon	galaxy
2023-02-16 21:06:43	usegalaxy-eu	infrastructure
2023-02-16 16:38:12	hexylena	thesis
2023-02-16 09:58:48	galaxyproject	training-material
2023-02-16 09:44:03	gallantries	video-library
2023-02-16 09:31:51	galaxyproject	training-material
2023-02-16 08:24:47	hexylena	movie-club-bot
2023-02-16 00:44:54	usegalaxy-eu	shared-data
2023-02-15 19:57:48	hexylena	movie-club-bot
2023-02-15 19:54:07	hexylena	movie-club-bot
2023-02-15 19:44:06	hexylena	movie-club-bot
2023-02-15 19:33:05	hexylena	movie-club-bot
2023-02-15 19:25:24	hexylena	movie-club-bot
2023-02-15 19:23:17	hexylena	movie-club-bot
2023-02-15 19:18:31	hexylena	movie-club-bot
2023-02-15 19:14:34	hexylena	movie-club-bot
2023-02-15 19:07:08	hexylena	movie-club-bot
2023-02-15 18:52:44	hexylena	movie-club-bot
2023-02-15 18:47:25	hexylena	movie-club-bot
2023-02-15 17:14:12	hexylena	tiaas-paper
2023-02-15 17:12:40	hexylena	tiaas-paper
2023-02-15 17:01:07	hexylena	tiaas-paper
2023-02-15 16:41:06	shiltemann	training-material
2023-02-15 16:40:58	shiltemann	training-material
2023-02-15 09:02:02	hexylena	movie-club-bot
2023-02-15 08:15:47	hexylena	bin
2023-02-15 08:08:49	galaxyproject	training-material
2023-02-15 08:04:38	abueg	training-material
2023-02-15 07:50:56	abueg	training-material
2023-02-14 16:34:38	shiltemann	training-material
2023-02-14 16:29:27	shiltemann	training-material
2023-02-14 08:03:58	galaxyproject	training-material
2023-02-14 08:03:24	CameronFRWatson	training-material
2023-02-14 07:38:48	galaxyproject	gxadmin
2023-02-13 14:48:12	gallantries	video-library
2023-02-13 13:04:23	galaxyproject	training-material
2023-02-13 12:01:17	shiltemann	training-material
2023-02-13 11:43:42	abretaud	gxadmin
2023-02-10 16:52:09	dannon	galaxy
2023-02-10 16:35:03	dannon	galaxy
2023-02-10 14:08:30	abretaud	gxadmin
2023-02-10 11:42:49	dannon	galaxy
2023-02-10 09:58:21	jasonjgill	usegalaxy-eu-tools
2023-02-10 09:53:44	galaxyproject	training-material
2023-02-08 17:22:02	galaxyproject	training-material
2023-02-08 16:52:38	galaxyproject	training-material
2023-02-08 16:37:59	galaxyproject	training-material
2023-02-08 16:27:33	galaxyproject	training-material
2023-02-08 15:47:50	galaxyproject	training-material
2023-02-08 12:45:14	galaxyproject	training-material
2023-02-08 09:02:44	hexylena	movie-club-bot
2023-02-08 08:37:47	AnnaSyme	training-material
2023-02-08 08:36:57	AnnaSyme	training-material
2023-02-08 08:02:06	AnnaSyme	training-material
2023-02-07 11:39:53	galaxyproject	training-material
2023-02-07 11:36:15	galaxyproject	training-material
2023-02-07 11:18:57	galaxyproject	gxadmin
2023-02-07 11:17:05	galaxyproject	gxadmin
2023-02-07 11:11:24	galaxyproject	gxadmin
2023-02-07 11:02:20	galaxyproject	gxadmin
2023-02-07 10:59:46	galaxyproject	gxadmin
2023-02-07 10:58:39	galaxyproject	gxadmin
2023-02-07 10:57:03	galaxyproject	gxadmin
2023-02-07 10:52:06	galaxyproject	gxadmin
2023-02-07 10:39:09	galaxyproject	training-material
2023-02-07 10:35:30	galaxyproject	training-material
2023-02-07 10:34:57	galaxyproject	training-material
2023-02-07 10:24:13	galaxyproject	training-material
2023-02-07 09:41:27	galaxyproject	training-material
2023-02-07 09:35:20	galaxyproject	training-material
2023-02-07 09:09:03	galaxyproject	training-material
2023-02-07 08:22:54	galaxyproject	training-material
2023-02-06 17:00:51	galaxyproject	training-material
2023-02-06 12:31:26	galaxyproject	ansible-tiaas2
2023-02-06 11:54:49	galaxyproject	training-material
2023-02-06 11:50:41	galaxyproject	training-material
2023-02-06 11:32:24	galaxyproject	training-material
2023-02-06 11:22:35	galaxyproject	training-material
2023-02-06 11:19:55	galaxyproject	training-material
2023-02-06 10:35:05	galaxyproject	training-material
2023-02-06 08:54:58	galaxyproject	training-material
2023-02-06 08:40:30	galaxyproject	training-material
2023-02-06 08:39:39	galaxyproject	training-material
2023-02-06 08:39:20	galaxyproject	training-material
2023-02-06 08:37:45	galaxyproject	training-material
2023-02-06 08:36:48	galaxyproject	tiaas2
2023-02-06 08:08:12	galaxyproject	tiaas2
2023-02-04 12:43:41	hexylena	traewelling
2023-02-03 13:27:03	galaxyproject	galaxy-hub
2023-02-03 13:26:18	galaxyproject	ansible-cvmfs
2023-02-03 12:02:36	galaxyproject	training-material
2023-02-03 11:53:50	hexylena	hexylena.css
2023-02-03 10:34:22	hexylena	thesis
2023-02-03 10:33:50	hexylena	hexylena.css
2023-02-03 10:20:12	hexylena	hexylena.github.io
2023-02-03 10:13:59	hexylena	thesis
2023-02-02 15:42:42	galaxyproject	training-material
2023-02-02 15:21:00	galaxyproject	training-material
2023-02-02 15:04:11	galaxyproject	training-material
2023-02-02 15:01:51	galaxyproject	training-material
2023-02-02 12:21:49	hexylena	git-gat
2023-02-02 12:21:48	hexylena	git-gat
2023-02-02 12:21:09	galaxyproject	training-material
2023-02-02 12:17:43	hexylena	git-gat
2023-02-02 12:17:41	hexylena	git-gat
2023-02-02 12:16:59	galaxyproject	training-material
2023-02-02 12:14:55	hexylena	git-gat
2023-02-02 12:14:01	galaxyproject	training-material
2023-02-02 12:09:35	galaxyproject	training-material
2023-02-02 00:45:19	usegalaxy-eu	shared-data
2023-02-01 16:19:49	galaxyproject	gxy.io
2023-02-01 15:39:38	galaxyproject	tiaas2
2023-02-01 14:42:49	galaxyproject	training-material
2023-02-01 14:33:36	hexylena	hexylena.css
2023-02-01 14:21:21	hexylena	thesis
2023-02-01 14:09:29	hexylena	hexylena.css
2023-02-01 14:08:59	hexylena	hexylena.css
2023-02-01 14:05:28	hexylena	hexylena.css
2023-02-01 14:03:01	hexylena	hexylena.css
2023-02-01 13:18:47	hexylena	hexylena.github.io
2023-02-01 13:16:32	hexylena	thesis
2023-02-01 13:02:50	hexylena	thesis
2023-02-01 12:46:14	hexylena	thesis
2023-02-01 10:43:42	usegalaxy-eu	hosting
2023-02-01 10:42:23	usegalaxy-eu	hosting
2023-02-01 10:29:55	galaxyproject	training-material
2023-02-01 09:12:22	galaxyproject	training-material
2023-02-01 09:01:24	galaxyproject	gxy.io
2023-02-01 08:58:53	galaxyproject	gxy.io
2023-02-01 08:43:39	galaxyproject	gxy.io
2023-01-31 14:00:46	galaxyproject	galaxy-hub
2023-01-31 11:16:23	galaxyproject	gxy.io
2023-01-31 11:02:14	gallantries	video-library
2023-01-30 14:29:55	hexylena	galaxy
2023-01-30 14:25:36	galaxyproject	gxadmin
2023-01-30 13:49:50	hexylena	galaxy
2023-01-30 13:27:14	hexylena	galaxy
2023-01-30 13:26:14	galaxyproject	galaxy
2023-01-30 13:21:54	galaxyproject	galaxy
2023-01-30 13:19:54	galaxyproject	galaxy
2023-01-30 10:08:50	gallantries	video-library
2023-01-30 09:44:30	galaxyproject	training-material
2023-01-30 09:39:09	galaxyproject	training-material
2023-01-30 09:32:57	galaxyproject	training-material
2023-01-30 09:32:21	wee-snufkin	training-material
2023-01-27 14:27:39	hexylena	tootit
2023-01-27 10:59:17	galaxyproject	training-material
2023-01-27 10:44:58	gallantries	video-library
2023-01-27 10:42:50	gallantries	video-library
2023-01-27 10:36:37	galaxyproject	training-material
2023-01-27 10:27:51	gallantries	video-library
2023-01-27 10:18:53	gallantries	gallantries.github.io
2023-01-27 08:11:29	hexylena	tiaas-paper
2023-01-27 07:59:07	usegalaxy-eu	ansible-tiaas-group-join
2023-01-27 07:58:06	usegalaxy-eu	tiaas-group-join
2023-01-26 12:17:22	galaxyproject	training-material
2023-01-26 12:11:18	MarisaJL	training-material
2023-01-26 12:06:04	MarisaJL	training-material
2023-01-25 16:08:26	hexylena	thesis
2023-01-25 16:03:50	galaxyproject	training-material
2023-01-25 16:01:00	hexylena	thesis
2023-01-25 15:59:52	galaxyproject	training-material
2023-01-25 15:56:40	galaxyproject	training-material
2023-01-25 15:42:30	usegalaxy-eu	infrastructure
2023-01-25 11:22:47	usegalaxy-eu	infrastructure
2023-01-25 09:43:35	galaxyproject	training-material
2023-01-24 14:40:25	usegalaxy-eu	infrastructure
2023-01-24 14:25:25	hexylena	git-gat
2023-01-24 14:24:46	galaxyproject	training-material
2023-01-24 14:22:55	hexylena	git-gat
2023-01-24 14:22:12	galaxyproject	training-material
2023-01-24 13:50:59	hexylena	git-gat
2023-01-24 13:50:58	hexylena	git-gat
2023-01-24 13:50:13	galaxyproject	training-material
2023-01-24 13:43:52	hexylena	git-gat
2023-01-24 13:43:04	galaxyproject	training-material
2023-01-24 13:17:23	hexylena	git-gat
2023-01-24 13:14:49	galaxyproject	training-material
2023-01-23 16:27:13	galaxyproject	training-material
2023-01-23 16:24:55	hexylena	git-gat
2023-01-23 16:24:04	galaxyproject	training-material
2023-01-23 14:39:04	hexylena	git-gat
2023-01-23 14:38:25	galaxyproject	training-material
2023-01-23 14:35:40	hexylena	git-gat
2023-01-23 13:02:23	ErasmusMC-Bioinformatics	iobio_containers
2023-01-23 11:43:00	galaxyproject	training-material
2023-01-23 11:27:06	galaxyproject	training-material
2023-01-23 10:57:24	galaxyproject	training-material
2023-01-23 10:05:02	galaxyproject	training-material
2023-01-23 10:04:26	galaxyproject	training-material
2023-01-21 17:08:50	hexylena	hexylena.github.io
2023-01-21 17:07:25	hexylena	hexylena.github.io
2023-01-21 16:59:31	hexylena	hexylena.github.io
2023-01-21 13:57:28	hexylena	dotfiles
2023-01-21 13:53:42	hexylena	hexylena.github.io
2023-01-21 13:50:15	hexylena	hexylena.github.io
2023-01-21 13:48:55	hexylena	hexylena.github.io
2023-01-21 12:16:50	hexylena	hexylena.github.io
2023-01-20 17:20:19	galaxyproject	training-material
2023-01-20 17:05:16	hexylena	thesis
2023-01-20 16:59:46	galaxyproject	training-material
2023-01-20 16:51:20	galaxyproject	training-material
2023-01-20 15:01:44	hexylena	thesis
2023-01-20 14:56:21	galaxyproject	training-material
2023-01-20 14:46:56	hexylena	thesis
2023-01-20 14:39:14	hexylena	thesis
2023-01-20 14:33:09	hexylena	thesis
2023-01-20 14:31:03	hexylena	thesis
2023-01-20 14:09:46	hexylena	thesis
2023-01-20 13:45:08	galaxyproject	training-material
2023-01-20 13:24:16	galaxyproject	training-material
2023-01-20 11:42:39	hexylena	thesis
2023-01-20 10:53:44	hexylena	thesis
2023-01-17 10:25:53	hexylena	tootit
2023-01-17 10:23:20	hexylena	tootit
2023-01-17 10:11:28	hexylena	tootit
2023-01-17 10:09:23	hexylena	tootit
2023-01-17 10:07:37	hexylena	tootit
2023-01-17 10:05:11	hexylena	tootit
2023-01-17 09:51:35	hexylena	tootit
2023-01-17 09:50:23	hexylena	tootit
2023-01-17 09:45:56	hexylena	tootit
2023-01-17 09:43:57	hexylena	tootit
2023-01-17 09:42:44	hexylena	tootit
2023-01-17 09:33:34	hexylena	tootit
2023-01-16 17:03:37	hexylena	tootit
2023-01-16 16:40:20	hexylena	tootit
2023-01-16 16:38:11	hexylena	tootit
2023-01-16 14:19:27	gallantries	gallantries.github.io
2023-01-16 14:07:07	gallantries	video-library
2023-01-16 14:02:24	galaxyproject	gxy.io
2023-01-16 13:35:08	gallantries	gallantries.github.io
2023-01-16 13:28:50	galaxyproject	training-material
2023-01-16 13:26:21	galaxyproject	gxy.io
2023-01-16 11:38:16	galaxyproject	tiaas2
2023-01-16 11:08:39	hexylena	gtn-slack-bot
2023-01-13 13:35:33	galaxyproject	training-material
2023-01-13 13:30:51	galaxyproject	training-material
2023-01-13 11:16:20	hexylena	pgmasto
2023-01-13 11:06:31	galaxyproject	training-material
2023-01-12 14:47:09	galaxyproject	training-material
2023-01-12 11:59:05	hexylena	git-gat
2023-01-12 11:58:24	galaxyproject	training-material
2023-01-12 11:50:55	hexylena	git-gat
2023-01-12 11:50:54	hexylena	git-gat
2023-01-12 11:50:06	galaxyproject	training-material
2023-01-12 11:43:58	hexylena	git-gat
2023-01-12 11:43:56	hexylena	git-gat
2023-01-12 11:43:15	galaxyproject	training-material
2023-01-12 11:33:22	hexylena	git-gat
2023-01-12 11:33:21	hexylena	git-gat
2023-01-12 11:32:39	galaxyproject	training-material
2023-01-12 11:26:11	hexylena	git-gat
2023-01-12 11:25:30	galaxyproject	training-material
2023-01-12 11:18:07	hexylena	git-gat
2023-01-12 11:17:02	hexylena	git-gat
2023-01-12 11:16:24	galaxyproject	training-material
2023-01-12 11:15:10	hexylena	git-gat
2023-01-12 11:15:08	hexylena	git-gat
2023-01-12 10:54:42	hexylena	git-gat
2023-01-12 10:54:41	hexylena	git-gat
2023-01-12 10:54:03	galaxyproject	training-material
2023-01-12 10:51:24	hexylena	git-gat
2023-01-12 10:51:23	hexylena	git-gat
2023-01-12 10:50:22	galaxyproject	training-material
2023-01-12 10:48:46	galaxyproject	planemo
2023-01-12 10:46:55	hexylena	git-gat
2023-01-12 10:46:03	galaxyproject	training-material
2023-01-12 10:23:23	hexylena	git-gat
2023-01-12 10:17:19	galaxyproject	training-material
2023-01-11 19:21:06	galaxyproject	training-material
2023-01-10 14:30:40	galaxyproject	training-material
2023-01-10 12:34:33	galaxyproject	gxadmin
2023-01-10 12:33:58	galaxyproject	gxadmin
2023-01-10 11:39:30	galaxyproject	gxadmin
2023-01-09 10:36:33	hexylena	mlb-what-to-watch
2023-01-09 09:38:36	galaxyproject	training-material
2023-01-09 09:36:53	galaxyproject	tiaas2
2023-01-05 14:59:24	galaxyproject	training-material
2023-01-05 14:53:24	hexylena	DNAnalyzer
2023-01-05 14:08:57	pvanheus	training-material
2023-01-05 09:36:39	galaxyproject	tiaas2
2023-01-05 00:45:18	usegalaxy-eu	shared-data
2023-01-04 09:57:45	galaxyproject	training-material
2023-01-04 09:55:15	galaxyproject	training-material
2023-01-04 09:37:21	galaxyproject	tiaas2
2023-01-03 13:15:37	galaxyproject	training-material
2023-01-03 12:06:13	galaxyproject	training-material
2023-01-03 10:43:17	galaxyproject	training-material
2023-01-02 12:39:03	galaxyproject	gxadmin
2023-01-02 12:32:49	galaxyproject	gxadmin
2023-01-02 10:54:43	galaxyproject	tiaas2
2023-01-02 10:49:07	galaxyproject	tiaas2
2023-01-02 10:45:35	galaxyproject	gx-it-proxy
2023-01-02 10:45:09	galaxyproject	gxadmin
2023-01-02 10:24:01	galaxyproject	training-material
2023-01-02 10:21:12	galaxyproject	training-material
2022-12-21 13:32:01	usegalaxy-eu	infrastructure
2022-12-21 12:43:05	galaxyproject	gxadmin
2022-12-21 10:31:36	galaxyproject	gxadmin
2022-12-20 16:17:11	usegalaxy-eu	infrastructure
2022-12-20 12:35:21	galaxyproject	training-material
2022-12-16 09:53:00	galaxyproject	gxadmin
2022-12-15 16:54:11	galaxyproject	gxadmin
2022-12-15 16:52:10	galaxyproject	gxadmin
2022-12-15 14:57:32	ErasmusMC-Bioinformatics	iobio_containers
2022-12-15 14:54:08	ErasmusMC-Bioinformatics	iobio_containers
2022-12-15 10:44:11	galaxyproject	tools-iuc
2022-12-15 10:05:40	galaxyproject	tools-iuc
2022-12-15 09:50:50	hexylena	bin
2022-12-15 09:40:29	hexylena	bin
2022-12-14 17:57:03	galaxyproject	galaxy-hub
2022-12-14 16:04:43	ErasmusMC-Bioinformatics	infrastructure
2022-12-14 14:14:27	galaxyproject	tools-iuc
2022-12-14 13:32:55	galaxyproject	tools-iuc
2022-12-14 11:37:24	galaxyproject	tools-iuc
2022-12-14 11:18:25	galaxyproject	tools-iuc
2022-12-13 15:51:44	galaxyproject	gxadmin
2022-12-13 15:42:00	galaxyproject	tools-iuc
2022-12-13 15:40:11	galaxyproject	tools-iuc
2022-12-12 20:16:17	usegalaxy-eu	infrastructure
2022-12-12 15:40:31	usegalaxy-eu	infrastructure
2022-12-12 13:47:24	usegalaxy-eu	infrastructure
2022-12-10 13:48:54	hexylena	dotfiles
2022-12-09 11:25:34	hexylena	git-gat
2022-12-09 11:24:55	galaxyproject	training-material
2022-12-07 21:35:53	hexylena	movie-club-bot
2022-12-07 20:44:53	hexylena	movie-club-bot
2022-12-07 20:32:23	hexylena	movie-club-bot
2022-12-07 20:14:17	hexylena	movie-club-bot
2022-12-07 20:10:40	hexylena	movie-club-bot
2022-12-07 19:57:03	hexylena	movie-club-bot
2022-12-07 19:42:47	hexylena	movie-club-bot
2022-12-07 19:29:38	hexylena	movie-club-bot
2022-12-07 19:26:44	hexylena	movie-club-bot
2022-12-07 19:10:30	hexylena	movie-club-bot
2022-12-07 19:02:20	hexylena	movie-club-bot
2022-12-07 18:59:59	hexylena	movie-club-bot
2022-12-07 18:53:56	hexylena	movie-club-bot
2022-12-07 16:28:10	gallantries	video-library
2022-12-07 15:11:44	galaxyproject	tools-iuc
2022-12-07 12:01:54	hexylena	git-gat
2022-12-07 10:49:37	usegalaxy-eu	ansible-galaxy-subdomains
2022-12-06 15:08:40	galaxyproject	gravity
2022-12-05 20:39:19	hexylena	infrastructure
2022-12-05 20:38:45	hexylena	infrastructure
2022-12-05 16:25:12	galaxyproject	galaxy-hub
2022-12-05 15:22:45	ErasmusMC-Bioinformatics	infrastructure
2022-12-05 15:04:55	usegalaxy-eu	infrastructure
2022-12-05 14:18:39	galaxyproject	ptdk
2022-12-05 14:15:12	galaxyproject	ptdk
2022-12-05 13:00:36	galaxyproject	ansible-cvmfs
2022-12-05 12:59:13	galaxyproject	ansible-cvmfs
2022-12-05 12:53:40	galaxyproject	ansible-cvmfs
2022-12-05 12:14:00	usegalaxy-eu	ansible-certbot
2022-12-05 12:06:38	galaxyproject	ansible-gxadmin
2022-12-05 12:05:56	galaxyproject	ansible-gxadmin
2022-12-05 12:05:14	galaxyproject	ansible-gxadmin
2022-12-05 11:52:17	galaxyproject	ansible-gxadmin
2022-12-05 11:50:11	galaxyproject	ansible-gxadmin
2022-12-05 11:45:19	galaxyproject	ansible-gxadmin
2022-12-05 11:36:16	galaxyproject	ansible-gxadmin
2022-12-05 11:31:42	usegalaxy-eu	ansible-galaxy-systemd
2022-12-05 11:31:07	galaxyproject	ansible-galaxy
2022-12-05 11:30:46	galaxyproject	ansible-cvmfs
2022-12-05 11:29:46	usegalaxy-eu	ansible-certbot
2022-12-05 11:12:38	usegalaxy-eu	ansible-galaxy-subdomains
2022-12-05 11:10:20	usegalaxy-eu	ansible-galaxy-subdomains
2022-12-05 11:07:59	usegalaxy-eu	ansible-galaxy-subdomains
2022-12-05 09:45:12	galaxy-iuc	standards
2022-12-03 19:39:34	shiltemann	recipes
2022-12-03 19:23:31	shiltemann	recipes
2022-12-03 19:18:45	shiltemann	recipes
2022-12-03 18:33:34	shiltemann	recipes
2022-12-03 18:10:28	shiltemann	recipes
2022-12-02 08:30:38	hexylena	movie-club-bot
2022-12-01 13:08:23	galaxyproject	galaxy-hub
2022-12-01 11:19:39	hexylena	movie-club-bot
2022-12-01 10:38:25	hexylena	movie-club-bot
2022-12-01 08:54:30	hexylena	movie-club-bot
2022-11-29 11:57:51	galaxyproject	gxadmin
2022-11-29 11:56:16	galaxyproject	gxadmin
2022-11-28 16:23:19	galaxyproject	gxadmin
2022-11-28 16:22:43	galaxyproject	gxadmin
2022-11-28 14:10:50	mira-miracoli	ephemeris
2022-11-28 13:49:18	mira-miracoli	ephemeris
2022-11-28 13:42:45	mira-miracoli	ephemeris
2022-11-28 12:05:01	galaxyproject	ansible-tiaas2
2022-11-28 11:04:17	galaxyproject	training-material
2022-11-28 11:02:20	galaxyproject	training-material
2022-11-28 11:00:00	galaxyproject	training-material
2022-11-28 10:25:08	hexylena	git-gat
2022-11-28 10:25:07	hexylena	git-gat
2022-11-28 10:24:28	hexylena	git-gat
2022-11-28 10:24:27	galaxyproject	training-material
2022-11-28 10:24:26	hexylena	git-gat
2022-11-28 10:23:04	galaxyproject	training-material
2022-11-28 10:21:03	hexylena	git-gat
2022-11-24 16:54:50	galaxyproject	training-material
2022-11-24 16:54:37	galaxyproject	training-material
2022-11-24 16:34:27	Avans-ATGM	infrastructure
2022-11-24 13:01:11	hexylena	git-gat
2022-11-24 12:59:20	galaxyproject	training-material
2022-11-24 12:54:24	Avans-ATGM	infrastructure
2022-11-24 12:49:48	Avans-ATGM	infrastructure
2022-11-24 12:12:01	Avans-ATGM	infrastructure
2022-11-24 12:10:35	Avans-ATGM	infrastructure
2022-11-24 12:05:50	Avans-ATGM	infrastructure
2022-11-24 12:02:32	galaxyproject	tiaas2
2022-11-24 11:48:30	galaxyproject	tiaas2
2022-11-24 11:48:00	galaxyproject	tiaas2
2022-11-24 11:42:57	Avans-ATGM	infrastructure
2022-11-24 11:36:23	Avans-ATGM	infrastructure
2022-11-24 11:32:48	Avans-ATGM	infrastructure
2022-11-24 11:30:11	Avans-ATGM	infrastructure
2022-11-24 11:22:49	Avans-ATGM	infrastructure
2022-11-24 11:15:44	Avans-ATGM	infrastructure
2022-11-24 11:09:15	Avans-ATGM	infrastructure
2022-11-24 08:56:00	usegalaxy-eu	ansible-certbot
2022-11-24 00:45:16	usegalaxy-eu	shared-data
2022-11-23 14:18:48	galaxyproject	tools-iuc
2022-11-23 13:46:49	ErasmusMC-Bioinformatics	infrastructure
2022-11-23 13:35:41	ErasmusMC-Bioinformatics	infrastructure
2022-11-23 11:47:38	ErasmusMC-Bioinformatics	infrastructure
2022-11-23 11:35:16	ErasmusMC-Bioinformatics	infrastructure
2022-11-23 11:10:54	ErasmusMC-Bioinformatics	infrastructure
2022-11-23 09:41:20	galaxyproject	training-material
2022-11-23 09:40:49	galaxyproject	training-material
2022-11-22 12:01:39	usegalaxy-eu	infrastructure
2022-11-22 10:42:27	galaxyproject	training-material
2022-11-21 13:51:09	galaxyproject	training-material
2022-11-18 14:39:12	ErasmusMC-Bioinformatics	erasmusmc-bioinformatics.github.io
2022-11-18 14:22:10	galaxyproject	galaxy-hub
2022-11-18 10:23:01	galaxyproject	gxadmin
2022-11-18 10:21:30	usegalaxy-eu	ansible-galaxy-subdomains
2022-11-17 15:37:16	galaxyproject	gxadmin
2022-11-17 14:47:41	galaxyproject	gxadmin
2022-11-17 14:29:44	galaxyproject	gxadmin
2022-11-17 14:26:47	galaxyproject	gxadmin
2022-11-17 14:03:43	hexylena	wap
2022-11-17 13:43:07	hexylena	wap
2022-11-17 12:50:15	hexylena	wap
2022-11-17 12:48:31	hexylena	wap
2022-11-17 12:46:19	hexylena	wap
2022-11-17 12:44:22	hexylena	wap
2022-11-17 10:46:30	galaxyproject	gxadmin
2022-11-17 10:44:37	galaxyproject	gxadmin
2022-11-17 10:02:23	galaxyproject	gxadmin
2022-11-17 09:59:11	cat-bro	gxadmin
2022-11-17 09:54:29	cat-bro	gxadmin
2022-11-17 09:46:23	usegalaxy-eu	ansible-certbot
2022-11-17 09:46:18	galaxyproject	tiaas2
2022-11-17 09:44:36	Slugger70	ansible-certbot
2022-11-17 09:44:16	Slugger70	ansible-certbot
2022-11-16 15:32:34	galaxyproject	ansible-galaxy
2022-11-16 13:28:15	galaxyproject	ptdk
2022-11-16 13:14:27	usegalaxy-eu	ansible-galaxy-subdomains
2022-11-15 12:37:50	galaxyproject	training-material
2022-11-14 17:06:25	galaxyproject	ptdk
2022-11-14 17:02:18	galaxyproject	ptdk
2022-11-14 17:00:55	galaxyproject	gxadmin
2022-11-14 16:57:32	galaxy-iuc	standards
2022-11-14 16:55:35	galaxyproject	ptdk
2022-11-14 16:33:42	galaxyproject	gxadmin
2022-11-14 16:27:07	galaxyproject	gxadmin
2022-11-14 16:20:28	galaxy-iuc	standards
2022-11-14 16:18:46	galaxyproject	training-material
2022-11-14 15:39:04	galaxyproject	ptdk
2022-11-14 15:19:58	galaxyproject	ptdk
2022-11-14 15:14:49	nomadscientist	training-material
2022-11-14 15:11:56	nomadscientist	training-material
2022-11-14 09:51:55	galaxyproject	training-material
2022-11-12 08:46:36	usegalaxy-eu	infrastructure
2022-11-11 10:06:36	galaxyproject	ansible-galaxy
2022-11-09 17:07:40	hexylena	activitypub-simple
2022-11-09 15:19:16	hexylena	hexylena
2022-11-09 14:01:14	usegalaxy-eu	ansible-galaxy-subdomains
2022-11-09 13:57:23	usegalaxy-eu	ansible-galaxy-subdomains
2022-11-09 13:51:29	usegalaxy-eu	ansible-galaxy-subdomains
2022-11-09 13:34:09	usegalaxy-eu	ansible-galaxy-subdomains
2022-11-09 13:22:55	usegalaxy-eu	ansible-galaxy-subdomains
2022-11-09 13:15:10	usegalaxy-eu	ansible-galaxy-subdomains
2022-11-09 13:02:51	usegalaxy-eu	ansible-galaxy-subdomains
2022-11-09 13:02:36	usegalaxy-eu	ansible-galaxy-subdomains
2022-11-09 12:17:28	usegalaxy-eu	infrastructure
2022-11-09 11:29:20	hexylena	git-gat
2022-11-09 11:29:19	hexylena	git-gat
2022-11-09 11:08:01	hexylena	git-gat
2022-11-09 11:07:19	galaxyproject	training-material
2022-11-09 11:04:55	hexylena	git-gat
2022-11-09 10:36:21	usegalaxy-eu	ansible-galaxy-subdomains
2022-11-09 10:33:23	usegalaxy-eu	ansible-galaxy-subdomains
2022-11-09 10:30:41	usegalaxy-eu	ansible-galaxy-subdomains
2022-11-09 10:30:13	usegalaxy-eu	ansible-galaxy-subdomains
2022-11-08 17:03:51	hexylena	activitypub-simple
2022-11-08 10:03:13	galaxyproject	training-material
2022-11-08 09:30:58	galaxyproject	ansible-postgresql-objects
2022-11-07 15:08:44	galaxyproject	tiaas2
2022-11-07 14:44:37	galaxyproject	tiaas2
2022-11-07 14:25:06	galaxyproject	training-material
2022-11-07 13:40:49	galaxyproject	training-material
2022-11-07 12:40:37	galaxyproject	tiaas2
2022-11-07 12:23:43	hexylena	git-gat
2022-11-07 12:23:42	hexylena	git-gat
2022-11-07 11:38:21	hexylena	git-gat
2022-11-07 10:27:58	galaxyproject	tiaas2
2022-11-07 10:27:04	galaxyproject	tiaas2
2022-11-07 09:22:38	galaxyproject	galaxy-hub
2022-11-07 09:22:31	galaxyproject	galaxy-hub
2022-11-04 11:59:43	galaxyproject	tiaas2
2022-11-04 11:21:52	galaxyproject	tiaas2
2022-11-04 10:54:18	galaxyproject	training-material
2022-11-03 15:18:58	galaxyproject	training-material
2022-11-03 15:14:24	galaxyproject	training-material
2022-11-03 15:11:42	galaxyproject	training-material
2022-11-03 11:34:48	galaxyproject	training-material
2022-11-03 11:32:39	galaxyproject	training-material
2022-11-03 11:22:08	galaxyproject	ansible-postgresql-objects
2022-11-03 11:20:57	galaxyproject	ansible-postgresql-objects
2022-11-03 11:14:18	galaxyproject	ansible-postgresql
2022-11-03 11:01:04	galaxyproject	training-material
2022-11-03 10:40:07	usegalaxy-eu	infrastructure-playbook
2022-11-03 09:06:29	galaxyproject	training-material
2022-11-03 08:26:56	galaxyproject	GTN-community-paper-2020
2022-11-03 08:13:37	galaxyproject	ansible-postgresql
2022-11-03 00:45:16	usegalaxy-eu	shared-data
2022-11-02 14:40:18	galaxyproject	training-material
2022-11-02 10:39:08	galaxyproject	galaxy-hub
2022-11-02 08:29:41	natefoo	galaxy-hub
2022-11-02 08:16:00	natefoo	galaxy-hub
2022-11-01 16:53:23	galaxyproject	training-material
2022-11-01 13:20:56	galaxyproject	training-material
2022-11-01 12:38:17	galaxyproject	gxadmin
2022-11-01 12:35:54	galaxyproject	tiaas2
2022-10-29 06:38:40	usegalaxy-eu	infrastructure
2022-10-28 19:07:12	usegalaxy-eu	infrastructure
2022-10-28 10:44:00	galaxyproject	training-material
2022-10-28 09:10:24	galaxyproject	ansible-tiaas2
2022-10-28 09:09:24	galaxyproject	ansible-tiaas2
2022-10-28 09:08:54	galaxyproject	ansible-tiaas2
2022-10-28 09:07:34	galaxyproject	ansible-tiaas2
2022-10-28 09:06:56	galaxyproject	ansible-tiaas2
2022-10-28 08:58:00	galaxyproject	tiaas2
2022-10-28 08:54:05	galaxyproject	ansible-tiaas2
2022-10-28 08:51:49	galaxyproject	ansible-tiaas2
2022-10-28 08:51:27	galaxyproject	ansible-tiaas2
2022-10-27 14:39:55	galaxyproject	tools-iuc
2022-10-27 12:58:50	galaxyproject	training-material
2022-10-27 12:26:35	galaxyproject	training-material
2022-10-27 12:21:22	galaxyproject	training-material
2022-10-27 12:04:42	galaxyproject	training-material
2022-10-27 11:58:35	galaxyproject	training-material
2022-10-27 11:57:29	galaxyproject	training-material
2022-10-27 11:57:00	galaxyproject	training-material
2022-10-27 11:47:19	galaxyproject	training-material
2022-10-27 11:46:48	galaxyproject	training-material
2022-10-27 10:45:04	galaxyproject	training-material
2022-10-27 10:38:18	galaxyproject	training-material
2022-10-27 09:53:31	usegalaxy-eu	infrastructure-playbook
2022-10-27 08:10:57	galaxy-genome-annotation	gff-survey
2022-10-27 08:07:45	galaxy-genome-annotation	gff-survey
2022-10-27 08:06:20	galaxy-genome-annotation	gff-survey
2022-10-27 07:55:31	galaxy-genome-annotation	gff-survey
2022-10-27 07:53:32	galaxy-genome-annotation	gff-survey
2022-10-26 23:45:42	usegalaxy-eu	shared-data
2022-10-26 17:13:07	galaxy-genome-annotation	gff-survey
2022-10-26 17:07:27	galaxy-genome-annotation	gff-survey
2022-10-26 16:53:29	galaxy-genome-annotation	gff-survey
2022-10-26 16:23:49	galaxyproject	training-material
2022-10-26 16:23:37	galaxyproject	training-material
2022-10-26 15:43:50	galaxyproject	training-material
2022-10-26 15:25:43	galaxyproject	training-material
2022-10-26 15:06:33	galaxyproject	training-material
2022-10-26 12:21:32	hexylena	gtn-lint-test
2022-10-26 12:20:03	hexylena	gtn-lint-test
2022-10-26 12:17:16	hexylena	gtn-lint-test
2022-10-26 12:15:53	hexylena	gtn-lint-test
2022-10-26 12:06:23	galaxyproject	training-material
2022-10-26 11:31:05	galaxyproject	training-material
2022-10-26 11:08:36	galaxyproject	training-material
2022-10-25 10:11:00	galaxyproject	training-material
2022-10-25 09:21:35	hexylena	git-gat
2022-10-24 11:02:30	galaxyproject	tools-iuc
2022-10-24 10:56:57	galaxyproject	tools-iuc
2022-10-21 12:25:06	galaxyproject	training-material
2022-10-21 12:21:56	galaxyproject	training-material
2022-10-21 12:12:17	galaxyproject	training-material
2022-10-21 12:03:44	desmond-jasper	training-material
2022-10-21 12:03:14	desmond-jasper	training-material
2022-10-21 12:01:40	desmond-jasper	training-material
2022-10-21 11:58:44	desmond-jasper	training-material
2022-10-21 11:56:36	galaxyproject	training-material
2022-10-21 11:56:17	wee-snufkin	training-material
2022-10-21 11:45:59	galaxyproject	training-material
2022-10-21 11:45:05	galaxyproject	training-material
2022-10-21 11:44:40	galaxyproject	training-material
2022-10-21 11:44:20	galaxyproject	training-material
2022-10-21 09:08:26	galaxyproject	training-material
2022-10-20 13:47:15	galaxyproject	training-material
2022-10-20 12:05:21	hexylena	auto-python
2022-10-20 10:19:37	hexylena	the-great-code-off-server
2022-10-20 09:38:47	hexylena	the-great-code-off-client
2022-10-20 09:20:26	Avans-ATGM	infrastructure
2022-10-20 09:19:26	hexylena	the-great-code-off-client
2022-10-20 09:08:59	hexylena	the-great-code-off-client
2022-10-20 09:02:23	Avans-ATGM	infrastructure
2022-10-20 08:57:47	hexylena	code-combat-server
2022-10-20 08:55:37	hexylena	code-combat-client
2022-10-20 08:53:39	hexylena	code-combat-server
2022-10-19 15:36:31	galaxy-genome-annotation	gff-survey
2022-10-19 14:54:57	galaxyproject	training-material
2022-10-19 14:40:33	galaxyproject	training-material
2022-10-19 13:03:42	shiltemann	training-material
2022-10-19 12:48:20	galaxyproject	training-material
2022-10-19 11:17:24	galaxyproject	training-material
2022-10-19 09:22:25	galaxyproject	gravity
2022-10-19 09:19:17	galaxyproject	training-material
2022-10-18 15:06:28	galaxyproject	training-material
2022-10-18 14:04:00	hexylena	code-combat-server
2022-10-18 14:02:14	hexylena	code-combat-server
2022-10-18 13:55:54	hexylena	code-combat-client
2022-10-18 13:49:31	galaxyproject	training-material
2022-10-18 13:47:20	hexylena	code-combat-client
2022-10-18 11:10:34	galaxyproject	training-material
2022-10-18 10:13:19	galaxyproject	training-material
2022-10-18 09:32:27	hexylena	git-gat
2022-10-18 09:25:11	galaxyproject	tiaas2
2022-10-18 09:23:54	galaxyproject	tiaas2
2022-10-18 08:57:50	galaxyproject	training-material
2022-10-18 08:53:49	galaxyproject	gxadmin
2022-10-18 08:53:10	hexylena	wap
2022-10-18 08:53:05	galaxyproject	gxadmin
2022-10-17 14:34:02	galaxyproject	training-material
2022-10-17 13:38:27	Avans-ATGM	infrastructure
2022-10-17 12:51:19	galaxyproject	training-material
2022-10-17 12:44:37	galaxyproject	training-material
2022-10-17 12:42:37	galaxyproject	training-material
2022-10-17 10:18:36	galaxyproject	training-material
2022-10-17 10:08:53	galaxyproject	training-material
2022-10-17 09:35:06	galaxyproject	training-material
2022-10-17 09:29:59	galaxyproject	gxadmin
2022-10-14 09:07:14	galaxyproject	training-material
2022-10-13 17:20:23	galaxyproject	galaxy-hub
2022-10-13 17:18:38	galaxyproject	gxadmin
2022-10-13 14:23:48	galaxyproject	training-material
2022-10-13 14:16:55	galaxyproject	training-material
2022-10-13 09:26:53	galaxyproject	training-material
2022-10-13 08:07:13	galaxyproject	galaxy-hub
2022-10-12 10:47:03	galaxyproject	ansible-tiaas2
2022-10-12 10:46:27	galaxyproject	ansible-tiaas2
2022-10-12 10:40:26	galaxyproject	tiaas2
2022-10-12 10:39:42	galaxyproject	ansible-tiaas2
2022-10-12 10:39:17	neoformit	ansible-tiaas2
2022-10-12 09:22:06	galaxyproject	training-material
2022-10-12 09:06:21	galaxyproject	training-material
2022-10-11 15:37:00	hexylena	git-gat
2022-10-11 15:36:56	hexylena	git-gat
2022-10-11 15:36:12	galaxyproject	training-material
2022-10-11 15:33:27	galaxyproject	training-material
2022-10-11 15:32:25	hexylena	git-gat
2022-10-11 15:31:45	galaxyproject	training-material
2022-10-11 14:54:37	galaxyproject	galaxy-hub
2022-10-11 13:47:47	hexylena	git-gat
2022-10-11 13:46:42	galaxyproject	training-material
2022-10-11 13:30:21	galaxyproject	gxadmin
2022-10-11 13:30:08	galaxyproject	gxadmin
2022-10-11 13:27:32	hexylena	git-gat
2022-10-11 13:25:45	galaxyproject	training-material
2022-10-11 13:15:07	hexylena	git-gat
2022-10-11 13:13:07	hexylena	git-gat
2022-10-11 13:13:05	galaxyproject	training-material
2022-10-11 13:11:38	galaxyproject	training-material
2022-10-11 12:59:55	hexylena	git-gat
2022-10-11 12:59:12	galaxyproject	training-material
2022-10-11 08:48:05	galaxyproject	training-material
2022-10-10 16:07:08	hexylena	git-gat
2022-10-10 16:06:06	galaxyproject	training-material
2022-10-10 15:45:42	galaxyproject	training-material
2022-10-10 15:40:17	galaxyproject	training-material
2022-10-10 15:12:32	galaxyproject	training-material
2022-10-10 13:45:11	galaxyproject	training-material
2022-10-10 12:30:39	galaxyproject	training-material
2022-10-10 12:21:53	hexylena	gtn-lint-test
2022-10-10 12:19:51	hexylena	gtn-lint-test
2022-10-10 10:05:29	hexylena	gtn-lint-test
2022-10-10 09:24:02	hexylena	gtn-lint-test
2022-10-10 09:20:49	galaxyproject	training-material
2022-10-10 08:23:27	galaxyproject	training-material
2022-10-07 17:04:39	hexylena	gtn-lint-test
2022-10-07 16:25:46	hexylena	gtn-lint-test
2022-10-07 15:33:12	hexylena	gtn-lint-test
2022-10-07 15:30:46	hexylena	gtn-lint-test
2022-10-07 15:24:04	hexylena	gtn-lint-test
2022-10-07 14:45:00	hexylena	gtn-lint-test
2022-10-07 12:41:04	hexylena	gtn-lint-test
2022-10-07 12:37:38	hexylena	gtn-lint-test
2022-10-07 12:34:49	hexylena	gtn-lint-test
2022-10-07 12:33:08	hexylena	gtn-lint-test
2022-10-07 12:20:02	hexylena	gtn-lint-test
2022-10-07 12:16:15	hexylena	gtn-lint-test
2022-10-07 12:15:45	hexylena	gtn-lint-test
2022-10-07 12:14:50	hexylena	gtn-lint-test
2022-10-07 12:13:13	hexylena	gtn-lint-test
2022-10-07 12:12:07	hexylena	gtn-lint-test
2022-10-07 12:11:49	hexylena	gtn-lint-test
2022-10-07 09:39:21	hexylena	training-material
2022-10-07 08:48:33	gallantries	video-library
2022-10-07 08:47:38	gallantries	video-library
2022-10-06 19:25:41	hexylena	git-gat
2022-10-06 19:25:40	hexylena	git-gat
2022-10-06 19:24:43	galaxyproject	training-material
2022-10-06 19:23:02	galaxyproject	training-material
2022-10-06 19:13:52	hexylena	git-gat
2022-10-06 19:13:48	hexylena	git-gat
2022-10-06 19:11:01	galaxyproject	training-material
2022-10-06 18:33:09	hexylena	git-gat
2022-10-06 18:33:08	hexylena	git-gat
2022-10-06 18:30:56	galaxyproject	training-material
2022-10-06 18:18:55	hexylena	git-gat
2022-10-06 18:18:54	hexylena	git-gat
2022-10-06 18:16:17	galaxyproject	training-material
2022-10-06 18:00:50	hexylena	git-gat
2022-10-06 18:00:49	hexylena	git-gat
2022-10-06 17:58:24	galaxyproject	training-material
2022-10-06 17:31:35	galaxyproject	training-material
2022-10-06 17:16:48	galaxyproject	training-material
2022-10-06 17:15:55	galaxyproject	training-material
2022-10-06 15:36:32	galaxyproject	training-material
2022-10-06 12:16:16	galaxyproject	training-material
2022-10-06 09:58:44	galaxyproject	training-material
2022-10-06 09:58:23	hexylena	hexylena.github.io
2022-10-05 23:45:13	usegalaxy-eu	shared-data
2022-10-05 09:43:03	galaxyproject	training-material
2022-10-05 09:38:31	galaxyproject	training-material
2022-10-05 09:28:08	galaxyproject	training-material
2022-10-05 09:27:41	khaled196	training-material
2022-10-05 08:21:29	gallantries	video-library
2022-10-05 08:07:59	galaxyproject	training-material
2022-10-04 14:29:04	hexylena	bioblend-rs
2022-10-04 14:27:49	galaxyproject	training-material
2022-10-04 14:03:22	galaxyproject	training-material
2022-10-04 12:48:03	hexylena	gtn-slack-bot
2022-10-04 12:47:27	hexylena	gtn-slack-bot
2022-10-04 12:27:12	gallantries	statistics
2022-10-04 12:24:54	gallantries	statistics
2022-10-03 14:09:35	hexylena	auto-gat
2022-10-03 06:29:33	galaxyproject	ansible-pulsar
2022-10-02 09:16:01	galaxyproject	gxadmin
2022-09-30 11:37:14	galaxyproject	training-material
2022-09-30 10:49:55	Avans-ATGM	infrastructure
2022-09-30 10:02:30	galaxyproject	training-material
2022-09-29 17:13:53	galaxyproject	training-material
2022-09-29 17:13:03	galaxyproject	training-material
2022-09-29 17:10:50	galaxyproject	training-material
2022-09-29 14:24:51	galaxyproject	training-material
2022-09-29 14:24:41	galaxyproject	training-material
2022-09-29 12:58:14	galaxyproject	training-material
2022-09-29 10:39:11	galaxyproject	training-material
2022-09-29 10:13:33	galaxyproject	training-material
2022-09-29 09:44:42	galaxyproject	training-material
2022-09-29 09:38:30	galaxyproject	training-material
2022-09-28 23:45:11	usegalaxy-eu	shared-data
2022-09-28 14:54:50	hexylena	git-gat
2022-09-28 14:52:36	galaxyproject	training-material
2022-09-28 14:52:04	hexylena	git-gat
2022-09-28 14:49:25	galaxyproject	training-material
2022-09-28 14:40:03	galaxyproject	training-material
2022-09-28 13:49:52	gallantries	statistics
2022-09-28 13:48:43	galaxyproject	training-material
2022-09-28 09:12:46	gallantries	statistics
2022-09-28 09:12:04	gallantries	statistics
2022-09-28 09:11:35	gallantries	statistics
2022-09-28 08:54:04	gallantries	statistics
2022-09-27 15:29:11	galaxyproject	training-material
2022-09-27 15:18:55	gallantries	statistics
2022-09-27 13:11:48	gallantries	statistics
2022-09-27 13:09:23	gallantries	statistics
2022-09-27 12:51:41	gallantries	statistics
2022-09-27 12:06:57	gallantries	statistics
2022-09-27 09:24:46	galaxyproject	training-material
2022-09-26 09:29:27	galaxyproject	training-material
2022-09-26 09:13:26	galaxyproject	tools-iuc
2022-09-26 09:07:40	galaxyproject	training-material
2022-09-23 14:24:16	hexylena	git-gat
2022-09-23 13:18:37	galaxyproject	training-material
2022-09-23 13:12:42	galaxyproject	training-material
2022-09-23 13:07:24	galaxyproject	training-material
2022-09-23 13:01:54	galaxyproject	training-material
2022-09-23 08:29:21	galaxyproject	training-material
2022-09-22 14:16:09	hexylena	auto-python
2022-09-22 13:45:15	hexylena	auto-python
2022-09-22 13:43:06	hexylena	auto-python
2022-09-22 11:03:39	Avans-ATGM	infrastructure
2022-09-21 14:40:59	galaxyproject	training-material
2022-09-21 14:13:40	hexylena	gtn-slack-bot
2022-09-21 14:11:20	hexylena	gtn-slack-bot
2022-09-21 14:03:24	hexylena	git-gat
2022-09-21 14:02:20	hexylena	git-gat
2022-09-21 14:01:17	galaxyproject	training-material
2022-09-21 14:00:44	galaxyproject	training-material
2022-09-21 13:57:18	hexylena	gtn-slack-bot
2022-09-21 13:25:52	hexylena	gtn-slack-bot
2022-09-21 10:40:43	hexylena	gtn-slack-bot
2022-09-21 10:35:59	hexylena	gtn-slack-bot
2022-09-21 10:14:45	usegalaxy-eu	infrastructure-playbook
2022-09-21 09:23:35	galaxyproject	gxadmin
2022-09-21 08:50:48	galaxyproject	gxadmin
2022-09-21 08:49:34	galaxyproject	gxadmin
2022-09-21 08:47:01	galaxyproject	gxadmin
2022-09-21 08:46:42	galaxyproject	gxadmin
2022-09-21 08:38:04	galaxyproject	gxadmin
2022-09-21 08:24:01	galaxyproject	training-material
2022-09-20 14:08:50	hexylena	git-gat
2022-09-20 11:07:05	galaxyproject	training-material
2022-09-20 08:20:25	galaxyproject	training-material
2022-09-20 07:56:17	galaxyproject	training-material
2022-09-19 15:05:52	galaxyproject	gxadmin
2022-09-19 14:19:34	galaxyproject	GTN-community-paper-2020
2022-09-19 14:19:19	galaxyproject	training-material
2022-09-19 14:18:46	galaxyproject	training-material
2022-09-19 13:26:56	galaxyproject	gxadmin
2022-09-19 13:18:33	galaxyproject	gxadmin
2022-09-19 10:58:01	alexcorm	training-material
2022-09-19 10:06:56	galaxyproject	training-material
2022-09-19 09:00:52	galaxyproject	training-material
2022-09-16 14:42:15	galaxyproject	training-material
2022-09-16 14:38:45	galaxyproject	training-material
2022-09-16 10:56:42	Avans-ATGM	infrastructure
2022-09-16 10:24:23	galaxyproject	tiaas2
2022-09-16 10:23:12	galaxyproject	tiaas2
2022-09-15 14:04:17	usegalaxy-eu	infrastructure
2022-09-15 13:54:11	usegalaxy-eu	infrastructure
2022-09-15 11:51:32	usegalaxy-eu	infrastructure
2022-09-15 09:30:23	galaxyproject	gxadmin
2022-09-15 07:53:49	galaxyproject	ansible-galaxy
2022-09-14 09:53:09	galaxyproject	tiaas2
2022-09-14 09:31:51	usegalaxy-eu	infrastructure
2022-09-13 18:33:34	hexylena	movie-club-bot
2022-09-13 15:52:51	galaxyproject	training-material
2022-09-13 13:01:09	hrukkudyr	training-material
2022-09-13 13:00:00	profgiuseppe	ansible-repos
2022-09-12 16:01:48	galaxyproject	training-material
2022-09-12 12:43:59	galaxyproject	training-material
2022-09-08 14:00:19	galaxyproject	training-material
2022-09-08 13:19:29	galaxyproject	ansible-cvmfs
2022-09-08 13:09:50	galaxyproject	training-material
2022-09-07 07:34:50	nekrut	training-material
2022-09-05 15:04:09	galaxyproject	training-material
2022-09-05 10:56:16	nekrut	training-material
2022-09-05 10:33:37	galaxyproject	training-material
2022-09-05 10:30:56	galaxyproject	training-material
2022-09-05 08:49:30	galaxyproject	training-material
2022-09-05 08:43:24	ErasmusMC-Bioinformatics	infrastructure
2022-09-02 11:50:07	galaxyproject	ansible-nginx
2022-09-02 11:49:36	galaxyproject	ansible-postgresql
2022-09-02 10:13:45	galaxyproject	training-material
2022-09-02 09:44:34	galaxyproject	training-material
2022-09-02 09:43:51	galaxyproject	training-material
2022-09-01 13:15:42	gallantries	video-library
2022-09-01 12:58:33	galaxyproject	training-material
2022-09-01 12:57:00	galaxyproject	training-material
2022-09-01 12:34:39	galaxyproject	training-material
2022-09-01 11:02:02	usegalaxy-eu	infrastructure
2022-09-01 10:43:15	usegalaxy-eu	infrastructure
2022-09-01 10:27:09	usegalaxy-eu	infrastructure
2022-09-01 10:18:47	usegalaxy-eu	infrastructure
2022-08-31 11:33:49	hexylena	movie-club-bot
2022-08-24 23:45:10	usegalaxy-eu	shared-data
2022-08-10 23:45:09	usegalaxy-eu	shared-data
2022-08-10 17:12:55	usegalaxy-eu	infrastructure
2022-08-09 20:01:30	usegalaxy-eu	infrastructure
2022-08-09 15:58:46	usegalaxy-eu	infrastructure
2022-08-08 10:50:54	usegalaxy-eu	infrastructure
2022-08-08 08:07:08	usegalaxy-eu	infrastructure
2022-08-06 16:12:02	usegalaxy-eu	usegalaxy-eu-tools
2022-08-05 10:25:12	shiltemann	3d-printing
2022-08-03 19:24:13	hexylena	movie-club-bot
2022-08-02 19:15:46	usegalaxy-eu	infrastructure
2022-08-02 18:17:35	usegalaxy-eu	infrastructure
2022-08-02 17:00:45	usegalaxy-eu	infrastructure
2022-08-02 13:52:22	hexylena	movie-club-bot
2022-08-02 13:45:21	hexylena	movie-club-bot
2022-07-30 05:46:08	usegalaxy-eu	usegalaxy-eu-tools
2022-07-25 20:44:24	usegalaxy-eu	usegalaxy-eu-tools
2022-07-23 10:49:45	shiltemann	3d-printing
2022-07-23 10:30:30	hexylena	bike-trip-planner
2022-07-23 05:40:01	usegalaxy-eu	usegalaxy-eu-tools
2022-07-22 14:21:50	hexylena	git-gat
2022-07-22 14:20:46	galaxyproject	training-material
2022-07-22 13:53:51	gallantries	workshop-template
2022-07-22 13:08:09	gallantries	workshop-template
2022-07-22 11:44:33	gallantries	workshop-template
2022-07-21 18:29:52	galaxyproject	tiaas2
2022-07-21 18:17:13	galaxyproject	tiaas2
2022-07-21 16:05:11	galaxyproject	training-material
2022-07-21 12:13:04	galaxyproject	training-material
2022-07-21 11:07:02	galaxyproject	training-material
2022-07-21 10:31:00	hexylena	galaxy
2022-07-20 18:35:13	galaxyproject	training-material
2022-07-20 18:35:01	hexylena	movie-club-bot
2022-07-20 18:34:16	galaxyproject	training-material
2022-07-20 18:31:45	hexylena	movie-club-bot
2022-07-20 18:02:28	hexylena	emc-movie-club-bot
2022-07-20 16:55:45	galaxyproject	training-material
2022-07-19 15:38:32	galaxyproject	tiaas2
2022-07-19 15:29:42	gallantries	video-library
2022-07-19 15:01:50	galaxyproject	planemo
2022-07-19 14:56:23	galaxyproject	ansible-galaxy
2022-07-19 14:09:04	galaxyproject	tiaas2
2022-07-19 14:03:48	galaxyproject	tiaas2
2022-07-19 09:40:39	galaxyproject	ptdk
2022-07-19 09:33:04	galaxyproject	ptdk
2022-07-19 09:27:55	galaxyproject	ptdk
2022-07-19 09:08:02	galaxyproject	ptdk
2022-07-19 09:01:14	galaxyproject	ptdk
2022-07-19 08:31:49	galaxyproject	ptdk
2022-07-18 21:37:55	usegalaxy-eu	usegalaxy-eu-tools
2022-07-17 21:50:35	galaxyproject	ansible-galaxy
2022-07-16 19:09:44	galaxyproject	admin-training
2022-07-16 18:59:40	galaxyproject	admin-training
2022-07-16 18:34:13	galaxyproject	admin-training
2022-07-16 18:05:46	galaxyproject	admin-training
2022-07-16 17:55:48	galaxyproject	ansible-cvmfs
2022-07-16 17:42:57	galaxyproject	training-material
2022-07-16 17:36:52	galaxyproject	ansible-cvmfs
2022-07-16 06:57:54	galaxyproject	training-material
2022-07-16 05:38:27	usegalaxy-eu	usegalaxy-eu-tools
2022-07-15 11:46:35	usegalaxy-eu	infrastructure
2022-07-15 07:45:12	galaxyproject	ansible-cvmfs
2022-07-15 07:44:59	galaxyproject	ansible-cvmfs
2022-07-14 15:19:48	galaxyproject	admin-training
2022-07-14 15:18:45	galaxyproject	admin-training
2022-07-14 15:18:02	galaxyproject	training-material
2022-07-14 15:09:52	galaxyproject	training-material
2022-07-14 14:28:41	gallantries	video-library
2022-07-14 14:26:46	gallantries	video-library
2022-07-14 14:15:34	gallantries	course-builder
2022-07-14 14:14:59	hexylena	git-gat
2022-07-14 14:14:55	hexylena	git-gat
2022-07-14 14:13:54	galaxyproject	training-material
2022-07-14 11:24:35	hexylena	git-gat
2022-07-14 11:24:30	hexylena	git-gat
2022-07-14 11:23:54	galaxyproject	training-material
2022-07-14 11:22:12	hexylena	git-gat
2022-07-14 11:21:18	galaxyproject	training-material
2022-07-14 10:21:24	gallantries	video-library
2022-07-14 09:44:43	hexylena	git-gat
2022-07-14 09:43:39	galaxyproject	training-material
2022-07-14 09:28:28	galaxyproject	training-material
2022-07-14 09:15:55	galaxyproject	ansible-nginx
2022-07-14 08:09:54	bebatut	training-material
2022-07-14 07:37:21	galaxyproject	training-material
2022-07-14 07:35:56	galaxyproject	training-material
2022-07-13 14:39:35	gallantries	course-builder
2022-07-13 11:25:42	CameronFRWatson	training-material
2022-07-13 10:09:05	usegalaxy-eu	infrastructure
2022-07-13 09:07:33	galaxyproject	training-material
2022-07-13 07:15:48	usegalaxy-eu	infrastructure
2022-07-12 18:31:32	gallantries	course-builder
2022-07-12 18:12:20	galaxyproject	training-material
2022-07-12 16:07:03	gallantries	course-builder
2022-07-12 16:01:37	gallantries	course-builder
2022-07-12 15:43:44	gallantries	course-builder
2022-07-12 15:43:31	gallantries	course-builder
2022-07-12 15:40:24	gallantries	course-builder
2022-07-12 15:24:37	gallantries	course-builder
2022-07-12 14:06:07	gallantries	video-library
2022-07-12 14:05:30	gallantries	video-library
2022-07-11 14:31:29	galaxyproject	training-material
2022-07-11 13:14:29	mvdbeek	galaxy
2022-07-11 13:13:28	mvdbeek	galaxy
2022-07-11 09:08:42	galaxyproject	training-material
2022-07-11 09:06:14	pimarin	tools-iuc
2022-07-09 05:38:33	usegalaxy-eu	usegalaxy-eu-tools
2022-07-08 08:59:15	hexylena	gtn-slack-bot
2022-07-07 15:18:26	gallantries	video-library
2022-07-07 15:11:16	gallantries	video-library
2022-07-07 14:43:06	gallantries	video-library
2022-07-07 14:35:32	gallantries	video-library
2022-07-07 14:18:14	galaxyproject	tools-iuc
2022-07-07 13:30:12	hexylena	Terraform
2022-07-07 12:16:33	gallantries	video-library
2022-07-07 12:09:21	galaxyproject	training-material
2022-07-07 12:06:42	gallantries	video-library
2022-07-07 12:04:04	gallantries	video-library
2022-07-07 11:59:06	AfiDede	training-material
2022-07-07 10:58:20	AfiDede	training-material
2022-07-07 10:26:50	galaxyproject	admin-training
2022-07-07 08:11:46	galaxyproject	admin-training
2022-07-06 19:11:36	galaxyproject	training-material
2022-07-06 16:57:35	galaxyproject	training-material
2022-07-06 12:06:48	galaxyproject	training-material
2022-07-06 11:24:08	gallantries	video-library
2022-07-06 11:16:16	hexylena	gtn-slack-bot
2022-07-06 10:44:42	gallantries	video-library
2022-07-06 10:33:46	gallantries	video-library
2022-07-06 09:46:57	hexylena	git-gat
2022-07-05 16:52:36	usegalaxy-eu	infrastructure
2022-07-05 11:51:18	usegalaxy-eu	usegalaxy-eu-tools
2022-07-04 15:25:40	TimKAvans	galaxytools
2022-07-04 14:17:30	TimKAvans	galaxytools
2022-07-04 14:17:28	hexylena	git-gat
2022-07-04 14:16:43	galaxyproject	training-material
2022-07-04 13:47:50	hexylena	git-gat
2022-07-04 13:46:51	galaxyproject	training-material
2022-07-04 13:41:12	hexylena	git-gat
2022-07-04 13:40:08	galaxyproject	training-material
2022-07-04 08:38:44	galaxyproject	training-material
2022-07-04 07:54:04	gmauro	training-material
2022-07-02 05:39:04	usegalaxy-eu	usegalaxy-eu-tools
2022-07-01 21:40:19	usegalaxy-eu	infrastructure
2022-07-01 13:02:33	galaxyproject	training-material
2022-07-01 10:52:08	galaxyproject	training-material
2022-06-30 12:17:17	BartvdHout-TimKuijten	Pipeline-Bioinformaticsproject
2022-06-30 11:52:17	BartvdHout-TimKuijten	Pipeline-Bioinformaticsproject
2022-06-29 11:41:10	hexylena	git-gat
2022-06-29 08:40:40	galaxyproject	ansible-cvmfs
2022-06-29 08:38:37	galaxyproject	admin-training
2022-06-28 15:28:38	usegalaxy-eu	infrastructure
2022-06-28 13:36:35	hexylena	git-gat
2022-06-28 13:30:28	galaxyproject	ansible-galaxy
2022-06-28 12:26:22	galaxyproject	admin-training
2022-06-28 12:15:55	hexylena	git-gat
2022-06-28 12:15:50	hexylena	git-gat
2022-06-28 12:15:11	galaxyproject	training-material
2022-06-28 12:11:14	galaxyproject	ansible-galaxy
2022-06-28 12:04:54	usegalaxy-eu	infrastructure
2022-06-28 11:49:11	hexylena	git-gat
2022-06-28 11:48:24	galaxyproject	training-material
2022-06-28 11:45:54	galaxyproject	training-material
2022-06-28 11:44:17	galaxyproject	ansible-galaxy
2022-06-28 11:12:42	usegalaxy-eu	infrastructure
2022-06-28 10:32:32	galaxyproject	training-material
2022-06-28 10:22:58	gmauro	training-material
2022-06-28 10:14:33	galaxyproject	admin-training
2022-06-28 09:34:55	galaxyproject	admin-training
2022-06-28 08:54:43	galaxyproject	admin-training
2022-06-28 08:50:23	galaxyproject	admin-training
2022-06-28 08:39:47	galaxyproject	admin-training
2022-06-28 06:58:57	hexylena	Olympic_Athletes
2022-06-27 14:11:00	galaxyproject	training-material
2022-06-27 14:00:51	galaxyproject	training-material
2022-06-27 09:18:03	wee-snufkin	training-material
2022-06-25 14:07:05	hexylena	emc-movie-club-bot
2022-06-25 13:39:31	hexylena	emc-movie-club-bot
2022-06-25 05:37:08	usegalaxy-eu	usegalaxy-eu-tools
2022-06-24 10:36:48	galaxyproject	training-material
2022-06-24 08:56:11	galaxyproject	training-material
2022-06-23 09:59:46	galaxyproject	training-material
2022-06-22 09:58:17	galaxyproject	training-material
2022-06-22 09:56:57	galaxyproject	training-material
2022-06-21 10:28:42	galaxyproject	training-material
2022-06-18 05:37:25	usegalaxy-eu	usegalaxy-eu-tools
2022-06-17 07:41:48	galaxyproject	gxadmin
2022-06-15 11:58:44	galaxyproject	training-material
2022-06-14 15:05:45	ErasmusMC-Bioinformatics	erasmusmc-bioinformatics.github.io
2022-06-14 14:15:46	hexylena	toolshed-version-database
2022-06-14 13:15:49	hexylena	toolshed-version-database
2022-06-14 12:27:13	galaxyproject	training-material
2022-06-14 12:04:33	galaxyproject	training-material
2022-06-14 11:55:41	galaxyproject	training-material
2022-06-14 11:48:42	galaxyproject	training-material
2022-06-14 11:46:19	galaxyproject	training-material
2022-06-14 11:18:30	galaxyproject	training-material
2022-06-14 11:13:13	galaxyproject	training-material
2022-06-14 10:49:34	galaxyproject	training-material
2022-06-14 10:31:43	galaxyproject	training-material
2022-06-14 09:32:29	roncoronimiguel	training-material
2022-06-14 09:32:26	roncoronimiguel	training-material
2022-06-13 12:57:48	galaxyproject	training-material
2022-06-13 12:27:30	galaxyproject	training-material
2022-06-13 09:22:10	galaxyproject	training-material
2022-06-13 09:21:27	galaxyproject	training-material
2022-06-13 09:12:50	galaxyproject	training-material
2022-06-13 08:54:03	hexylena	git-gat
2022-06-13 08:53:19	galaxyproject	training-material
2022-06-13 08:33:20	galaxyproject	training-material
2022-06-13 08:31:30	hexylena	git-gat
2022-06-13 08:31:25	hexylena	git-gat
2022-06-13 07:44:29	hexylena	git-gat
2022-06-10 09:35:36	Avans-ATGM	infrastructure
2022-06-09 09:10:05	galaxyproject	training-material
2022-06-09 09:09:35	hexylena	training-material
2022-06-08 12:22:04	hexylena	bioschemas.github.io
2022-06-08 11:52:46	galaxyproject	gxadmin
2022-06-07 15:27:23	galaxyproject	training-material
2022-06-07 14:39:28	galaxyproject	training-material
2022-06-07 14:34:04	galaxyproject	training-material
2022-06-07 13:27:26	galaxyproject	training-material
2022-06-07 12:55:10	galaxyproject	training-material
2022-06-07 12:36:39	hexylena	bioschemas.github.io
2022-06-07 12:15:12	hexylena	bioschemas.github.io
2022-06-07 12:09:51	galaxyproject	training-material
2022-06-07 11:45:41	galaxyproject	ansible-galaxy
2022-06-07 10:21:41	Avans-ATGM	infrastructure
2022-06-07 10:04:00	galaxyproject	ansible-nginx
2022-06-07 09:59:31	Avans-ATGM	infrastructure
2022-06-07 09:59:17	Avans-ATGM	infrastructure
2022-06-07 09:54:22	Avans-ATGM	infrastructure
2022-06-07 09:39:05	hexylena	git-gat
2022-06-07 09:38:16	galaxyproject	training-material
2022-06-07 09:36:35	hexylena	git-gat
2022-06-07 09:35:57	galaxyproject	training-material
2022-06-07 08:04:57	hexylena	git-gat
2022-06-07 08:04:06	galaxyproject	training-material
2022-06-06 11:47:48	hexylena	git-gat
2022-06-06 11:47:07	galaxyproject	training-material
2022-06-06 10:28:10	galaxyproject	ansible-galaxy
2022-06-04 05:36:19	usegalaxy-eu	usegalaxy-eu-tools
2022-06-02 13:08:24	shiltemann	training-material
2022-06-02 12:37:15	galaxyproject	gxadmin
2022-05-31 15:58:17	hexylena	git-gat
2022-05-31 15:57:40	galaxyproject	training-material
2022-05-31 15:55:48	hexylena	git-gat
2022-05-31 15:55:44	hexylena	git-gat
2022-05-31 15:55:04	galaxyproject	training-material
2022-05-31 15:48:40	hexylena	git-gat
2022-05-31 08:24:05	usegalaxy-eu	infrastructure
2022-05-30 13:07:47	galaxyproject	gxadmin
2022-05-30 13:06:22	galaxyproject	gxadmin
2022-05-30 12:47:53	galaxyproject	training-material
2022-05-30 10:24:40	galaxyproject	training-material
2022-05-30 09:35:25	galaxyproject	training-material
2022-05-30 09:26:17	galaxyproject	training-material
2022-05-30 08:47:03	galaxyproject	admin-training
2022-05-28 05:35:47	usegalaxy-eu	usegalaxy-eu-tools
2022-05-27 15:51:43	hexylena	emc-movie-club-bot
2022-05-27 15:13:21	hexylena	emc-movie-club-bot
2022-05-27 14:54:53	hexylena	emc-movie-club-bot
2022-05-27 14:50:38	hexylena	emc-movie-club-bot
2022-05-27 14:50:15	hexylena	emc-movie-club-bot
2022-05-27 14:27:03	hexylena	emc-movie-club-bot
2022-05-27 14:24:12	hexylena	emc-movie-club-bot
2022-05-27 14:16:36	hexylena	emc-movie-club-bot
2022-05-27 14:15:46	hexylena	emc-movie-club-bot
2022-05-27 10:22:00	usegalaxy-eu	infrastructure
2022-05-26 16:57:56	hexylena	emc-movie-club-bot
2022-05-26 16:55:06	hexylena	emc-movie-club-bot
2022-05-26 15:55:57	hexylena	emc-movie-club-bot
2022-05-25 21:19:40	hexylena	emc-movie-club-bot
2022-05-25 21:18:33	hexylena	emc-movie-club-bot
2022-05-25 21:17:59	hexylena	emc-movie-club-bot
2022-05-25 21:16:13	hexylena	emc-movie-club-bot
2022-05-25 21:06:37	hexylena	emc-movie-club-bot
2022-05-25 20:49:14	hexylena	emc-movie-club-bot
2022-05-25 20:29:41	hexylena	emc-movie-club-bot
2022-05-25 20:06:51	hexylena	emc-movie-club-bot
2022-05-25 19:42:23	hexylena	emc-movie-club-bot
2022-05-25 17:51:27	hexylena	emc-movie-club-bot
2022-05-25 16:42:52	hexylena	emc-movie-club-bot
2022-05-25 16:40:34	hexylena	emc-movie-club-bot
2022-05-21 05:36:58	usegalaxy-eu	usegalaxy-eu-tools
2022-05-20 14:14:13	galaxyproject	training-material
2022-05-20 12:35:21	usegalaxy-eu	infrastructure
2022-05-20 09:46:44	usegalaxy-eu	infrastructure
2022-05-19 14:20:10	galaxyproject	training-material
2022-05-19 13:08:14	galaxyproject	training-material
2022-05-19 12:51:01	galaxyproject	training-material
2022-05-19 12:02:57	galaxyproject	training-material
2022-05-19 10:28:25	galaxyproject	gxadmin
2022-05-19 09:54:36	galaxyproject	training-material
2022-05-18 13:09:38	galaxyproject	gxadmin
2022-05-18 13:09:31	natefoo	gxadmin
2022-05-17 10:35:12	galaxyproject	training-material
2022-05-17 09:36:15	galaxyproject	training-material
2022-05-16 13:16:19	galaxyproject	admin-training
2022-05-16 13:14:42	galaxyproject	admin-training
2022-05-14 05:35:04	usegalaxy-eu	usegalaxy-eu-tools
2022-05-12 15:45:17	hexylena	bdb
2022-05-12 13:36:06	hexylena	bdb
2022-05-12 12:10:18	galaxyproject	training-material
2022-05-11 16:34:49	hexylena	bdb
2022-05-11 13:07:37	Avans-ATGM	infrastructure
2022-05-11 12:50:07	Avans-ATGM	infrastructure
2022-05-11 12:34:53	Avans-ATGM	infrastructure
2022-05-11 12:33:37	Avans-ATGM	infrastructure
2022-05-11 12:30:33	Avans-ATGM	infrastructure
2022-05-11 12:20:42	Avans-ATGM	infrastructure
2022-05-11 12:19:27	Avans-ATGM	infrastructure
2022-05-10 12:00:41	galaxyproject	training-material
2022-05-10 09:37:56	hexylena	kraphoot
2022-05-10 09:18:46	hexylena	kraphoot
2022-05-09 13:12:27	galaxyproject	training-material
2022-05-09 13:08:18	usegalaxy-eu	infrastructure
2022-05-07 05:34:36	usegalaxy-eu	usegalaxy-eu-tools
2022-05-04 09:22:09	hexylena	kraphoot
2022-05-03 19:42:28	hexylena	kraphoot
2022-05-03 18:52:07	hexylena	kraphoot
2022-05-03 18:39:33	hexylena	kraphoot
2022-05-03 10:12:58	hexylena	kraphoot
2022-05-03 09:36:16	galaxyproject	training-material
2022-05-03 09:03:00	galaxyproject	training-material
2022-05-03 08:55:15	galaxyproject	training-material
2022-05-02 10:04:59	galaxyproject	training-material
2022-05-01 12:09:02	shiltemann	3d-printing
2022-05-01 09:50:11	shiltemann	3d-printing
2022-04-30 07:50:32	usegalaxy-eu	usegalaxy-eu-tools
2022-04-30 04:14:58	usegalaxy-eu	infrastructure
2022-04-30 04:00:40	usegalaxy-eu	infrastructure
2022-04-27 11:44:12	shiltemann	3d-printing
2022-04-27 09:28:13	usegalaxy-eu	infrastructure
2022-04-27 08:52:58	usegalaxy-eu	infrastructure
2022-04-26 14:21:57	hexylena	kraphoot
2022-04-26 14:14:51	hexylena	kraphoot
2022-04-26 14:12:41	hexylena	kraphoot
2022-04-26 09:44:31	Avans-ATGM	infrastructure
2022-04-25 12:41:08	galaxyproject	training-material
2022-04-25 12:39:21	galaxyproject	training-material
2022-04-25 12:35:31	galaxyproject	training-material
2022-04-25 11:47:02	hexylena	training-material
2022-04-25 11:43:09	galaxyproject	training-material
2022-04-25 11:34:02	galaxyproject	training-material
2022-04-25 10:50:05	galaxyproject	training-material
2022-04-25 09:25:22	galaxyproject	training-material
2022-04-25 09:18:27	galaxyproject	training-material
2022-04-25 09:16:44	galaxyproject	training-material
2022-04-25 09:11:58	galaxyproject	training-material
2022-04-25 09:04:41	galaxyproject	training-material
2022-04-25 08:51:53	galaxyproject	training-material
2022-04-25 08:51:27	galaxyproject	training-material
2022-04-23 09:31:04	galaxians-ctf	ctf-manual
2022-04-23 09:01:33	shiltemann	3d-printing
2022-04-23 09:00:39	shiltemann	3d-printing
2022-04-23 05:35:32	usegalaxy-eu	usegalaxy-eu-tools
2022-04-22 12:58:18	usegalaxy-eu	infrastructure
2022-04-21 09:12:39	hexylena	auto-gat
2022-04-20 17:28:45	hexylena	auto-gat
2022-04-20 16:55:15	hexylena	auto-gat
2022-04-20 15:32:30	hexylena	auto-gat
2022-04-20 14:55:07	hexylena	auto-gat
2022-04-20 10:19:30	galaxyproject	training-material
2022-04-20 07:54:13	galaxyproject	training-material
2022-04-20 06:52:58	galaxyproject	training-material
2022-04-20 06:00:45	hexylena	auto-gat
2022-04-19 20:13:29	usegalaxy-eu	infrastructure
2022-04-19 17:50:04	hexylena	auto-gat
2022-04-19 14:17:47	hexylena	auto-gat
2022-04-19 13:10:03	galaxyproject	training-material
2022-04-19 12:26:53	hexylena	auto-gat
2022-04-19 11:52:07	hexylena	auto-gat
2022-04-19 11:02:16	hexylena	auto-gat
2022-04-19 11:00:50	galaxyproject	training-material
2022-04-19 10:56:27	hexylena	auto-gat
2022-04-19 10:45:16	galaxyproject	training-material
2022-04-16 05:35:41	usegalaxy-eu	usegalaxy-eu-tools
2022-04-15 12:21:09	hexylena	auto-gat
2022-04-15 11:20:06	hexylena	auto-gat
2022-04-15 10:43:25	hexylena	auto-gat
2022-04-15 10:40:08	galaxyproject	training-material
2022-04-15 09:33:59	hexylena	auto-gat
2022-04-15 09:29:13	galaxyproject	training-material
2022-04-15 09:10:19	galaxyproject	gxadmin
2022-04-14 17:44:27	hexylena	auto-gat
2022-04-14 14:42:41	hexylena	auto-gat
2022-04-14 13:55:02	hexylena	auto-gat
2022-04-14 13:53:58	galaxyproject	training-material
2022-04-14 13:14:06	galaxyproject	training-material
2022-04-14 13:10:34	lldelisle	training-material
2022-04-14 12:52:09	galaxyproject	training-material
2022-04-14 12:25:26	galaxyproject	training-material
2022-04-14 11:09:16	hexylena	gtn-slack-bot
2022-04-14 10:12:37	hexylena	mlb-what-to-watch
2022-04-14 08:45:25	galaxyproject	training-material
2022-04-13 14:45:03	hexylena	auto-gat
2022-04-13 13:19:15	hexylena	auto-gat
2022-04-13 12:04:16	hexylena	auto-gat
2022-04-13 11:12:33	hexylena	auto-gat
2022-04-13 09:59:39	hexylena	auto-gat
2022-04-13 09:03:33	hexylena	auto-gat
2022-04-13 08:13:27	hexylena	auto-gat
2022-04-13 07:26:23	hexylena	auto-gat
2022-04-12 16:11:28	galaxyproject	training-material
2022-04-12 16:11:08	galaxyproject	training-material
2022-04-12 15:32:15	hexylena	auto-gat
2022-04-12 15:26:04	hexylena	auto-gat
2022-04-12 14:09:48	hexylena	auto-gat
2022-04-12 13:39:14	ErasmusMC-Bioinformatics	infrastructure
2022-04-12 13:23:24	usegalaxy-eu	infrastructure
2022-04-12 12:45:14	hexylena	auto-gat
2022-04-12 12:29:28	ErasmusMC-Bioinformatics	infrastructure
2022-04-12 12:22:29	ErasmusMC-Bioinformatics	infrastructure
2022-04-12 11:43:20	hexylena	auto-gat
2022-04-12 11:38:40	hexylena	auto-gat
2022-04-12 11:30:08	hexylena	auto-gat
2022-04-12 11:18:39	hexylena	auto-gat
2022-04-12 10:57:33	hexylena	auto-gat
2022-04-12 10:53:47	hexylena	auto-gat
2022-04-12 10:49:25	hexylena	auto-gat
2022-04-12 10:43:12	hexylena	auto-gat
2022-04-12 10:41:41	hexylena	auto-gat
2022-04-12 10:27:44	hexylena	gat2video
2022-04-12 10:23:15	lldelisle	training-material
2022-04-12 09:43:02	lldelisle	training-material
2022-04-11 09:01:47	usegalaxy-eu	infrastructure
2022-04-11 08:31:51	hexylena	gat2video
2022-04-11 08:23:02	hexylena	gat2video
2022-04-11 08:19:15	hexylena	gat2video
2022-04-11 08:14:19	hexylena	gat2video
2022-04-11 08:13:17	usegalaxy-eu	infrastructure
2022-04-11 08:10:32	hexylena	gat2video
2022-04-11 08:10:05	hexylena	gat2video
2022-04-11 08:03:44	hexylena	gat2video
2022-04-11 07:34:33	hexylena	gat2video
2022-04-08 10:42:37	hexylena	gat2video
2022-04-08 10:41:46	hexylena	gat2video
2022-04-08 10:40:23	hexylena	gat2video
2022-04-08 10:37:10	hexylena	gat2video
2022-04-08 10:32:55	hexylena	gat2video
2022-04-08 10:31:22	hexylena	gat2video
2022-04-08 10:27:08	usegalaxy-eu	infrastructure
2022-04-08 10:26:07	hexylena	gat2video
2022-04-08 10:25:39	hexylena	gat2video
2022-04-08 10:23:41	hexylena	gat2video
2022-04-08 10:21:22	hexylena	gat2video
2022-04-08 10:17:47	hexylena	gat2video
2022-04-08 10:12:48	hexylena	gat2video
2022-04-08 10:12:18	hexylena	gat2video
2022-04-08 10:11:59	hexylena	gat2video
2022-04-08 10:11:19	hexylena	gat2video
2022-04-08 10:10:08	hexylena	gat2video
2022-04-08 10:01:22	hexylena	gat2video
2022-04-08 10:00:16	hexylena	gat2video
2022-04-08 09:47:04	hexylena	gat2video
2022-04-08 09:46:47	hexylena	gat2video
2022-04-08 09:45:34	hexylena	gat2video
2022-04-08 08:37:25	galaxyproject	ansible-galaxy
2022-04-07 13:52:26	galaxyproject	admin-training
2022-04-07 13:40:17	galaxyproject	admin-training
2022-04-07 13:09:43	Avans-ATGM	infrastructure
2022-04-07 09:43:41	galaxy-genome-annotation	chado-schema-builder
2022-04-07 08:49:33	galaxyproject	tiaas2
2022-04-07 08:46:44	galaxyproject	tiaas2
2022-04-07 08:32:45	galaxyproject	training-material
2022-04-06 17:45:00	galaxy-genome-annotation	docker-chado
2022-04-06 17:41:11	galaxy-genome-annotation	docker-chado
2022-04-06 17:37:32	galaxyproject	gxadmin
2022-04-06 07:53:33	usegalaxy-eu	infrastructure
2022-04-06 06:14:10	galaxyproject	training-material
2022-04-05 11:29:57	gallantries	video-library
2022-04-04 18:29:20	hexylena	gtn-slack-bot
2022-04-04 15:42:42	hexylena	gtn-slack-bot
2022-04-04 15:35:34	hexylena	gtn-slack-bot
2022-04-04 15:32:24	hexylena	gtn-slack-bot
2022-04-04 15:30:13	hexylena	gtn-slack-bot
2022-04-04 15:08:15	hexylena	gtn-slack-bot
2022-04-04 15:01:38	hexylena	gtn-slack-bot
2022-04-04 14:56:25	hexylena	gtn-slack-bot
2022-04-04 14:15:20	hexylena	gtn-slack-bot
2022-04-04 14:07:10	hexylena	gtn-slack-bot
2022-04-04 14:03:01	hexylena	gtn-slack-bot
2022-04-04 12:40:41	hexylena	gtn-slack-bot
2022-04-04 12:18:53	galaxy-genome-annotation	chado-schema-builder
2022-04-04 12:17:30	gallantries	video-library
2022-04-04 11:36:06	hexylena	gtn-slack-bot
2022-04-04 11:32:47	hexylena	gtn-slack-bot
2022-04-04 10:40:12	hexylena	gtn-slack-bot
2022-04-04 10:38:48	hexylena	gtn-slack-bot
2022-04-04 09:39:03	galaxy-genome-annotation	chado-schema-builder
2022-04-04 09:29:56	galaxy-genome-annotation	chado-schema-builder
2022-04-04 09:26:30	hexylena	chado-schema-builder
2022-04-04 09:22:25	hexylena	training-material
2022-04-03 12:13:38	hexylena	gtn-slack-bot
2022-04-01 14:37:52	hexylena	training-material
2022-04-01 13:41:58	usegalaxy-eu	infrastructure
2022-03-31 17:23:54	usegalaxy-eu	infrastructure
2022-03-31 10:26:36	Avans-ATGM	infrastructure
2022-03-31 09:39:32	Avans-ATGM	infrastructure
2022-03-31 09:34:23	Avans-ATGM	infrastructure
2022-03-30 11:17:24	hexylena	git-gat
2022-03-30 11:16:08	galaxyproject	training-material
2022-03-30 10:15:43	galaxyproject	training-material
2022-03-30 07:41:39	usegalaxy-eu	infrastructure
2022-03-29 10:42:10	usegalaxy-eu	infrastructure
2022-03-29 10:27:22	galaxyproject	training-material
2022-03-29 10:26:43	galaxyproject	training-material
2022-03-29 10:23:48	galaxyproject	training-material
2022-03-29 10:02:36	hexylena	gtn-slack-bot
2022-03-28 13:07:24	ErasmusMC-Bioinformatics	galaxian-ansible
2022-03-28 12:46:40	hexylena	gtn-slack-bot
2022-03-28 10:31:11	hexylena	git-gat
2022-03-28 10:31:05	hexylena	git-gat
2022-03-28 10:29:27	hexylena	git-gat
2022-03-28 10:29:21	hexylena	git-gat
2022-03-28 10:28:46	galaxyproject	training-material
2022-03-28 10:28:43	hexylena	git-gat
2022-03-28 10:28:38	hexylena	git-gat
2022-03-28 10:27:55	galaxyproject	training-material
2022-03-28 10:24:32	ErasmusMC-Bioinformatics	installed-tools
2022-03-28 09:50:37	hexylena	git-gat
2022-03-28 09:50:31	hexylena	git-gat
2022-03-28 09:39:46	hexylena	git-gat
2022-03-28 09:39:42	hexylena	git-gat
2022-03-28 09:39:02	galaxyproject	training-material
2022-03-28 09:34:17	galaxyproject	training-material
2022-03-28 09:33:03	galaxyproject	training-material
2022-03-28 09:29:39	galaxyproject	training-material
2022-03-28 08:54:43	hexylena	git-gat
2022-03-28 08:52:21	galaxyproject	training-material
2022-03-25 14:18:39	usegalaxy-eu	infrastructure
2022-03-25 11:30:24	usegalaxy-eu	infrastructure
2022-03-24 17:55:28	usegalaxy-eu	infrastructure
2022-03-24 17:42:27	usegalaxy-eu	infrastructure
2022-03-24 17:27:40	usegalaxy-eu	infrastructure
2022-03-24 11:12:08	galaxyproject	training-material
2022-03-24 09:38:36	Avans-ATGM	infrastructure
2022-03-24 08:17:19	galaxyproject	training-material
2022-03-23 17:01:05	usegalaxy-eu	infrastructure
2022-03-23 16:09:37	usegalaxy-eu	infrastructure
2022-03-23 11:00:47	galaxyproject	training-material
2022-03-23 10:52:01	galaxyproject	training-material
2022-03-22 20:35:35	usegalaxy-eu	infrastructure
2022-03-21 18:10:12	usegalaxy-eu	infrastructure
2022-03-21 17:56:12	hexylena	bdb
2022-03-21 17:11:20	hexylena	bdb
2022-03-21 16:26:38	usegalaxy-eu	infrastructure
2022-03-21 14:55:33	usegalaxy-eu	infrastructure
2022-03-21 14:34:49	usegalaxy-eu	infrastructure
2022-03-21 14:18:56	usegalaxy-eu	infrastructure
2022-03-21 13:47:04	usegalaxy-eu	infrastructure
2022-03-21 13:26:52	hexylena	bdb
2022-03-20 20:29:29	hexylena	bdb
2022-03-19 06:30:39	usegalaxy-eu	usegalaxy-eu-tools
2022-03-18 10:28:41	galaxyproject	training-material
2022-03-18 10:28:28	gallantries	video-library
2022-03-18 09:03:50	gallantries	video-library
2022-03-18 04:43:03	usegalaxy-eu	infrastructure
2022-03-17 11:04:52	gallantries	video-library
2022-03-17 11:01:19	galaxyproject	training-material
2022-03-17 11:00:48	galaxyproject	training-material
2022-03-17 10:47:50	hexylena	git-gat
2022-03-17 10:44:06	galaxyproject	training-material
2022-03-17 10:31:27	gallantries	video-library
2022-03-17 10:13:45	gallantries	video-library
2022-03-16 10:54:35	usegalaxy-eu	infrastructure
2022-03-16 10:37:05	usegalaxy-eu	infrastructure
2022-03-16 10:19:10	usegalaxy-eu	infrastructure
2022-03-16 08:55:31	hexylena	gtn-slack-bot
2022-03-16 08:38:24	cstritt	training-material
2022-03-16 08:35:47	galaxyproject	training-material
2022-03-15 18:56:27	galaxyproject	training-material
2022-03-15 18:05:11	gallantries	video-library
2022-03-15 14:06:34	galaxyproject	training-material
2022-03-15 14:05:59	galaxy-genome-annotation	galaxy-genome-annotation.github.io
2022-03-15 11:35:31	hexylena	gtn-slack-bot
2022-03-15 09:29:09	hexylena	gtn-slack-bot
2022-03-15 09:16:53	hexylena	git-gat
2022-03-15 09:16:06	galaxyproject	training-material
2022-03-14 18:23:11	galaxyproject	training-material
2022-03-14 18:16:17	galaxyproject	training-material
2022-03-14 18:05:25	hexylena	gtn-slack-bot
2022-03-14 18:04:04	galaxyproject	training-material
2022-03-14 17:22:56	galaxyproject	tiaas2
2022-03-14 16:44:53	galaxyproject	training-material
2022-03-14 15:48:26	hexylena	gtn-slack-bot
2022-03-14 15:39:26	hexylena	git-gat
2022-03-14 15:34:53	usegalaxy-eu	infrastructure
2022-03-14 15:33:41	hexylena	gtn-slack-bot
2022-03-14 15:33:10	gallantries	video-library
2022-03-14 13:48:07	hexylena	gtn-slack-bot
2022-03-14 13:15:40	hexylena	gtn-slack-bot
2022-03-14 13:10:10	hexylena	gtn-slack-bot
2022-03-14 11:33:27	hexylena	galaxy
2022-03-14 10:26:56	gallantries	video-library
2022-03-14 09:43:55	hexylena	gtn-slack-bot
2022-03-14 09:21:46	gallantries	video-library
2022-03-14 09:08:31	gallantries	video-library
2022-03-14 08:53:24	gallantries	video-library
2022-03-14 08:51:19	gallantries	video-library
2022-03-14 08:45:25	galaxyproject	admin-training
2022-03-14 07:44:52	gallantries	video-library
2022-03-14 07:43:19	gallantries	video-library
2022-03-14 06:22:20	gallantries	video-library
2022-03-13 18:23:32	gallantries	video-library
2022-03-13 12:59:38	galaxyproject	training-material
2022-03-13 12:32:34	galaxyproject	training-material
2022-03-13 12:32:17	hexylena	git-gat
2022-03-13 12:31:40	galaxyproject	training-material
2022-03-13 11:21:39	gallantries	video-library
2022-03-13 11:19:31	gallantries	video-library
2022-03-13 11:15:31	gallantries	video-library
2022-03-13 11:14:33	gallantries	video-library
2022-03-13 10:37:58	gallantries	video-library
2022-03-13 10:36:55	gallantries	video-library
2022-03-13 10:35:58	gallantries	video-library
2022-03-13 10:34:02	gallantries	video-library
2022-03-13 10:31:51	gallantries	video-library
2022-03-13 10:23:16	gallantries	video-library
2022-03-12 16:28:13	usegalaxy-eu	infrastructure
2022-03-12 16:03:48	usegalaxy-eu	infrastructure
2022-03-12 10:04:57	usegalaxy-eu	usegalaxy-eu-tools
2022-03-12 06:19:11	usegalaxy-eu	infrastructure
2022-03-12 05:59:05	usegalaxy-eu	infrastructure
2022-03-11 20:34:36	usegalaxy-eu	infrastructure
2022-03-11 20:19:37	usegalaxy-eu	infrastructure
2022-03-11 17:27:57	gallantries	video-library
2022-03-11 17:12:01	gallantries	video-library
2022-03-11 16:48:42	gallantries	video-library
2022-03-11 16:14:22	gallantries	video-library
2022-03-11 16:13:06	gallantries	video-library
2022-03-11 16:08:26	gallantries	video-library
2022-03-11 16:05:45	gallantries	video-library
2022-03-11 15:35:01	gallantries	video-library
2022-03-11 14:31:11	usegalaxy-eu	infrastructure
2022-03-11 14:22:03	hexylena	git-gat
2022-03-11 13:57:14	galaxyproject	training-material
2022-03-11 13:54:45	galaxyproject	training-material
2022-03-11 13:29:43	galaxyproject	training-material
2022-03-11 09:25:01	galaxyproject	training-material
2022-03-11 09:14:26	gallantries	video-library
2022-03-11 09:10:03	gallantries	video-library
2022-03-10 16:29:32	galaxyproject	training-material
2022-03-10 16:27:36	gallantries	video-library
2022-03-10 16:24:12	hexylena	git-gat
2022-03-10 16:24:07	hexylena	git-gat
2022-03-10 16:21:59	galaxyproject	training-material
2022-03-10 16:20:02	hexylena	git-gat
2022-03-10 16:18:57	galaxyproject	training-material
2022-03-10 15:02:36	hexylena	git-gat
2022-03-10 15:00:01	galaxyproject	training-material
2022-03-10 14:41:00	usegalaxy-eu	infrastructure
2022-03-10 14:17:51	usegalaxy-eu	infrastructure
2022-03-10 13:02:29	hexylena	gtn-slack-bot
2022-03-10 11:21:33	hexylena	infrastructure-playbook
2022-03-10 08:50:17	galaxyproject	training-material
2022-03-10 08:46:08	mblue9	training-material
2022-03-09 18:55:18	hexylena	gtn-slack-bot
2022-03-09 18:46:36	hexylena	gtn-slack-bot
2022-03-09 18:18:46	usegalaxy-eu	infrastructure
2022-03-09 18:09:29	hexylena	gtn-slack-bot
2022-03-09 17:49:02	hexylena	gtn-slack-bot
2022-03-09 17:40:12	hexylena	gtn-slack-bot
2022-03-09 17:31:23	galaxyproject	admin-training
2022-03-09 14:55:38	gallantries	video-library
2022-03-09 14:28:14	gallantries	video-library
2022-03-09 14:08:35	gallantries	video-library
2022-03-09 14:07:05	gallantries	video-library
2022-03-09 13:52:02	gallantries	video-library
2022-03-09 13:36:48	gallantries	video-library
2022-03-09 11:05:12	galaxyproject	admin-training
2022-03-09 10:50:07	galaxyproject	admin-training
2022-03-09 10:38:51	galaxyproject	admin-training
2022-03-09 10:27:57	galaxyproject	training-material
2022-03-09 10:18:07	galaxyproject	training-material
2022-03-09 10:10:32	galaxyproject	training-material
2022-03-09 10:00:51	galaxyproject	ansible-tiaas2
2022-03-09 09:57:56	galaxyproject	ansible-tiaas2
2022-03-09 09:30:42	usegalaxy-eu	infrastructure
2022-03-09 08:23:48	usegalaxy-eu	infrastructure
2022-03-09 05:55:12	usegalaxy-eu	infrastructure
2022-03-09 05:26:38	usegalaxy-eu	infrastructure
2022-03-08 19:10:58	galaxyproject	admin-training
2022-03-08 19:09:38	galaxyproject	admin-training
2022-03-08 18:16:45	usegalaxy-eu	infrastructure
2022-03-08 17:02:52	galaxyproject	admin-training
2022-03-08 16:54:43	galaxyproject	training-material
2022-03-08 16:50:18	galaxyproject	admin-training
2022-03-08 16:42:52	galaxyproject	training-material
2022-03-08 16:29:40	usegalaxy-eu	infrastructure
2022-03-08 16:16:45	galaxyproject	admin-training
2022-03-08 16:03:47	galaxyproject	gxadmin
2022-03-08 16:02:33	gallantries	video-library
2022-03-08 16:00:09	gallantries	video-library
2022-03-08 15:34:29	usegalaxy-eu	infrastructure
2022-03-08 14:51:31	usegalaxy-eu	infrastructure
2022-03-08 14:43:18	gallantries	video-library
2022-03-08 14:41:08	gallantries	video-library
2022-03-08 14:34:40	gallantries	video-library
2022-03-08 13:34:38	usegalaxy-eu	infrastructure
2022-03-08 13:31:23	gallantries	video-library
2022-03-08 12:47:25	gallantries	video-library
2022-03-08 12:46:28	gallantries	video-library
2022-03-08 12:24:50	gallantries	video-library
2022-03-08 11:27:31	usegalaxy-eu	infrastructure
2022-03-08 10:52:39	usegalaxy-eu	infrastructure
2022-03-08 10:41:20	usegalaxy-eu	infrastructure
2022-03-08 10:26:47	usegalaxy-eu	infrastructure
2022-03-08 10:16:07	usegalaxy-eu	infrastructure
2022-03-08 09:25:13	galaxyproject	training-material
2022-03-08 07:33:37	galaxyproject	training-material
2022-03-07 20:40:54	usegalaxy-eu	infrastructure
2022-03-07 16:19:04	mblue9	training-material
2022-03-07 16:13:40	mblue9	training-material
2022-03-07 15:38:43	galaxyproject	training-material
2022-03-07 15:27:57	hexylena	git-gat
2022-03-07 15:27:52	hexylena	git-gat
2022-03-07 14:05:58	galaxyproject	admin-training
2022-03-07 14:04:01	galaxyproject	admin-training
2022-03-07 14:03:46	galaxyproject	admin-training
2022-03-07 14:00:54	galaxyproject	admin-training
2022-03-07 13:54:51	galaxyproject	admin-training
2022-03-07 13:54:08	galaxyproject	admin-training
2022-03-07 13:52:32	galaxyproject	admin-training
2022-03-07 13:44:10	ErasmusMC-Bioinformatics	galaxian-ansible
2022-03-07 13:42:38	ErasmusMC-Bioinformatics	galaxian-ansible
2022-03-07 13:24:43	hexylena	argparse2tool
2022-03-07 13:21:58	hexylena	argparse2tool
2022-03-07 13:19:25	hexylena	argparse2tool
2022-03-07 13:16:27	hexylena	argparse2tool
2022-03-07 12:56:26	galaxyproject	admin-training
2022-03-07 12:48:12	galaxyproject	admin-training
2022-03-07 12:44:31	hexylena	gtn-slack-bot
2022-03-07 12:28:17	gallantries	video-library
2022-03-07 12:27:32	pranavathiyani	video-library
2022-03-07 11:13:54	mblue9	training-material
2022-03-07 10:41:17	galaxyproject	gxadmin
2022-03-07 10:40:43	pavanvidem	gxadmin
2022-03-07 09:53:11	gallantries	video-library
2022-03-07 09:29:01	hexylena	gtn-slack-bot
2022-03-07 09:28:37	gallantries	video-library
2022-03-07 08:54:31	hexylena	gtn-slack-bot
2022-03-07 08:51:07	galaxyproject	training-material
2022-03-07 08:50:41	gallantries	video-library
2022-03-05 02:38:32	usegalaxy-eu	usegalaxy-eu-tools
2022-03-04 02:45:12	usegalaxy-eu	shared-data
2022-03-03 14:30:20	gallantries	video-library
2022-03-03 14:29:54	gallantries	video-library
2022-03-03 12:15:44	galaxyproject	training-material
2022-03-03 11:44:44	gallantries	video-library
2022-03-03 11:36:48	gallantries	video-library
2022-03-03 10:05:01	galaxyproject	training-material
2022-03-03 09:59:29	galaxyproject	training-material
2022-03-03 09:48:03	gallantries	video-library
2022-03-02 15:46:24	galaxyproject	training-material
2022-03-02 14:18:59	hexylena	gtn-slack-bot
2022-03-02 13:52:43	hexylena	gtn-slack-bot
2022-03-02 12:47:15	hexylena	gtn-slack-bot
2022-03-02 12:21:01	hexylena	gtn-slack-bot
2022-03-02 11:29:14	hexylena	gtn-slack-bot
2022-03-02 11:21:25	hexylena	gtn-slack-bot
2022-03-02 10:46:34	hexylena	gtn-slack-bot
2022-03-02 10:35:12	hexylena	gtn-slack-bot
2022-03-02 09:20:28	galaxyproject	training-material
2022-03-01 14:54:40	galaxyproject	training-material
2022-03-01 12:24:39	hexylena	git-gat
2022-03-01 12:24:34	hexylena	git-gat
2022-03-01 12:24:01	galaxyproject	training-material
2022-03-01 12:23:49	hexylena	git-gat
2022-03-01 12:23:45	hexylena	git-gat
2022-03-01 12:23:04	galaxyproject	training-material
2022-03-01 12:19:33	hexylena	git-gat
2022-03-01 12:19:28	hexylena	git-gat
2022-03-01 12:18:50	galaxyproject	training-material
2022-03-01 12:11:51	hexylena	git-gat
2022-03-01 12:11:47	hexylena	git-gat
2022-03-01 12:11:12	galaxyproject	training-material
2022-03-01 12:10:43	eancelet	training-material
2022-03-01 12:01:58	hexylena	git-gat
2022-03-01 12:01:53	hexylena	git-gat
2022-03-01 11:44:39	hexylena	git-gat
2022-03-01 11:44:34	hexylena	git-gat
2022-03-01 11:44:04	galaxyproject	training-material
2022-03-01 11:21:28	hexylena	git-gat
2022-03-01 11:21:25	hexylena	git-gat
2022-03-01 11:20:41	galaxyproject	training-material
2022-03-01 11:20:04	hexylena	git-gat
2022-03-01 11:19:15	galaxyproject	training-material
2022-03-01 11:11:54	galaxyproject	training-material
2022-03-01 10:49:07	galaxyproject	training-material
2022-03-01 10:47:50	galaxyproject	training-material
2022-03-01 10:29:28	galaxyproject	training-material
2022-03-01 10:23:29	galaxyproject	training-material
2022-03-01 10:07:38	eancelet	training-material
2022-03-01 10:05:29	yvanlebras	training-material
2022-03-01 09:48:04	yvanlebras	training-material
2022-03-01 09:00:05	galaxyproject	training-material
2022-03-01 08:58:09	galaxyproject	training-material
2022-02-28 15:47:34	ErasmusMC-Bioinformatics	galaxian-ansible
2022-02-28 15:28:15	ErasmusMC-Bioinformatics	galaxian-ansible
2022-02-28 15:26:35	galaxyproject	training-material
2022-02-28 12:40:40	galaxyproject	training-material
2022-02-28 12:32:21	galaxyproject	training-material
2022-02-28 12:31:31	yvanlebras	training-material
2022-02-28 12:27:37	yvanlebras	training-material
2022-02-28 12:17:24	galaxyproject	training-material
2022-02-28 12:15:30	hexylena	git-gat
2022-02-28 12:15:25	hexylena	git-gat
2022-02-28 12:14:52	galaxyproject	training-material
2022-02-28 11:57:52	galaxyproject	training-material
2022-02-28 10:39:36	galaxyproject	training-material
2022-02-28 10:26:08	hexylena	git-gat
2022-02-28 10:26:02	hexylena	git-gat
2022-02-28 10:25:34	hexylena	git-gat
2022-02-28 10:24:46	galaxyproject	training-material
2022-02-26 02:40:19	usegalaxy-eu	usegalaxy-eu-tools
2022-02-25 15:38:14	yvanlebras	training-material
2022-02-25 13:29:23	galaxyproject	training-material
2022-02-25 11:55:21	galaxyproject	training-material
2022-02-25 09:34:24	galaxyproject	training-material
2022-02-25 09:32:09	yvanlebras	training-material
2022-02-25 09:29:12	yvanlebras	training-material
2022-02-25 09:28:01	yvanlebras	training-material
2022-02-25 09:20:17	yvanlebras	training-material
2022-02-24 17:56:49	mvdbeek	galaxy
2022-02-24 17:53:16	mvdbeek	galaxy
2022-02-24 16:48:14	hexylena	galaxy
2022-02-24 16:48:12	hexylena	galaxy
2022-02-24 16:44:47	gallantries	video-library
2022-02-24 11:44:35	hexylena	git-gat
2022-02-24 11:44:31	hexylena	git-gat
2022-02-24 11:43:47	galaxyproject	training-material
2022-02-24 11:29:55	hexylena	git-gat
2022-02-24 11:21:51	gallantries	video-library
2022-02-24 09:09:20	gallantries	gallantries.github.io
2022-02-24 09:03:19	gallantries	video-library
2022-02-23 17:08:25	galaxyproject	training-material
2022-02-23 16:47:08	galaxyproject	training-material
2022-02-23 14:28:16	hexylena	bdb
2022-02-23 11:56:17	galaxyproject	training-material
2022-02-23 11:10:48	hexylena	bdb
2022-02-23 09:49:49	galaxyproject	training-material
2022-02-22 15:50:56	galaxyproject	training-material
2022-02-22 15:46:31	galaxyproject	training-material
2022-02-22 15:42:26	galaxyproject	training-material
2022-02-22 15:38:12	galaxyproject	training-material
2022-02-22 13:19:30	galaxyproject	training-material
2022-02-22 13:06:20	galaxyproject	training-material
2022-02-21 19:45:35	beatrizserrano	galaxy-hub
2022-02-21 17:21:02	galaxyproject	training-material
2022-02-21 14:57:02	galaxyproject	training-material
2022-02-21 09:47:13	ErasmusMC-Bioinformatics	installed-tools
2022-02-17 08:40:58	NordicESMhub	galaxy-training-material
2022-02-17 08:13:51	gallantries	video-library
2022-02-16 17:42:39	galaxyproject	training-material
2022-02-16 17:42:14	galaxyproject	training-material
2022-02-16 16:51:12	gallantries	video-library
2022-02-16 14:49:34	gallantries	video-library
2022-02-16 14:37:20	gallantries	video-library
2022-02-16 13:36:56	gallantries	video-library
2022-02-16 13:35:35	gallantries	video-library
2022-02-16 11:12:27	galaxyproject	training-material
2022-02-15 12:36:53	gallantries	video-library
2022-02-15 12:29:12	gallantries	video-library
2022-02-15 12:06:23	gallantries	video-library
2022-02-15 11:48:23	gallantries	video-library
2022-02-15 11:26:28	gallantries	video-library
2022-02-15 10:21:12	gallantries	video-library
2022-02-15 09:21:25	ErasmusMC-Bioinformatics	installed-tools
2022-02-15 09:14:37	ErasmusMC-Bioinformatics	installed-tools
2022-02-15 09:12:42	galaxyproject	training-material
2022-02-14 12:07:10	hexylena	bdb
2022-02-14 09:20:14	usegalaxy-eu	usegalaxy-eu-tools
2022-02-12 02:40:47	usegalaxy-eu	usegalaxy-eu-tools
2022-02-11 08:37:48	usegalaxy-eu	infrastructure
2022-02-10 15:32:55	gallantries	gallantries.github.io
2022-02-10 12:38:34	hexylena	git-gat
2022-02-10 12:38:29	hexylena	git-gat
2022-02-10 12:31:53	hexylena	git-gat
2022-02-10 12:31:02	hexylena	git-gat
2022-02-10 12:30:56	hexylena	git-gat
2022-02-10 12:30:18	galaxyproject	training-material
2022-02-10 11:34:39	galaxyproject	training-material
2022-02-10 09:07:17	ErasmusMC-Bioinformatics	galaxian-ansible
2022-02-10 08:56:50	ErasmusMC-Bioinformatics	installed-tools
2022-02-10 08:43:50	hexylena	git-gat
2022-02-10 08:43:46	hexylena	git-gat
2022-02-10 08:43:12	galaxyproject	training-material
2022-02-10 08:36:38	hexylena	git-gat
2022-02-10 08:29:38	galaxyproject	training-material
2022-02-10 08:26:47	galaxyproject	training-material
2022-02-09 15:31:40	galaxyproject	training-material
2022-02-09 13:37:30	galaxyproject	training-material
2022-02-09 13:37:00	galaxyproject	training-material
2022-02-09 13:35:58	galaxyproject	training-material
2022-02-09 13:32:52	galaxyproject	training-material
2022-02-09 13:28:33	galaxyproject	training-material
2022-02-09 13:05:50	galaxyproject	training-material
2022-02-09 11:52:26	Avans-ATGM	infrastructure
2022-02-09 11:51:54	ErasmusMC-Bioinformatics	galaxian-ansible
2022-02-09 11:19:22	galaxyproject	training-material
2022-02-09 10:09:51	hexylena	hexylena.github.io
2022-02-09 09:44:52	ErasmusMC-Bioinformatics	galaxian-ansible
2022-02-09 09:42:04	ErasmusMC-Bioinformatics	galaxian-ansible
2022-02-08 13:40:17	hexylena	galactic-radio-telescope-client
2022-02-08 13:28:48	hexylena	galaxy
2022-02-08 13:27:13	hexylena	galaxy
2022-02-08 13:16:31	hexylena	galaxy
2022-02-08 10:46:35	NordicESMhub	galaxy-training-material
2022-02-08 10:36:33	NordicESMhub	galaxy-training-material
2022-02-08 09:32:32	ErasmusMC-Bioinformatics	installed-tools
2022-02-08 09:31:21	JasperO98	installed-tools
2022-02-08 08:37:08	usegalaxy-eu	infrastructure
2022-02-07 10:29:58	ErasmusMC-Bioinformatics	installed-tools
2022-02-07 10:29:50	JasperO98	installed-tools
2022-02-07 10:29:35	ErasmusMC-Bioinformatics	installed-tools
2022-02-07 08:27:43	galaxyproject	training-material
2022-02-07 07:55:58	galaxyproject	training-material
2022-02-05 02:40:16	usegalaxy-eu	usegalaxy-eu-tools
2022-02-04 15:24:05	galaxyproject	training-material
2022-02-03 16:11:36	usegalaxy-eu	ansible-tiaas2
2022-02-03 15:41:59	usegalaxy-eu	tiaas2
2022-02-03 10:13:52	Avans-ATGM	infrastructure
2022-02-03 09:53:32	ErasmusMC-Bioinformatics	installed-tools
2022-02-03 09:53:13	ErasmusMC-Bioinformatics	installed-tools
2022-02-02 14:21:02	Avans-ATGM	Courses
2022-02-02 14:18:25	Avans-ATGM	Courses
2022-02-02 14:15:40	Avans-ATGM	Courses
2022-02-02 14:13:25	Avans-ATGM	Courses
2022-02-02 14:12:54	Avans-ATGM	Courses
2022-02-02 14:04:31	Avans-ATGM	Courses
2022-02-02 13:59:19	Avans-ATGM	Courses
2022-02-02 11:35:14	usegalaxy-eu	infrastructure
2022-02-02 11:14:58	usegalaxy-eu	infrastructure
2022-02-02 10:13:39	ErasmusMC-Bioinformatics	installed-tools
2022-02-01 15:26:46	ErasmusMC-Bioinformatics	installed-tools
2022-02-01 13:26:08	ErasmusMC-Bioinformatics	installed-tools
2022-02-01 13:19:45	gallantries	video-library
2022-02-01 13:09:53	gallantries	video-library
2022-01-31 08:21:27	ErasmusMC-Bioinformatics	installed-tools
2022-01-29 03:58:57	usegalaxy-eu	usegalaxy-eu-tools
2022-01-28 13:53:32	galaxyproject	training-material
2022-01-28 13:52:48	galaxyproject	training-material
2022-01-28 11:07:09	galaxyproject	training-material
2022-01-28 10:51:59	ErasmusMC-Bioinformatics	installed-tools
2022-01-27 15:45:27	ErasmusMC-Bioinformatics	installed-tools
2022-01-27 15:34:57	ErasmusMC-Bioinformatics	installed-tools
2022-01-27 15:34:38	galaxyproject	training-material
2022-01-27 15:33:14	galaxyproject	training-material
2022-01-27 15:28:59	galaxyproject	training-material
2022-01-27 15:28:11	galaxyproject	training-material
2022-01-27 14:43:51	galaxyproject	training-material
2022-01-27 13:44:31	JasperO98	tools-iuc
2022-01-26 13:57:06	galaxyproject	training-material
2022-01-26 11:20:34	ErasmusMC-Bioinformatics	installed-tools
2022-01-25 15:00:06	galaxyproject	training-material
2022-01-25 14:53:48	galaxyproject	training-material
2022-01-25 10:28:37	galaxyproject	tools-iuc
2022-01-25 10:27:50	JasperO98	tools-iuc
2022-01-25 10:26:32	JasperO98	tools-iuc
2022-01-25 10:25:22	JasperO98	tools-iuc
2022-01-24 15:47:52	galaxyproject	training-material
2022-01-24 15:30:11	galaxyproject	training-material
2022-01-24 15:18:09	usegalaxy-eu	infrastructure
2022-01-24 14:42:43	usegalaxy-eu	infrastructure
2022-01-24 11:26:52	galaxyproject	tools-iuc
2022-01-24 11:12:41	JasperO98	tools-iuc
2022-01-24 10:22:31	JasperO98	tools-iuc
2022-01-24 10:05:00	JasperO98	tools-iuc
2022-01-24 09:43:54	JasperO98	tools-iuc
2022-01-24 09:23:19	JasperO98	tools-iuc
2022-01-24 09:23:03	JasperO98	tools-iuc
2022-01-22 02:40:49	usegalaxy-eu	usegalaxy-eu-tools
2022-01-21 17:05:04	galaxyproject	training-material
2022-01-21 11:19:39	JasperO98	tools-iuc
2022-01-21 09:56:35	gallantries	video-library
2022-01-20 17:04:42	galaxyproject	training-material
2022-01-20 15:58:39	galaxyproject	training-material
2022-01-20 15:31:17	galaxyproject	training-material
2022-01-20 15:14:58	Avans-ATGM	infrastructure
2022-01-20 14:42:00	ErasmusMC-Bioinformatics	galaxian-ansible
2022-01-20 14:41:21	ErasmusMC-Bioinformatics	galaxian-ansible
2022-01-20 13:06:46	Avans-ATGM	infrastructure
2022-01-20 13:04:02	galaxyproject	training-material
2022-01-20 09:48:43	gallantries	video-library
2022-01-19 15:28:37	ErasmusMC-Bioinformatics	galaxian-ansible
2022-01-19 15:26:10	usegalaxy-eu	infrastructure
2022-01-19 09:50:35	galaxyproject	training-material
2022-01-19 09:50:15	galaxyproject	training-material
2022-01-18 14:06:32	ErasmusMC-Bioinformatics	installed-tools
2022-01-18 12:42:05	ErasmusMC-Bioinformatics	galaxian-ansible
2022-01-18 11:55:58	galaxyproject	galaxy-hub
2022-01-18 11:48:47	ErasmusMC-Bioinformatics	installed-tools
2022-01-17 15:24:42	ErasmusMC-Bioinformatics	installed-tools
2022-01-17 15:22:53	ErasmusMC-Bioinformatics	installed-tools
2022-01-17 14:11:13	gallantries	video-library
2022-01-17 13:43:30	galaxyproject	galaxy-hub
2022-01-17 13:42:59	gallantries	video-library
2022-01-17 13:07:59	ErasmusMC-Bioinformatics	installed-tools
2022-01-17 12:54:36	galaxyproject	galaxy-hub
2022-01-17 11:52:21	galaxyproject	galaxy-hub
2022-01-17 11:00:29	galaxyproject	galaxy-hub
2022-01-15 02:39:39	usegalaxy-eu	usegalaxy-eu-tools
2022-01-14 15:03:50	galaxyproject	training-material
2022-01-14 14:51:24	gallantries	video-library
2022-01-14 14:46:16	gallantries	video-library
2022-01-14 12:43:55	gallantries	video-library
2022-01-14 08:55:01	galaxyproject	training-material
2022-01-14 02:44:44	usegalaxy-eu	shared-data
2022-01-13 14:43:39	ErasmusMC-Bioinformatics	installed-tools
2022-01-13 14:08:16	gallantries	video-library
2022-01-13 13:02:56	Avans-ATGM	infrastructure
2022-01-13 12:34:43	usegalaxy-eu	usegalaxy-eu-tools
2022-01-13 10:53:37	Avans-ATGM	infrastructure
2022-01-13 10:40:37	Avans-ATGM	infrastructure
2022-01-13 10:40:11	Avans-ATGM	infrastructure
2022-01-13 10:38:17	Avans-ATGM	infrastructure
2022-01-13 10:37:41	Avans-ATGM	infrastructure
2022-01-13 10:12:00	galaxyproject	training-material
2022-01-13 09:47:18	ErasmusMC-Bioinformatics	galaxian-ansible
2022-01-12 13:52:38	gallantries	video-library
2022-01-12 13:38:44	gallantries	video-library
2022-01-12 13:28:36	gallantries	video-library
2022-01-12 13:24:53	gallantries	video-library
2022-01-12 12:31:45	gallantries	video-library
2022-01-12 12:11:04	gallantries	video-library
2022-01-12 12:10:21	gallantries	video-library
2022-01-12 09:49:31	usegalaxy-eu	infrastructure
2022-01-12 08:22:21	usegalaxy-eu	infrastructure
2022-01-10 13:25:35	ErasmusMC-Bioinformatics	installed-tools
2022-01-10 12:10:50	galaxyproject	gx-it-proxy
2022-01-10 11:49:31	galaxyproject	ptdk
2022-01-10 11:47:45	galaxyproject	ptdk
2022-01-10 11:42:29	galaxyproject	ptdk
2022-01-10 11:32:54	galaxyproject	ptdk
2022-01-10 11:30:11	galaxyproject	ptdk
2022-01-10 11:26:59	galaxyproject	ptdk
2021-12-21 10:54:49	gallantries	video-library
2021-12-21 10:51:59	gallantries	video-library
2021-12-21 10:46:29	gallantries	video-library
2021-12-21 10:15:35	galaxyproject	training-material
2021-12-21 10:14:07	galaxyproject	training-material
2021-12-17 14:11:00	Avans-ATGM	infrastructure
2021-12-17 11:26:07	Avans-ATGM	infrastructure
2021-12-17 11:14:48	Avans-ATGM	infrastructure
2021-12-17 11:10:58	Avans-ATGM	infrastructure
2021-12-17 02:44:44	usegalaxy-eu	shared-data
2021-12-15 11:17:53	gallantries	video-library
2021-12-15 09:47:37	usegalaxy-eu	infrastructure
2021-12-14 17:50:28	gallantries	video-library
2021-12-14 17:37:20	gallantries	video-library
2021-12-14 17:29:04	gallantries	video-library
2021-12-14 17:26:20	galaxyproject	training-material
2021-12-14 17:13:53	gallantries	video-library
2021-12-14 16:18:16	galaxyproject	training-material
2021-12-14 16:15:20	gallantries	video-library
2021-12-14 16:12:19	gallantries	video-library
2021-12-14 16:10:04	gallantries	video-library
2021-12-14 16:05:24	gallantries	video-library
2021-12-14 15:05:43	galaxyproject	training-material
2021-12-14 14:57:41	galaxyproject	training-material
2021-12-14 14:04:44	gallantries	gallantries.github.io
2021-12-14 13:20:29	gallantries	gallantries.github.io
2021-12-14 13:17:16	gallantries	gallantries.github.io
2021-12-14 13:12:28	gallantries	gallantries.github.io
2021-12-14 13:05:30	gallantries	gallantries.github.io
2021-12-14 13:00:14	gallantries	gallantries.github.io
2021-12-14 12:40:51	gallantries	gallantries.github.io
2021-12-13 15:03:27	galaxyproject	galaxy-hub
2021-12-13 11:00:03	galaxyproject	ansible-galaxy
2021-12-11 03:49:29	usegalaxy-eu	infrastructure
2021-12-10 15:17:08	Avans-ATGM	infrastructure
2021-12-10 15:13:42	Avans-ATGM	infrastructure
2021-12-10 09:54:32	usegalaxy-eu	usegalaxy-eu-tools
2021-12-10 02:44:45	usegalaxy-eu	shared-data
2021-12-09 17:30:58	galaxy-genome-annotation	galaxy-tools
2021-12-09 17:23:37	galaxy-genome-annotation	galaxy-tools
2021-12-09 13:23:09	Avans-ATGM	installed-tools
2021-12-09 13:02:11	Avans-ATGM	infrastructure
2021-12-09 12:02:18	Avans-ATGM	infrastructure
2021-12-08 15:03:23	galaxyproject	training-material
2021-12-08 15:02:42	galaxyproject	training-material
2021-12-08 15:00:49	galaxyproject	training-material
2021-12-08 14:04:20	galaxyproject	training-material
2021-12-08 12:02:02	galaxyproject	training-material
2021-12-08 11:54:48	usegalaxy-eu	usegalaxy-eu-tools
2021-12-08 11:50:09	galaxyproject	training-material
2021-12-08 11:42:56	galaxyproject	training-material
2021-12-08 11:03:47	galaxyproject	training-material
2021-12-08 10:56:54	galaxyproject	training-material
2021-12-08 10:43:45	galaxyproject	training-material
2021-12-08 10:39:52	galaxyproject	training-material
2021-12-08 09:43:10	galaxyproject	training-material
2021-12-07 13:39:08	galaxyproject	training-material
2021-12-07 13:28:18	galaxyproject	training-material
2021-12-07 13:21:39	galaxyproject	training-material
2021-12-07 13:19:24	galaxyproject	training-material
2021-12-07 13:17:27	galaxyproject	training-material
2021-12-07 13:12:13	galaxyproject	training-material
2021-12-07 13:07:33	galaxyproject	training-material
2021-12-07 13:05:03	galaxyproject	training-material
2021-12-07 12:47:07	galaxyproject	training-material
2021-12-07 08:30:05	gallantries	video-library
2021-12-07 08:29:52	gallantries	video-library
2021-12-06 15:27:56	galaxyproject	training-material
2021-12-06 13:47:57	galaxyproject	training-material
2021-12-06 12:46:41	galaxyproject	training-material
2021-12-06 12:45:02	galaxyproject	training-material
2021-12-06 07:50:09	galaxyproject	training-material
2021-12-03 12:41:05	galaxyproject	GTN-community-paper-2020
2021-12-03 12:29:10	galaxyproject	GTN-community-paper-2020
2021-12-03 12:00:27	galaxyproject	GTN-community-paper-2020
2021-12-03 10:18:16	Avans-ATGM	Avans-ATGM.github.io
2021-12-03 08:57:43	Avans-ATGM	infrastructure
2021-12-03 02:44:46	usegalaxy-eu	shared-data
2021-12-02 15:55:12	Avans-ATGM	installed-tools
2021-12-02 15:49:54	Avans-ATGM	installed-tools
2021-12-02 15:46:51	galaxyproject	ansible-role-self-signed-certs
2021-12-02 13:52:23	galaxyproject	gx-it-proxy
2021-12-02 13:30:44	galaxyproject	gx-it-proxy
2021-12-02 13:25:36	galaxyproject	gx-it-proxy
2021-12-02 13:24:35	galaxyproject	gx-it-proxy
2021-12-02 13:23:35	galaxyproject	gx-it-proxy
2021-12-02 12:06:09	Avans-ATGM	infrastructure
2021-12-02 11:51:14	Avans-ATGM	infrastructure
2021-12-02 11:46:48	Avans-ATGM	infrastructure
2021-12-02 11:37:38	Avans-ATGM	infrastructure
2021-12-02 11:22:48	Avans-ATGM	infrastructure
2021-12-02 10:59:02	Avans-ATGM	infrastructure
2021-12-02 10:41:35	Avans-ATGM	infrastructure
2021-12-02 10:29:36	Avans-ATGM	infrastructure
2021-12-02 10:08:49	Avans-ATGM	infrastructure
2021-12-02 10:02:19	Avans-ATGM	installed-tools
2021-12-01 17:00:48	galaxyproject	GTN-community-paper-2020
2021-12-01 16:54:42	galaxyproject	GTN-community-paper-2020
2021-12-01 16:43:37	galaxyproject	GTN-community-paper-2020
2021-12-01 16:42:20	galaxyproject	GTN-community-paper-2020
2021-12-01 16:40:12	galaxyproject	GTN-community-paper-2020
2021-12-01 16:38:18	galaxyproject	GTN-community-paper-2020
2021-12-01 15:54:12	galaxyproject	training-material
2021-12-01 15:43:56	usegalaxy-eu	infrastructure-playbook
2021-12-01 15:38:06	galaxyproject	GTN-community-paper-2020
2021-12-01 15:36:43	bebatut	GTN-community-paper-2020
2021-12-01 14:36:37	galaxyproject	training-material
2021-12-01 14:13:21	galaxyproject	training-material
2021-12-01 14:00:15	galaxyproject	training-material
2021-12-01 13:48:29	gallardoalba	training-material
2021-11-30 16:27:28	Avans-ATGM	ABCD
2021-11-30 14:48:32	hexylena	gtn-slack-bot
2021-11-30 14:28:54	hexylena	gtn-slack-bot
2021-11-30 14:26:06	hexylena	gtn-slack-bot
2021-11-30 14:24:40	hexylena	gtn-slack-bot
2021-11-30 14:16:50	hexylena	gtn-slack-bot
2021-11-30 13:49:06	hexylena	gtn-slack-bot
2021-11-30 12:01:40	usegalaxy-eu	usegalaxy-eu-tools
2021-11-30 11:29:31	galaxyproject	training-material
2021-11-29 15:52:25	galaxyproject	training-material
2021-11-29 15:49:53	galaxyproject	gxadmin
2021-11-29 15:48:13	galaxyproject	gxadmin
2021-11-29 14:55:45	galaxyproject	training-material
2021-11-29 14:22:03	gallantries	galaxy-workshop
2021-11-29 13:29:36	galaxyproject	training-material
2021-11-29 13:27:00	gallantries	galaxy-workshop
2021-11-29 13:26:31	gallantries	galaxy-workshop
2021-11-29 13:20:55	gallantries	galaxy-workshop
2021-11-29 13:15:52	abretaud	training-material
2021-11-29 11:16:36	usegalaxy-eu	infrastructure-playbook
2021-11-29 11:03:53	usegalaxy-eu	infrastructure-playbook
2021-11-29 10:46:28	usegalaxy-eu	infrastructure-playbook
2021-11-29 10:32:31	usegalaxy-eu	infrastructure-playbook
2021-11-29 09:03:37	galaxyproject	training-material
2021-11-29 08:38:33	gallantries	galaxy-workshop
2021-11-27 18:12:53	usegalaxy-eu	usegalaxy-eu-tools
2021-11-26 14:03:41	galaxyproject	training-material
2021-11-26 14:00:52	ErasmusMC-Bioinformatics	installed-tools
2021-11-26 14:00:14	ErasmusMC-Bioinformatics	galaxian-ansible
2021-11-26 13:46:08	ErasmusMC-Bioinformatics	installed-tools
2021-11-26 13:45:16	ErasmusMC-Bioinformatics	installed-tools
2021-11-26 13:45:06	ErasmusMC-Bioinformatics	installed-tools
2021-11-26 13:23:59	ErasmusMC-Bioinformatics	installed-tools
2021-11-26 12:23:08	galaxyproject	training-material
2021-11-26 11:29:53	galaxyproject	training-material
2021-11-26 11:12:39	galaxyproject	training-material
2021-11-25 18:27:23	Avans-ATGM	ABCD
2021-11-25 18:14:03	Avans-ATGM	ABCD
2021-11-25 15:49:47	Avans-ATGM	infrastructure
2021-11-25 13:37:42	Avans-ATGM	infrastructure
2021-11-25 13:35:38	ErasmusMC-Bioinformatics	installed-tools
2021-11-25 13:27:06	Avans-ATGM	infrastructure
2021-11-25 13:26:20	Avans-ATGM	infrastructure
2021-11-25 13:19:13	Avans-ATGM	infrastructure
2021-11-25 12:16:16	Avans-ATGM	infrastructure
2021-11-25 12:15:09	Avans-ATGM	infrastructure
2021-11-25 12:13:00	Avans-ATGM	infrastructure
2021-11-25 12:09:34	Avans-ATGM	infrastructure
2021-11-25 11:14:56	gallantries	galaxy-workshop
2021-11-25 10:26:02	galaxyproject	training-material
2021-11-25 10:20:25	galaxyproject	training-material
2021-11-25 08:41:13	hexylena	TeSS_scrapers
2021-11-24 18:41:08	gallantries	galaxy-workshop
2021-11-24 17:59:26	nomadscientist	galaxy-workshop
2021-11-24 15:59:26	galaxyproject	training-material
2021-11-24 15:42:13	nomadscientist	galaxy-workshop
2021-11-24 15:41:37	gallantries	galaxy-workshop
2021-11-24 15:38:22	galaxyproject	training-material
2021-11-24 15:30:08	galaxyproject	training-material
2021-11-24 15:29:12	galaxyproject	training-material
2021-11-24 14:02:31	galaxyproject	training-material
2021-11-24 13:52:08	galaxyproject	training-material
2021-11-24 13:27:13	galaxyproject	training-material
2021-11-24 13:14:44	galaxyproject	training-material
2021-11-24 12:38:48	galaxyproject	training-material
2021-11-24 11:19:12	gallantries	video-library
2021-11-24 09:48:56	galaxyproject	training-material
2021-11-24 09:30:38	galaxyproject	training-material
2021-11-24 09:30:17	galaxyproject	training-material
2021-11-23 19:00:52	galaxyproject	training-material
2021-11-23 18:50:19	RDMFellow	training-material
2021-11-23 16:42:22	galaxyproject	training-material
2021-11-23 16:27:40	gallantries	video-library
2021-11-23 16:24:31	shiltemann	training-material
2021-11-23 16:17:06	galaxyproject	training-material
2021-11-23 15:53:06	RDMFellow	training-material
2021-11-23 15:48:39	gallantries	video-library
2021-11-23 15:32:45	RDMFellow	training-material
2021-11-23 14:59:04	gallantries	video-library
2021-11-23 14:06:54	gallantries	video-library
2021-11-23 13:38:55	gallantries	video-library
2021-11-23 13:37:14	gallantries	video-library
2021-11-23 13:35:22	gallantries	video-library
2021-11-23 13:29:17	galaxyproject	training-material
2021-11-22 17:39:05	gallantries	video-library
2021-11-22 17:12:25	gallantries	video-library
2021-11-22 15:36:08	nomadscientist	galaxy-workshop
2021-11-22 14:46:48	galaxyproject	training-material
2021-11-22 14:43:28	nomadscientist	galaxy-workshop
2021-11-22 12:07:28	galaxyproject	tools-iuc
2021-11-22 11:39:17	gallardoalba	tools-iuc
2021-11-22 11:15:52	gallardoalba	tools-iuc
2021-11-22 10:57:58	gallardoalba	tools-iuc
2021-11-22 10:53:54	gallardoalba	tools-iuc
2021-11-22 10:25:21	hexylena	training-material
2021-11-22 10:24:45	hexylena	training-material
2021-11-21 11:05:13	usegalaxy-eu	usegalaxy-eu-tools
2021-11-18 16:47:52	Avans-ATGM	infrastructure
2021-11-18 16:47:35	usegalaxy-eu	ansible-tiaas2
2021-11-18 16:43:29	Avans-ATGM	infrastructure
2021-11-18 16:41:14	Avans-ATGM	infrastructure
2021-11-18 16:40:55	Avans-ATGM	infrastructure
2021-11-18 16:31:25	Avans-ATGM	infrastructure
2021-11-18 16:23:44	gallantries	video-library
2021-11-18 16:06:31	usegalaxy-eu	ansible-tiaas2
2021-11-18 15:55:56	Avans-ATGM	infrastructure
2021-11-18 15:55:46	Avans-ATGM	infrastructure
2021-11-18 15:45:35	Avans-ATGM	infrastructure
2021-11-18 15:41:23	Avans-ATGM	infrastructure
2021-11-18 15:19:10	Avans-ATGM	infrastructure
2021-11-18 15:11:40	Avans-ATGM	infrastructure
2021-11-18 15:07:27	Avans-ATGM	infrastructure
2021-11-18 15:03:38	Avans-ATGM	infrastructure
2021-11-18 14:54:54	Avans-ATGM	infrastructure
2021-11-18 12:36:44	gallantries	video-library
2021-11-18 12:06:28	galaxyproject	training-material
2021-11-18 12:01:24	galaxyproject	training-material
2021-11-18 12:01:16	Dirowa	training-material
2021-11-18 11:58:14	galaxyproject	training-material
2021-11-18 10:15:01	Avans-ATGM	infrastructure
2021-11-18 10:05:07	Avans-ATGM	infrastructure
2021-11-18 10:04:50	Avans-ATGM	infrastructure
2021-11-18 09:57:24	Avans-ATGM	infrastructure
2021-11-18 09:50:33	galaxyproject	training-material
2021-11-18 09:49:19	galaxyproject	training-material
2021-11-18 09:48:35	Chinonyemildred	training-material
2021-11-18 09:48:15	Chinonyemildred	training-material
2021-11-18 09:48:11	galaxyproject	training-material
2021-11-18 09:47:24	galaxyproject	training-material
2021-11-18 09:47:10	Chinonyemildred	training-material
2021-11-18 09:44:01	rahmot	training-material
2021-11-18 09:36:39	Avans-ATGM	infrastructure
2021-11-18 09:25:49	Avans-ATGM	infrastructure
2021-11-17 12:27:39	Avans-ATGM	ansible-galaxy-systemd
2021-11-17 12:24:43	Avans-ATGM	ansible-galaxy-systemd
2021-11-17 12:22:08	Avans-ATGM	ansible-galaxy-systemd
2021-11-17 12:21:53	Avans-ATGM	ansible-galaxy-systemd
2021-11-17 12:12:24	gallantries	video-library
2021-11-17 11:54:59	Avans-ATGM	infrastructure
2021-11-17 11:38:35	galaxyproject	training-material
2021-11-17 10:20:21	galaxyproject	training-material
2021-11-17 10:03:59	Chinonyemildred	training-material
2021-11-17 09:49:07	Avans-ATGM	infrastructure
2021-11-17 09:44:31	Avans-ATGM	infrastructure
2021-11-17 09:36:19	Avans-ATGM	infrastructure
2021-11-17 08:47:32	galaxyproject	training-material
2021-11-17 06:38:39	galaxyproject	training-material
2021-11-17 06:30:01	galaxyproject	training-material
2021-11-17 06:29:37	galaxyproject	training-material
2021-11-16 17:53:15	nomadscientist	galaxy-workshop
2021-11-16 14:31:03	galaxyproject	training-material
2021-11-16 14:23:38	Chinonyemildred	training-material
2021-11-16 14:20:00	Chinonyemildred	training-material
2021-11-16 10:39:52	galaxyproject	training-material
2021-11-16 09:03:12	galaxyproject	tools-iuc
2021-11-15 11:47:59	gmauro	tools-iuc
2021-11-14 13:36:48	hexylena	0xA000
2021-11-14 13:07:45	gallantries	video-library
2021-11-13 06:16:16	usegalaxy-eu	usegalaxy-eu-tools
2021-11-12 10:53:58	gallantries	video-library
2021-11-12 10:46:37	gallantries	video-library
2021-11-12 10:04:50	galaxyproject	ansible-slurm
2021-11-12 09:56:50	usegalaxy-eu	tiaas2
2021-11-12 09:56:00	usegalaxy-eu	tiaas2
2021-11-12 09:50:17	gallantries	video-library
2021-11-12 02:44:38	usegalaxy-eu	shared-data
2021-11-11 19:00:36	gallantries	galaxy-workshop
2021-11-11 16:57:28	galaxyproject	training-material
2021-11-11 16:55:13	galaxyproject	training-material
2021-11-11 16:43:20	galaxyproject	training-material
2021-11-11 16:37:59	shiltemann	training-material
2021-11-11 16:22:35	galaxyproject	ansible-postgresql
2021-11-11 15:58:11	gmauro	tools-iuc
2021-11-11 15:19:32	gallantries	video-library
2021-11-11 15:04:42	gallantries	video-library
2021-11-11 14:57:20	gallantries	video-library
2021-11-11 14:16:47	gallantries	video-library
2021-11-11 11:04:55	gallantries	galaxy-workshop
2021-11-11 09:16:17	gallantries	video-library
2021-11-11 09:14:46	galaxyproject	training-material
2021-11-11 08:59:05	gallantries	video-library
2021-11-11 08:41:39	gallantries	galaxy-workshop
2021-11-11 08:39:52	gallantries	galaxy-workshop
2021-11-11 08:34:54	gallantries	galaxy-workshop
2021-11-11 08:04:21	galaxyproject	training-material
2021-11-10 17:27:04	Chinonyemildred	training-material
2021-11-10 14:40:11	gallantries	video-library
2021-11-10 14:38:04	galaxyproject	training-material
2021-11-10 13:07:34	gallantries	video-library
2021-11-10 13:05:02	gallantries	video-library
2021-11-10 12:34:35	gallantries	video-library
2021-11-10 11:49:24	gallantries	video-library
2021-11-10 11:48:05	gallantries	video-library
2021-11-10 11:47:22	gallantries	video-library
2021-11-10 11:44:30	gallantries	video-library
2021-11-10 11:22:07	gallantries	video-library
2021-11-10 11:12:03	galaxyproject	training-material
2021-11-10 11:09:58	gallantries	video-library
2021-11-10 11:06:42	gallantries	video-library
2021-11-10 10:44:17	galaxyproject	training-material
2021-11-10 10:43:19	galaxyproject	training-material
2021-11-10 10:26:54	galaxyproject	training-material
2021-11-10 09:30:30	galaxyproject	training-material
2021-11-10 08:55:05	gallantries	video-library
2021-11-10 08:48:47	galaxyproject	training-material
2021-11-10 08:45:34	galaxyproject	training-material
2021-11-10 08:04:09	galaxyproject	training-material
2021-11-09 17:18:58	galaxyproject	training-material
2021-11-09 15:33:34	gallantries	video-library
2021-11-09 15:33:13	gallantries	video-library
2021-11-09 12:29:48	galaxyproject	ansible-role-self-signed-certs
2021-11-09 12:28:31	galaxyproject	ansible-nginx
2021-11-09 12:23:30	galaxyproject	ansible-nginx
2021-11-08 16:49:42	galaxyproject	training-material
2021-11-08 16:43:50	shiltemann	training-material
2021-11-08 15:53:30	galaxyproject	training-material
2021-11-08 15:20:33	galaxyproject	training-material
2021-11-08 15:18:05	galaxyproject	training-material
2021-11-08 15:17:53	galaxyproject	training-material
2021-11-08 15:17:31	galaxyproject	training-material
2021-11-08 11:20:50	galaxyproject	training-material
2021-11-08 11:13:55	galaxyproject	training-material
2021-11-08 11:13:33	sandygudie	training-material
2021-11-08 11:08:39	galaxyproject	training-material
2021-11-08 11:06:41	galaxyproject	training-material
2021-11-08 11:04:35	galaxyproject	training-material
2021-11-08 11:03:44	galaxyproject	training-material
2021-11-08 11:00:43	galaxyproject	training-material
2021-11-06 02:41:00	usegalaxy-eu	usegalaxy-eu-tools
2021-11-05 17:13:03	hexylena	auto-gat
2021-11-05 15:50:21	hexylena	auto-gat
2021-11-05 13:28:04	hexylena	auto-gat
2021-11-05 13:12:52	Avans-ATGM	installed-tools
2021-11-05 13:12:21	hexylena	auto-gat
2021-11-05 13:08:56	hexylena	auto-gat
2021-11-05 13:05:19	hexylena	git-gat
2021-11-05 13:05:15	hexylena	git-gat
2021-11-05 13:04:39	galaxyproject	training-material
2021-11-05 12:34:25	hexylena	auto-gat
2021-11-05 12:30:22	hexylena	auto-gat
2021-11-05 12:22:56	hexylena	auto-gat
2021-11-05 12:17:52	galaxyproject	training-material
2021-11-05 12:16:17	hexylena	auto-gat
2021-11-05 12:06:44	hexylena	git-gat
2021-11-05 12:06:39	hexylena	git-gat
2021-11-05 12:06:07	galaxyproject	training-material
2021-11-05 11:45:52	hexylena	git-gat
2021-11-05 11:45:48	hexylena	git-gat
2021-11-05 11:45:09	galaxyproject	training-material
2021-11-05 11:40:18	hexylena	auto-gat
2021-11-05 11:36:34	Avans-ATGM	installed-tools
2021-11-05 10:47:36	hexylena	auto-gat
2021-11-05 10:43:38	galaxyproject	ansible-role-self-signed-certs
2021-11-05 10:38:51	galaxyproject	ansible-role-self-signed-certs
2021-11-05 10:24:35	hexylena	auto-gat
2021-11-05 10:12:09	hexylena	git-gat
2021-11-05 10:11:27	galaxyproject	training-material
2021-11-05 09:56:49	Avans-ATGM	infrastructure
2021-11-05 09:35:06	galaxyproject	training-material
2021-11-05 09:24:31	saritadc	training-material
2021-11-04 13:27:34	galaxyproject	training-material
2021-11-04 09:23:53	hexylena	dotfiles
2021-11-03 11:26:13	galaxyproject	training-material
2021-11-03 10:29:20	Avans-ATGM	installed-tools
2021-11-02 14:19:33	galaxyproject	ansible-role-self-signed-certs
2021-11-02 12:03:16	gallantries	galaxy-workshop
2021-11-02 11:48:00	galaxyproject	training-material
2021-11-02 10:49:22	gallantries	galaxy-workshop
2021-11-01 13:19:22	shiltemann	recipes
2021-10-30 01:40:03	usegalaxy-eu	usegalaxy-eu-tools
2021-10-23 01:40:55	usegalaxy-eu	usegalaxy-eu-tools
2021-10-22 01:44:52	usegalaxy-eu	shared-data
2021-10-21 10:58:43	galaxyproject	training-material
2021-10-20 15:21:11	Avans-ATGM	ABCD
2021-10-20 12:59:18	galaxyproject	training-material
2021-10-20 07:39:45	galaxyproject	training-material
2021-10-20 07:04:13	galaxyproject	training-material
2021-10-19 15:27:21	galaxyproject	training-material
2021-10-19 15:09:39	nomadscientist	training-material
2021-10-19 11:58:54	galaxyproject	training-material
2021-10-18 09:40:51	galaxyproject	training-material
2021-10-13 09:19:44	galaxyproject	ansible-cvmfs
2021-10-12 14:24:00	hexylena	git-gat
2021-10-12 13:09:18	Avans-ATGM	testing
2021-10-12 13:09:16	hexylena	testing
2021-10-12 13:06:18	Avans-ATGM	testing
2021-10-12 13:06:16	hexylena	testing
2021-10-12 12:49:47	Avans-ATGM	testing
2021-10-12 12:41:05	hexylena	testing
2021-10-12 11:56:18	hexylena	testing
2021-10-12 11:53:45	hexylena	testing
2021-10-12 11:43:33	hexylena	testing
2021-10-12 11:42:17	hexylena	testing
2021-10-12 11:40:08	hexylena	testing
2021-10-12 11:24:48	galaxyproject	training-material
2021-10-12 11:24:20	galaxyproject	training-material
2021-10-12 11:08:25	galaxyproject	training-material
2021-10-12 10:48:25	galaxyproject	training-material
2021-10-12 10:42:54	galaxyproject	training-material
2021-10-12 08:11:55	galaxyproject	training-material
2021-10-11 14:34:53	galaxyproject	training-material
2021-10-11 14:32:41	galaxyproject	training-material
2021-10-11 14:16:27	galaxyproject	training-material
2021-10-11 14:13:48	galaxyproject	training-material
2021-10-11 11:46:10	galaxyproject	training-material
2021-10-11 11:42:57	galaxyproject	training-material
2021-10-11 11:40:05	galaxyproject	training-material
2021-10-08 15:43:36	galaxyproject	training-material
2021-10-08 12:58:42	galaxyproject	training-material
2021-10-08 09:21:41	galaxyproject	gxadmin
2021-10-06 16:01:12	hexylena	galaxy
2021-10-06 15:36:39	gallantries	galaxy-workshop
2021-10-06 15:04:21	hexylena	galaxy
2021-10-06 14:42:51	hexylena	galaxy
2021-10-06 13:50:45	gallantries	galaxy-workshop
2021-10-06 13:19:41	usegalaxy-eu	tiaas2
2021-10-06 13:00:37	usegalaxy-eu	ansible-tiaas2
2021-10-06 12:56:33	usegalaxy-eu	tiaas2
2021-10-06 11:58:50	nomadscientist	training-material
2021-10-06 11:25:46	galaxyproject	ansible-proftpd
2021-10-06 11:19:05	galaxyproject	ansible-proftpd
2021-10-06 11:06:09	galaxyproject	ansible-proftpd
2021-10-06 10:57:16	galaxyproject	ansible-proftpd
2021-10-06 10:56:58	galaxyproject	ansible-proftpd
2021-10-06 10:53:22	galaxyproject	ansible-proftpd
2021-10-06 10:47:39	galaxyproject	ansible-proftpd
2021-10-06 10:44:27	galaxyproject	ansible-proftpd
2021-10-06 10:41:59	galaxyproject	ansible-proftpd
2021-10-06 10:37:36	galaxyproject	ansible-proftpd
2021-10-06 10:34:26	galaxyproject	ansible-proftpd
2021-10-06 09:32:30	galaxyproject	ansible-proftpd
2021-10-06 07:38:42	galaxyproject	tools-iuc
2021-10-06 07:37:13	ErasmusMC-Bioinformatics	erasmusmc-bioinformatics.github.io
2021-10-06 05:29:11	usegalaxy-eu	infrastructure
2021-10-05 09:44:33	galaxyproject	training-material
2021-10-04 14:44:17	galaxyproject	training-material
2021-10-04 14:15:33	shiltemann	training-material
2021-10-04 08:53:20	shiltemann	training-material
2021-10-03 14:29:27	usegalaxy-eu	infrastructure
2021-10-03 12:39:41	shiltemann	recipes
2021-10-03 08:25:32	shiltemann	recipes
2021-10-02 16:32:42	usegalaxy-eu	infrastructure
2021-10-01 15:29:24	galaxyproject	training-material
2021-10-01 10:42:21	galaxyproject	training-material
2021-10-01 10:41:46	galaxyproject	training-material
2021-10-01 10:38:58	galaxyproject	training-material
2021-10-01 10:10:24	galaxyproject	training-material
2021-09-29 14:34:34	galaxyproject	training-material
2021-09-29 14:33:11	galaxyproject	training-material
2021-09-29 14:24:51	galaxyproject	admin-training
2021-09-29 14:10:12	galaxyproject	admin-training
2021-09-29 13:37:43	galaxyproject	admin-training
2021-09-29 13:36:09	galaxyproject	training-material
2021-09-29 13:30:05	galaxyproject	admin-training
2021-09-29 13:12:25	galaxyproject	admin-training
2021-09-29 13:04:25	galaxyproject	admin-training
2021-09-29 13:03:33	galaxyproject	admin-training
2021-09-29 12:20:57	galaxyproject	training-material
2021-09-29 11:42:37	galaxyproject	admin-training
2021-09-29 11:40:57	galaxyproject	admin-training
2021-09-29 11:38:30	galaxyproject	admin-training
2021-09-29 11:32:35	galaxyproject	training-material
2021-09-29 11:04:47	galaxyproject	training-material
2021-09-29 11:03:28	galaxyproject	training-material
2021-09-29 11:00:50	galaxyproject	training-material
2021-09-29 10:59:54	galaxyproject	training-material
2021-09-29 10:44:18	galaxyproject	training-material
2021-09-29 10:26:27	galaxyproject	training-material
2021-09-29 08:56:13	galaxyproject	training-material
2021-09-29 08:17:23	galaxyproject	training-material
2021-09-29 08:16:49	galaxyproject	training-material
2021-09-29 08:13:08	galaxyproject	training-material
2021-09-28 16:29:24	galaxyproject	training-material
2021-09-28 15:55:55	galaxyproject	training-material
2021-09-28 15:08:39	galaxyproject	training-material
2021-09-28 15:05:14	galaxyproject	training-material
2021-09-28 14:51:25	galaxyproject	training-material
2021-09-28 14:42:57	galaxyproject	training-material
2021-09-28 14:39:49	galaxyproject	training-material
2021-09-28 14:33:22	galaxyproject	galaxy
2021-09-28 12:39:38	galaxyproject	training-material
2021-09-28 12:19:05	galaxyproject	training-material
2021-09-28 11:54:28	galaxyproject	training-material
2021-09-27 12:55:02	galaxyproject	training-material
2021-09-27 11:32:27	galaxyproject	training-material
2021-09-27 11:03:21	galaxyproject	training-material
2021-09-27 11:01:39	galaxyproject	training-material
2021-09-27 11:00:11	galaxyproject	training-material
2021-09-27 09:46:41	galaxyproject	training-material
2021-09-27 09:46:25	galaxyproject	training-material
2021-09-27 09:43:09	galaxyproject	training-material
2021-09-27 09:31:02	usegalaxy-eu	infrastructure
2021-09-27 09:28:28	galaxyproject	training-material
2021-09-27 08:33:01	usegalaxy-eu	infrastructure
2021-09-27 07:51:12	galaxyproject	admin-training
2021-09-25 19:45:23	usegalaxy-eu	usegalaxy-eu-tools
2021-09-24 16:32:07	galaxyproject	training-material
2021-09-24 16:31:19	galaxyproject	training-material
2021-09-24 16:24:40	galaxyproject	gxadmin
2021-09-24 16:20:15	galaxyproject	training-material
2021-09-24 16:19:59	galaxyproject	training-material
2021-09-24 14:41:47	galaxyproject	training-material
2021-09-24 14:13:42	galaxyproject	gxadmin
2021-09-24 14:12:06	galaxyproject	training-material
2021-09-24 14:04:10	galaxyproject	training-material
2021-09-24 13:48:29	galaxyproject	training-material
2021-09-24 12:34:13	galaxyproject	training-material
2021-09-24 12:24:59	galaxyproject	training-material
2021-09-23 14:53:39	galaxyproject	training-material
2021-09-23 14:51:23	galaxyproject	training-material
2021-09-23 14:51:14	galaxyproject	training-material
2021-09-23 14:49:55	galaxyproject	training-material
2021-09-23 14:48:55	galaxyproject	training-material
2021-09-23 13:49:04	usegalaxy-eu	infrastructure
2021-09-23 12:42:54	galaxyproject	tools-iuc
2021-09-23 12:21:48	galaxyproject	tools-iuc
2021-09-23 12:18:03	galaxyproject	tools-iuc
2021-09-23 10:59:23	galaxyproject	tools-iuc
2021-09-23 09:28:42	galaxyproject	training-material
2021-09-23 07:40:54	usegalaxy-eu	tiaas2
2021-09-22 12:09:18	galaxyproject	training-material
2021-09-21 18:55:15	hexylena	remapper
2021-09-21 15:51:59	hexylena	jupyter-extension
2021-09-21 15:19:45	galaxyproject	training-material
2021-09-21 12:38:42	galaxyproject	training-material
2021-09-21 12:37:08	galaxyproject	training-material
2021-09-21 12:21:17	galaxyproject	training-material
2021-09-21 11:42:44	nomadscientist	training-material
2021-09-21 11:33:51	galaxyproject	training-material
2021-09-21 10:14:59	galaxyproject	training-material
2021-09-21 10:14:51	galaxyproject	training-material
2021-09-21 10:14:12	galaxyproject	training-material
2021-09-21 09:05:31	galaxyproject	training-material
2021-09-21 08:36:41	galaxyproject	training-material
2021-09-21 08:35:34	galaxyproject	training-material
2021-09-21 08:28:03	galaxyproject	training-material
2021-09-21 08:27:35	galaxyproject	training-material
2021-09-21 08:01:05	galaxyproject	training-material
2021-09-20 16:23:41	nomadscientist	training-material
2021-09-20 16:07:10	nomadscientist	training-material
2021-09-20 15:57:21	nomadscientist	training-material
2021-09-20 15:17:40	nomadscientist	training-material
2021-09-20 15:13:30	nomadscientist	training-material
2021-09-20 14:47:15	nomadscientist	training-material
2021-09-20 13:59:49	galaxyproject	training-material
2021-09-20 10:50:04	usegalaxy-eu	usegalaxy-eu-tools
2021-09-19 16:46:13	hexylena	mlb-what-to-watch
2021-09-17 12:26:07	usegalaxy-eu	usegalaxy-eu-tools
2021-09-17 10:29:59	galaxyproject	training-material
2021-09-17 08:16:40	galaxyproject	galaxy
2021-09-17 08:13:12	galaxyproject	training-material
2021-09-17 08:07:41	galaxyproject	training-material
2021-09-16 08:29:23	galaxyproject	training-material
2021-09-15 15:16:50	galaxyproject	training-material
2021-09-15 15:06:25	galaxyproject	training-material
2021-09-15 14:03:07	galaxyproject	training-material
2021-09-15 11:55:22	hexylena	galaxy
2021-09-15 11:22:27	hexylena	mlb-what-to-watch
2021-09-15 09:22:36	hexylena	galaxy
2021-09-15 08:21:24	hexylena	galaxy
2021-09-14 17:06:27	hexylena	galaxy
2021-09-14 16:19:38	hexylena	galaxy
2021-09-13 17:57:56	hexylena	mlb-what-to-watch
2021-09-13 17:08:52	hexylena	mlb-what-to-watch
2021-09-13 13:24:11	galaxyproject	training-material
2021-09-13 07:46:08	hexylena	mlb-what-to-watch
2021-09-13 07:45:25	hexylena	mlb-what-to-watch
2021-09-13 07:39:18	hexylena	mlb-what-to-watch
2021-09-13 07:37:34	hexylena	mlb-what-to-watch
2021-09-12 15:17:14	hexylena	mlb-what-to-watch
2021-09-12 15:13:58	hexylena	mlb-what-to-watch
2021-09-12 13:55:03	hexylena	mlb-what-to-watch
2021-09-12 13:49:37	hexylena	mlb-what-to-watch
2021-09-11 01:41:26	usegalaxy-eu	usegalaxy-eu-tools
2021-09-10 09:57:39	galaxyproject	training-material
2021-09-09 14:09:33	hexylena	galaxy
2021-09-09 13:17:14	hexylena	galaxy
2021-09-09 13:16:30	hexylena	galaxy
2021-09-09 13:16:14	hexylena	galaxy
2021-09-09 10:33:04	hexylena	galaxy
2021-09-08 15:27:08	hexylena	galaxy
2021-09-08 15:13:01	hexylena	galaxy
2021-09-07 09:32:31	galaxyproject	training-material
2021-09-07 09:32:25	galaxyproject	training-material
2021-09-04 11:16:30	usegalaxy-eu	usegalaxy-eu-tools
2021-09-02 14:57:24	galaxyproject	gxadmin
2021-09-02 14:21:27	galaxyproject	training-material
2021-09-02 14:19:34	usegalaxy-eu	vgcn-infrastructure
2021-09-02 13:57:53	usegalaxy-eu	vgcn-infrastructure
2021-09-02 13:29:22	hexylena	SARS-CoV-2
2021-09-02 13:15:14	hexylena	git-gat
2021-09-02 10:50:31	galaxyproject	training-material
2021-09-02 10:17:03	galaxyproject	training-material
2021-09-01 13:58:44	hexylena	galaxy
2021-08-31 14:06:08	galaxy-iuc	parsec
2021-08-31 14:01:20	galaxy-iuc	parsec
2021-08-31 13:58:45	galaxy-iuc	parsec
2021-08-31 13:53:35	galaxy-iuc	parsec
2021-08-31 13:49:20	galaxy-iuc	parsec
2021-08-31 13:47:49	simonbray	parsec
2021-08-31 13:47:39	galaxy-iuc	command-engine
2021-08-31 13:28:16	simonbray	parsec
2021-08-31 13:27:28	galaxy-iuc	command-engine
2021-08-31 10:32:42	galaxyproject	training-material
2021-08-30 13:48:11	galaxyproject	training-material
2021-08-30 09:44:30	galaxyproject	gxadmin
2021-08-30 09:38:05	galaxyproject	ansible-pulsar
2021-08-30 09:37:14	galaxyproject	training-material
2021-08-30 09:36:19	galaxyproject	training-material
2021-08-28 09:32:29	usegalaxy-eu	usegalaxy-eu-tools
2021-08-21 01:39:46	usegalaxy-eu	usegalaxy-eu-tools
2021-08-20 07:51:54	usegalaxy-eu	shared-data
2021-08-14 09:02:57	usegalaxy-eu	usegalaxy-eu-tools
2021-08-13 01:44:37	usegalaxy-eu	shared-data
2021-08-07 01:39:27	usegalaxy-eu	usegalaxy-eu-tools
2021-08-06 01:44:38	usegalaxy-eu	shared-data
2021-07-29 13:29:03	nomadscientist	training-material
2021-07-27 13:47:05	nomadscientist	training-material
2021-07-27 13:43:27	nomadscientist	training-material
2021-07-27 13:39:23	usegalaxy-eu	usegalaxy-eu-tools
2021-07-27 13:33:09	galaxyproject	training-material
2021-07-27 13:32:25	galaxyproject	training-material
2021-07-27 13:11:40	nomadscientist	training-material
2021-07-27 13:02:39	nomadscientist	training-material
2021-07-27 12:50:38	nomadscientist	training-material
2021-07-27 12:10:46	hexylena	git-gat
2021-07-27 12:10:44	hexylena	git-gat
2021-07-27 12:09:59	galaxyproject	training-material
2021-07-27 12:09:04	hexylena	git-gat
2021-07-27 12:09:01	hexylena	git-gat
2021-07-27 12:08:16	galaxyproject	training-material
2021-07-27 12:04:11	hexylena	git-gat
2021-07-27 12:04:09	hexylena	git-gat
2021-07-27 12:03:08	galaxyproject	training-material
2021-07-27 11:57:19	hexylena	git-gat
2021-07-27 11:57:17	hexylena	git-gat
2021-07-27 11:56:34	galaxyproject	training-material
2021-07-27 11:46:12	nomadscientist	training-material
2021-07-27 11:39:05	hexylena	git-gat
2021-07-27 11:39:03	hexylena	git-gat
2021-07-27 11:38:08	galaxyproject	training-material
2021-07-27 11:33:36	hexylena	git-gat
2021-07-27 11:33:33	hexylena	git-gat
2021-07-27 11:32:52	galaxyproject	training-material
2021-07-27 09:53:03	hexylena	git-gat
2021-07-27 09:53:01	hexylena	git-gat
2021-07-27 09:52:05	hexylena	git-gat
2021-07-27 09:52:03	hexylena	git-gat
2021-07-27 09:51:56	galaxyproject	training-material
2021-07-27 09:51:15	galaxyproject	training-material
2021-07-27 09:47:38	hexylena	git-gat
2021-07-27 09:47:35	hexylena	git-gat
2021-07-27 09:46:45	galaxyproject	training-material
2021-07-27 09:08:21	hexylena	git-gat
2021-07-27 09:07:39	galaxyproject	training-material
2021-07-26 17:40:22	hexylena	git-gat
2021-07-26 17:40:20	hexylena	git-gat
2021-07-26 17:39:39	galaxyproject	training-material
2021-07-26 17:24:53	hexylena	git-gat
2021-07-26 17:24:49	hexylena	git-gat
2021-07-26 17:24:08	galaxyproject	training-material
2021-07-26 16:48:54	hexylena	git-gat
2021-07-26 16:48:52	hexylena	git-gat
2021-07-26 16:48:12	galaxyproject	training-material
2021-07-26 16:45:48	hexylena	git-gat
2021-07-26 16:45:45	hexylena	git-gat
2021-07-26 16:44:52	galaxyproject	training-material
2021-07-26 16:24:51	hexylena	git-gat
2021-07-26 16:24:48	hexylena	git-gat
2021-07-26 16:24:01	galaxyproject	training-material
2021-07-26 16:18:17	hexylena	git-gat
2021-07-26 16:18:13	hexylena	git-gat
2021-07-26 16:17:29	galaxyproject	training-material
2021-07-26 14:57:14	hexylena	git-gat
2021-07-26 14:57:11	hexylena	git-gat
2021-07-26 14:56:23	galaxyproject	training-material
2021-07-26 14:26:46	hexylena	git-gat
2021-07-26 14:26:43	hexylena	git-gat
2021-07-26 14:25:29	galaxyproject	training-material
2021-07-26 13:30:53	hexylena	git-gat
2021-07-26 13:30:50	hexylena	git-gat
2021-07-26 13:30:08	galaxyproject	training-material
2021-07-26 12:10:22	hexylena	git-gat
2021-07-26 12:10:20	hexylena	git-gat
2021-07-26 12:09:39	galaxyproject	training-material
2021-07-26 11:30:26	hexylena	git-gat
2021-07-26 11:30:24	hexylena	git-gat
2021-07-26 11:29:43	galaxyproject	training-material
2021-07-26 10:49:48	hexylena	git-gat
2021-07-26 10:49:00	galaxyproject	training-material
2021-07-26 10:07:40	usegalaxy-eu	shared-data
2021-07-26 08:02:23	usegalaxy-eu	ansible-tiaas2
2021-07-26 07:58:11	galaxyproject	training-material
2021-07-26 07:57:55	galaxyproject	training-material
2021-07-24 18:08:07	usegalaxy-eu	usegalaxy-eu-tools
2021-07-24 11:56:28	galaxyproject	training-material
2021-07-22 11:42:57	galaxyproject	training-material
2021-07-21 15:23:43	usegalaxy-eu	infrastructure
2021-07-21 14:07:51	foellmelanie	training-material
2021-07-21 13:46:12	foellmelanie	training-material
2021-07-21 11:48:14	foellmelanie	training-material
2021-07-21 04:37:32	usegalaxy-eu	infrastructure
2021-07-21 04:11:08	usegalaxy-eu	infrastructure
2021-07-20 20:38:43	usegalaxy-eu	infrastructure
2021-07-20 20:03:29	usegalaxy-eu	infrastructure
2021-07-19 11:56:17	bebatut	training-material
2021-07-19 11:20:40	bebatut	training-material
2021-07-19 11:12:28	bebatut	training-material
2021-07-19 11:02:53	bebatut	training-material
2021-07-17 01:39:55	usegalaxy-eu	usegalaxy-eu-tools
2021-07-16 13:29:43	hexylena	docker-rstudio-notebook
2021-07-13 14:44:59	shiltemann	thesis
2021-07-10 15:56:03	hexylena	git-gat
2021-07-10 15:56:01	hexylena	git-gat
2021-07-10 15:55:21	galaxyproject	training-material
2021-07-10 15:19:39	hexylena	git-gat
2021-07-10 15:18:50	galaxyproject	training-material
2021-07-10 11:29:23	galaxyproject	gxadmin
2021-07-10 11:28:38	galaxyproject	gxadmin
2021-07-10 11:18:42	galaxyproject	gxadmin
2021-07-10 11:18:02	galaxyproject	gxadmin
2021-07-10 11:10:02	galaxyproject	gxadmin
2021-07-10 10:27:36	galaxyproject	gxadmin
2021-07-10 01:39:24	usegalaxy-eu	usegalaxy-eu-tools
2021-07-09 16:58:48	galaxyproject	training-material
2021-07-09 16:21:08	hexylena	git-gat
2021-07-09 16:21:06	hexylena	git-gat
2021-07-09 16:14:23	galaxyproject	training-material
2021-07-09 15:26:08	galaxyproject	training-material
2021-07-09 13:36:19	galaxyproject	admin-training
2021-07-09 13:35:38	galaxyproject	admin-training
2021-07-09 13:28:52	galaxyproject	admin-training
2021-07-09 11:47:15	hexylena	git-gat
2021-07-09 11:47:12	hexylena	git-gat
2021-07-09 11:46:34	galaxyproject	training-material
2021-07-09 11:44:11	hexylena	git-gat
2021-07-09 11:44:08	hexylena	git-gat
2021-07-09 11:43:34	galaxyproject	training-material
2021-07-09 11:42:06	hexylena	git-gat
2021-07-09 11:42:05	hexylena	git-gat
2021-07-09 11:41:21	galaxyproject	training-material
2021-07-09 11:20:38	hexylena	git-gat
2021-07-09 11:20:35	hexylena	git-gat
2021-07-09 11:19:49	galaxyproject	training-material
2021-07-09 10:45:37	hexylena	git-gat
2021-07-09 10:45:35	hexylena	git-gat
2021-07-09 10:44:52	galaxyproject	training-material
2021-07-09 09:18:54	hexylena	git-gat
2021-07-09 09:18:15	galaxyproject	training-material
2021-07-08 14:23:24	shiltemann	gcc2021-training
2021-07-08 11:32:31	shiltemann	gcc2021-training
2021-07-08 07:56:29	usegalaxy-eu	hosting
2021-07-07 14:16:33	shiltemann	gcc2021-training
2021-07-07 08:33:02	hexylena	bioconda-recipes
2021-07-07 06:05:58	shiltemann	gcc2021-training
2021-07-06 14:28:06	hexylena	git-gat
2021-07-06 14:28:02	hexylena	git-gat
2021-07-06 14:27:24	galaxyproject	training-material
2021-07-06 14:26:33	hexylena	git-gat
2021-07-06 14:26:30	hexylena	git-gat
2021-07-06 14:25:42	hexylena	git-gat
2021-07-06 14:25:40	hexylena	git-gat
2021-07-06 14:24:57	galaxyproject	training-material
2021-07-06 14:20:21	hexylena	git-gat
2021-07-06 14:20:18	hexylena	git-gat
2021-07-06 14:19:39	galaxyproject	training-material
2021-07-06 13:38:38	hexylena	git-gat
2021-07-06 13:37:58	galaxyproject	training-material
2021-07-06 11:47:00	shiltemann	gcc2021-training
2021-07-06 07:51:29	shiltemann	gcc2021-training
2021-07-05 15:36:15	shiltemann	gcc2021-training
2021-07-05 13:46:15	hexylena	bioconda-recipes
2021-07-05 13:41:11	hexylena	bioconda-recipes
2021-07-05 13:40:44	hexylena	bioconda-recipes
2021-07-05 13:33:49	hexylena	bioconda-recipes
2021-07-05 12:04:02	shiltemann	gcc2021-training
2021-07-05 11:33:47	shiltemann	gcc2021-training
2021-07-05 10:26:41	galaxyproject	training-material
2021-07-05 10:12:08	shiltemann	gcc2021-training
2021-07-05 10:07:53	shiltemann	gcc2021-training
2021-07-05 10:06:43	shiltemann	gcc2021-training
2021-07-05 10:02:57	shiltemann	gcc2021-training
2021-07-05 10:00:17	shiltemann	gcc2021-training
2021-07-05 08:47:08	galaxyproject	training-material
2021-07-05 08:13:34	galaxyproject	training-material
2021-07-03 01:38:29	usegalaxy-eu	usegalaxy-eu-tools
2021-07-02 15:40:39	galaxyproject	training-material
2021-07-02 13:27:15	hexylena	git-gat
2021-07-02 13:27:13	hexylena	git-gat
2021-07-02 13:26:14	galaxyproject	training-material
2021-07-02 12:07:46	shiltemann	gcc2021-training
2021-07-02 10:32:34	galaxyproject	training-material
2021-07-02 07:59:12	hexylena	git-gat
2021-07-02 07:58:33	galaxyproject	training-material
2021-07-01 15:43:51	hexylena	git-gat
2021-07-01 15:43:48	hexylena	git-gat
2021-07-01 15:43:10	galaxyproject	training-material
2021-07-01 15:43:02	hexylena	git-gat
2021-07-01 15:43:00	hexylena	git-gat
2021-07-01 15:42:15	galaxyproject	training-material
2021-07-01 13:19:46	shiltemann	gcc2021-training
2021-07-01 12:04:06	galaxyproject	training-material
2021-07-01 12:03:24	galaxyproject	training-material
2021-07-01 11:59:16	galaxyproject	training-material
2021-07-01 09:46:29	shiltemann	gcc2021-training
2021-07-01 09:32:54	hexylena	git-gat
2021-07-01 08:41:32	galaxyproject	admin-training
2021-06-29 17:30:38	hexylena	git-gat
2021-06-29 15:26:13	shiltemann	gcc2021-training
2021-06-29 10:32:30	usegalaxy-eu	infrastructure
2021-06-29 09:45:50	shiltemann	gcc2021-training
2021-06-29 06:44:01	galaxyproject	training-material
2021-06-28 15:37:06	shiltemann	gcc2021-training
2021-06-28 15:33:16	shiltemann	gcc2021-training
2021-06-28 14:06:48	usegalaxy-eu	infrastructure
2021-06-28 14:00:58	usegalaxy-eu	infrastructure
2021-06-28 13:55:07	usegalaxy-eu	infrastructure
2021-06-28 13:50:28	usegalaxy-eu	infrastructure
2021-06-28 13:46:07	usegalaxy-eu	infrastructure
2021-06-28 13:09:25	galaxyproject	galaxy-hub
2021-06-28 11:56:51	shiltemann	gcc2021-training
2021-06-28 10:50:21	galaxyproject	training-material
2021-06-28 08:24:58	shiltemann	gcc2021-training
2021-06-28 07:45:31	shiltemann	gcc2021-training
2021-06-28 07:41:25	galaxyproject	training-material
2021-06-28 07:24:18	shiltemann	gcc2021-training
2021-06-28 07:21:53	shiltemann	gcc2021-training
2021-06-28 07:18:14	shiltemann	gcc2021-training
2021-06-28 07:15:45	shiltemann	gcc2021-training
2021-06-28 07:09:19	shiltemann	gcc2021-training
2021-06-28 06:57:13	shiltemann	gcc2021-training
2021-06-28 06:56:04	shiltemann	gcc2021-training
2021-06-28 06:29:16	shiltemann	gcc2021-training
2021-06-28 06:12:55	shiltemann	gcc2021-training
2021-06-27 14:08:16	usegalaxy-eu	infrastructure
2021-06-27 10:08:15	usegalaxy-eu	infrastructure
2021-06-27 09:21:29	galaxyproject	training-material
2021-06-27 09:17:55	shiltemann	gcc2021-training
2021-06-27 06:08:06	usegalaxy-eu	infrastructure
2021-06-27 02:08:11	usegalaxy-eu	infrastructure
2021-06-26 22:08:20	usegalaxy-eu	infrastructure
2021-06-26 18:08:08	usegalaxy-eu	infrastructure
2021-06-26 16:12:47	shiltemann	gcc2021-training
2021-06-26 14:08:24	usegalaxy-eu	infrastructure
2021-06-26 10:08:45	usegalaxy-eu	infrastructure
2021-06-26 09:02:06	shiltemann	gcc2021-training
2021-06-26 06:08:09	usegalaxy-eu	infrastructure
2021-06-26 03:05:54	usegalaxy-eu	usegalaxy-eu-tools
2021-06-26 02:53:33	usegalaxy-eu	infrastructure
2021-06-25 17:09:28	galaxyproject	admin-training
2021-06-25 17:06:14	galaxyproject	admin-training
2021-06-25 17:01:31	galaxyproject	admin-training
2021-06-25 16:59:39	galaxyproject	admin-training
2021-06-25 16:58:09	galaxyproject	admin-training
2021-06-25 16:56:56	galaxyproject	admin-training
2021-06-25 16:54:59	galaxyproject	admin-training
2021-06-25 16:51:55	galaxyproject	admin-training
2021-06-25 16:46:48	galaxyproject	admin-training
2021-06-25 16:34:19	galaxyproject	admin-training
2021-06-25 16:32:03	galaxyproject	admin-training
2021-06-25 16:29:45	galaxyproject	admin-training
2021-06-25 16:25:41	galaxyproject	admin-training
2021-06-25 15:56:25	galaxyproject	admin-training
2021-06-25 15:48:20	galaxyproject	admin-training
2021-06-25 15:47:07	galaxyproject	admin-training
2021-06-25 15:45:15	galaxyproject	admin-training
2021-06-25 15:42:08	galaxyproject	training-material
2021-06-25 15:40:06	galaxyproject	admin-training
2021-06-25 15:30:41	usegalaxy-eu	infrastructure
2021-06-25 06:32:14	usegalaxy-eu	infrastructure
2021-06-24 22:11:20	usegalaxy-eu	infrastructure
2021-06-24 18:48:59	galaxyproject	training-material
2021-06-24 18:26:35	shiltemann	training-material
2021-06-24 18:09:55	usegalaxy-eu	infrastructure
2021-06-24 18:02:39	hexylena	training-material
2021-06-24 17:50:40	galaxyproject	training-material
2021-06-24 17:41:21	hexylena	training-material
2021-06-24 17:31:53	galaxyproject	training-material
2021-06-24 14:10:23	usegalaxy-eu	infrastructure
2021-06-24 12:59:55	gallantries	galaxy-workshop
2021-06-24 10:10:12	usegalaxy-eu	infrastructure
2021-06-24 09:10:42	galaxyproject	training-material
2021-06-24 08:49:15	jmchilton	training-material
2021-06-24 08:37:22	galaxy-genome-annotation	galaxy-tools
2021-06-24 08:35:45	galaxyproject	training-material
2021-06-24 08:33:52	galaxyproject	training-material
2021-06-24 08:21:51	jmchilton	training-material
2021-06-24 07:09:39	usegalaxy-eu	tiaas2
2021-06-24 06:09:33	usegalaxy-eu	infrastructure
2021-06-24 02:09:34	usegalaxy-eu	infrastructure
2021-06-23 22:09:53	usegalaxy-eu	infrastructure
2021-06-23 18:09:48	usegalaxy-eu	infrastructure
2021-06-23 16:58:50	galaxyproject	training-material
2021-06-23 16:58:36	galaxyproject	training-material
2021-06-23 15:35:29	gallantries	galaxy-workshop
2021-06-23 14:34:10	shiltemann	gcc2021-training
2021-06-23 14:10:04	usegalaxy-eu	infrastructure
2021-06-23 14:03:08	galaxyproject	ansible-pulsar
2021-06-23 13:59:03	hexylena	git-gat
2021-06-23 12:32:41	shiltemann	gcc2021-training
2021-06-23 11:08:03	galaxyproject	ansible-pulsar
2021-06-23 11:02:25	galaxyproject	training-material
2021-06-23 11:01:03	galaxyproject	training-material
2021-06-23 10:10:31	usegalaxy-eu	infrastructure
2021-06-23 07:47:35	hexylena	training-material
2021-06-23 07:30:55	galaxyproject	training-material
2021-06-23 07:28:15	galaxyproject	training-material
2021-06-23 07:27:46	nsoranzo	training-material
2021-06-23 07:25:58	galaxyproject	training-material
2021-06-23 06:09:48	usegalaxy-eu	infrastructure
2021-06-23 02:09:44	usegalaxy-eu	infrastructure
2021-06-22 22:09:25	usegalaxy-eu	infrastructure
2021-06-22 18:20:36	galaxyproject	training-material
2021-06-22 18:09:56	usegalaxy-eu	infrastructure
2021-06-22 18:09:34	galaxyproject	training-material
2021-06-22 17:12:12	galaxyproject	training-material
2021-06-22 17:11:36	galaxyproject	training-material
2021-06-22 16:55:19	galaxyproject	admin-training
2021-06-22 16:49:05	galaxyproject	admin-training
2021-06-22 16:32:52	galaxyproject	admin-training
2021-06-22 16:31:42	galaxyproject	admin-training
2021-06-22 16:19:24	natefoo	training-material
2021-06-22 15:40:49	galaxyproject	admin-training
2021-06-22 15:30:04	galaxyproject	admin-training
2021-06-22 15:29:44	galaxyproject	admin-training
2021-06-22 15:27:44	galaxyproject	admin-training
2021-06-22 15:25:59	galaxyproject	admin-training
2021-06-22 15:24:41	galaxyproject	admin-training
2021-06-22 15:22:03	galaxyproject	admin-training
2021-06-22 15:19:59	galaxyproject	admin-training
2021-06-22 15:19:04	galaxyproject	admin-training
2021-06-22 15:12:21	galaxyproject	admin-training
2021-06-22 14:48:40	hexylena	dotfiles
2021-06-22 14:10:34	usegalaxy-eu	infrastructure
2021-06-22 14:10:15	gallantries	galaxy-workshop
2021-06-22 14:03:44	shiltemann	gcc2021-training
2021-06-22 14:01:17	shiltemann	gcc2021-training
2021-06-22 13:56:31	shiltemann	gcc2021-training
2021-06-22 11:03:52	galaxyproject	training-material
2021-06-22 11:03:27	lldelisle	training-material
2021-06-22 10:10:35	usegalaxy-eu	infrastructure
2021-06-22 08:33:33	galaxyproject	gxadmin
2021-06-22 08:33:06	natefoo	gxadmin
2021-06-22 06:09:24	usegalaxy-eu	infrastructure
2021-06-22 02:09:24	usegalaxy-eu	infrastructure
2021-06-21 22:09:39	usegalaxy-eu	infrastructure
2021-06-21 18:09:59	usegalaxy-eu	infrastructure
2021-06-21 17:37:43	galaxyproject	admin-training
2021-06-21 12:16:18	galaxyproject	admin-training
2021-06-21 11:51:21	shiltemann	gcc2021-training
2021-06-21 10:33:47	shiltemann	gcc2021-training
2021-06-21 10:32:53	shiltemann	gcc2021-training
2021-06-21 10:12:21	usegalaxy-eu	infrastructure
2021-06-21 09:45:11	galaxyproject	training-material
2021-06-21 08:22:55	galaxyproject	training-material
2021-06-21 08:16:16	usegalaxy-eu	usegalaxy-eu-tools
2021-06-21 06:09:13	usegalaxy-eu	infrastructure
2021-06-21 02:09:25	usegalaxy-eu	infrastructure
2021-06-20 22:09:19	usegalaxy-eu	infrastructure
2021-06-20 18:09:42	usegalaxy-eu	infrastructure
2021-06-20 14:09:27	usegalaxy-eu	infrastructure
2021-06-20 10:09:43	usegalaxy-eu	infrastructure
2021-06-20 08:19:45	usegalaxy-eu	infrastructure
2021-06-19 18:08:59	usegalaxy-eu	infrastructure
2021-06-19 14:09:08	usegalaxy-eu	infrastructure
2021-06-19 10:08:56	usegalaxy-eu	infrastructure
2021-06-19 06:09:08	usegalaxy-eu	infrastructure
2021-06-19 02:09:19	usegalaxy-eu	infrastructure
2021-06-19 01:32:55	usegalaxy-eu	usegalaxy-eu-tools
2021-06-18 22:09:01	usegalaxy-eu	infrastructure
2021-06-18 21:18:51	usegalaxy-eu	infrastructure
2021-06-18 18:35:13	galaxyproject	training-material
2021-06-18 15:24:37	hexylena	Remo-Floormaps
2021-06-18 13:52:46	galaxyproject	training-material
2021-06-18 13:34:49	lldelisle	training-material
2021-06-18 13:34:35	lldelisle	training-material
2021-06-18 12:56:30	lldelisle	training-material
2021-06-18 12:44:12	lldelisle	training-material
2021-06-18 12:31:48	lldelisle	training-material
2021-06-18 10:30:33	nomadscientist	training-material
2021-06-18 10:10:13	galaxyproject	ansible-proftpd
2021-06-18 09:43:26	hexylena	Remo-Floormaps
2021-06-18 09:42:07	hexylena	Remo-Floormaps
2021-06-18 09:30:45	hexylena	Remo-Floormaps
2021-06-18 09:27:21	hexylena	Remo-Floormaps
2021-06-18 07:32:10	galaxyproject	training-material
2021-06-18 06:43:11	usegalaxy-eu	infrastructure
2021-06-18 02:09:32	usegalaxy-eu	infrastructure
2021-06-17 22:09:00	usegalaxy-eu	infrastructure
2021-06-17 19:52:49	hexylena	Remo-Floormaps
2021-06-17 19:52:11	hexylena	Remo-Floormaps
2021-06-17 19:51:48	hexylena	Remo-Floormaps
2021-06-17 19:50:07	hexylena	Remo-Floormaps
2021-06-17 19:49:19	hexylena	Remo-Floormaps
2021-06-17 18:09:07	usegalaxy-eu	infrastructure
2021-06-17 16:41:39	galaxyproject	training-material
2021-06-17 16:41:25	galaxyproject	training-material
2021-06-17 15:07:42	galaxyproject	training-material
2021-06-17 15:07:33	galaxyproject	training-material
2021-06-17 15:06:29	hexylena	git-gat
2021-06-17 15:06:26	hexylena	git-gat
2021-06-17 15:05:45	galaxyproject	training-material
2021-06-17 15:02:56	natefoo	training-material
2021-06-17 14:13:00	galaxyproject	training-material
2021-06-17 14:11:28	galaxyproject	training-material
2021-06-17 14:09:38	galaxyproject	training-material
2021-06-17 14:09:29	usegalaxy-eu	infrastructure
2021-06-17 14:06:35	galaxyproject	training-material
2021-06-17 14:04:07	galaxyproject	training-material
2021-06-17 14:03:18	galaxyproject	training-material
2021-06-17 13:36:07	shiltemann	gcc2021-training
2021-06-17 12:55:57	shiltemann	gcc2021-training
2021-06-17 11:52:39	shiltemann	gcc2021-training
2021-06-17 11:19:21	hexylena	git-gat
2021-06-17 11:19:18	hexylena	git-gat
2021-06-17 11:18:44	galaxyproject	training-material
2021-06-17 11:12:03	hexylena	git-gat
2021-06-17 11:12:01	hexylena	git-gat
2021-06-17 11:11:14	galaxyproject	training-material
2021-06-17 11:07:35	galaxyproject	training-material
2021-06-17 11:06:10	galaxyproject	training-material
2021-06-17 11:04:38	galaxyproject	training-material
2021-06-17 11:03:38	galaxyproject	training-material
2021-06-17 11:01:20	galaxyproject	training-material
2021-06-17 11:00:29	galaxyproject	training-material
2021-06-17 10:51:27	galaxyproject	training-material
2021-06-17 10:50:20	galaxyproject	training-material
2021-06-17 10:49:21	galaxyproject	training-material
2021-06-17 10:48:14	galaxyproject	training-material
2021-06-17 10:47:31	galaxyproject	training-material
2021-06-17 10:46:16	galaxyproject	training-material
2021-06-17 10:44:31	galaxyproject	training-material
2021-06-17 10:42:21	galaxyproject	training-material
2021-06-17 10:41:03	galaxyproject	training-material
2021-06-17 10:40:00	galaxyproject	training-material
2021-06-17 10:38:05	galaxyproject	training-material
2021-06-17 10:15:46	galaxyproject	training-material
2021-06-17 10:09:19	usegalaxy-eu	infrastructure
2021-06-17 08:39:23	galaxyproject	training-material
2021-06-17 08:36:12	natefoo	training-material
2021-06-17 08:35:11	natefoo	training-material
2021-06-17 08:32:53	natefoo	training-material
2021-06-17 08:31:44	natefoo	training-material
2021-06-17 08:28:33	natefoo	training-material
2021-06-17 07:29:48	galaxyproject	training-material
2021-06-17 07:22:57	natefoo	training-material
2021-06-17 07:21:48	natefoo	training-material
2021-06-17 06:09:07	usegalaxy-eu	infrastructure
2021-06-17 02:09:49	usegalaxy-eu	infrastructure
2021-06-16 22:11:05	usegalaxy-eu	infrastructure
2021-06-16 18:10:33	usegalaxy-eu	infrastructure
2021-06-16 17:34:14	hexylena	git-gat
2021-06-16 17:34:11	hexylena	git-gat
2021-06-16 17:13:12	hexylena	git-gat
2021-06-16 17:13:10	hexylena	git-gat
2021-06-16 16:27:16	shiltemann	gcc2021-training
2021-06-16 16:17:35	galaxyproject	training-material
2021-06-16 16:16:32	Arhodes-NCBI	training-material
2021-06-16 16:15:36	shiltemann	gcc2021-training
2021-06-16 15:14:24	usegalaxy-eu	tiaas2
2021-06-16 14:48:24	usegalaxy-eu	ansible-tiaas2
2021-06-16 14:11:03	usegalaxy-eu	infrastructure
2021-06-16 12:10:52	Avans-ATGM	installed-tools
2021-06-16 12:08:58	Avans-ATGM	installed-tools
2021-06-16 10:09:44	usegalaxy-eu	infrastructure
2021-06-16 09:28:24	hexylena	git-gat
2021-06-16 09:28:22	hexylena	git-gat
2021-06-16 09:27:44	galaxyproject	training-material
2021-06-16 09:26:12	shiltemann	gcc2021-training
2021-06-16 09:25:57	hexylena	git-gat
2021-06-16 09:25:54	hexylena	git-gat
2021-06-16 09:23:44	shiltemann	gcc2021-training
2021-06-16 08:34:59	shiltemann	gcc2021-training
2021-06-16 08:21:49	hexylena	git-gat
2021-06-16 08:21:12	galaxyproject	training-material
2021-06-16 06:09:22	usegalaxy-eu	infrastructure
2021-06-16 02:23:40	usegalaxy-eu	infrastructure
2021-06-15 22:09:15	usegalaxy-eu	infrastructure
2021-06-15 18:09:09	usegalaxy-eu	infrastructure
2021-06-15 15:56:39	galaxyproject	training-material
2021-06-15 15:29:30	usegalaxy-eu	infrastructure
2021-06-15 15:07:22	galaxyproject	training-material
2021-06-15 14:09:31	usegalaxy-eu	infrastructure
2021-06-15 14:05:38	galaxyproject	admin-training
2021-06-15 13:16:48	hexylena	Remo-Floormaps
2021-06-15 12:01:37	hexylena	Remo-Floormaps
2021-06-15 10:13:49	galaxyproject	training-material
2021-06-15 10:09:37	usegalaxy-eu	infrastructure
2021-06-15 09:32:54	ic4f	training-material
2021-06-15 09:18:37	astrovsky01	training-material
2021-06-15 09:18:09	astrovsky01	training-material
2021-06-15 09:15:08	astrovsky01	training-material
2021-06-15 07:12:38	shiltemann	gcc2021-training
2021-06-15 06:08:39	usegalaxy-eu	infrastructure
2021-06-15 02:09:09	usegalaxy-eu	infrastructure
2021-06-14 22:43:04	hexylena	git-gat
2021-06-14 22:43:02	hexylena	git-gat
2021-06-14 22:09:04	usegalaxy-eu	infrastructure
2021-06-14 19:53:34	usegalaxy-eu	tiaas2
2021-06-14 19:52:59	usegalaxy-eu	ansible-tiaas2
2021-06-14 19:51:38	shiltemann	gcc2021-training
2021-06-14 18:09:25	usegalaxy-eu	infrastructure
2021-06-14 16:22:13	galaxyproject	training-material
2021-06-14 15:28:30	shiltemann	gcc2021-training
2021-06-14 15:26:50	shiltemann	gcc2021-training
2021-06-14 15:08:26	galaxyproject	training-material
2021-06-14 15:08:14	Arhodes-NCBI	training-material
2021-06-14 15:01:18	Arhodes-NCBI	training-material
2021-06-14 14:57:38	shiltemann	gcc2021-training
2021-06-14 14:49:05	usegalaxy-eu	tiaas2
2021-06-14 14:09:42	usegalaxy-eu	infrastructure
2021-06-14 13:57:22	shiltemann	gcc2021-training
2021-06-14 13:28:27	shiltemann	gcc2021-training
2021-06-14 12:40:13	hexylena	git-gat
2021-06-14 12:39:35	galaxyproject	training-material
2021-06-14 12:25:34	astrovsky01	training-material
2021-06-14 12:23:14	astrovsky01	training-material
2021-06-14 12:11:43	astrovsky01	training-material
2021-06-14 11:39:46	shiltemann	gcc2021-training
2021-06-14 10:46:38	shiltemann	gcc2021-training
2021-06-14 10:11:13	usegalaxy-eu	infrastructure
2021-06-14 09:55:30	shiltemann	gcc2021-training
2021-06-14 09:52:44	shiltemann	gcc2021-training
2021-06-14 09:51:00	shiltemann	gcc2021-training
2021-06-14 09:50:20	shiltemann	gcc2021-training
2021-06-14 09:46:31	shiltemann	gcc2021-training
2021-06-14 09:13:07	Avans-ATGM	installed-tools
2021-06-14 09:05:21	shiltemann	gcc2021-training
2021-06-14 09:03:25	shiltemann	gcc2021-training
2021-06-14 08:52:47	shiltemann	gcc2021-training
2021-06-14 08:52:22	shiltemann	gcc2021-training
2021-06-14 08:36:06	shiltemann	gcc2021-training
2021-06-14 06:17:09	hexylena	git-gat
2021-06-14 06:08:50	usegalaxy-eu	infrastructure
2021-06-14 02:08:50	usegalaxy-eu	infrastructure
2021-06-13 22:08:54	usegalaxy-eu	infrastructure
2021-06-13 18:08:52	usegalaxy-eu	infrastructure
2021-06-13 14:20:20	usegalaxy-eu	infrastructure
2021-06-13 10:08:51	usegalaxy-eu	infrastructure
2021-06-13 06:09:32	usegalaxy-eu	infrastructure
2021-06-13 02:08:42	usegalaxy-eu	infrastructure
2021-06-12 22:08:46	usegalaxy-eu	infrastructure
2021-06-12 18:08:52	usegalaxy-eu	infrastructure
2021-06-12 14:09:31	usegalaxy-eu	infrastructure
2021-06-12 10:08:51	usegalaxy-eu	infrastructure
2021-06-12 06:08:35	usegalaxy-eu	infrastructure
2021-06-12 02:08:35	usegalaxy-eu	infrastructure
2021-06-12 01:33:19	usegalaxy-eu	usegalaxy-eu-tools
2021-06-11 22:09:07	usegalaxy-eu	infrastructure
2021-06-11 18:09:43	usegalaxy-eu	infrastructure
2021-06-11 15:37:21	Avans-ATGM	installed-tools
2021-06-11 14:58:31	ic4f	training-material
2021-06-11 14:24:02	usegalaxy-eu	tiaas2
2021-06-11 14:09:04	usegalaxy-eu	infrastructure
2021-06-11 12:51:25	hexylena	git-gat
2021-06-11 12:51:22	hexylena	git-gat
2021-06-11 12:50:46	galaxyproject	training-material
2021-06-11 12:48:23	hexylena	git-gat
2021-06-11 12:48:20	hexylena	git-gat
2021-06-11 12:47:44	galaxyproject	training-material
2021-06-11 12:45:54	hexylena	git-gat
2021-06-11 12:45:16	galaxyproject	training-material
2021-06-11 12:43:45	hexylena	git-gat
2021-06-11 12:43:04	galaxyproject	training-material
2021-06-11 12:41:31	hexylena	git-gat
2021-06-11 12:38:55	galaxyproject	training-material
2021-06-11 12:38:27	hexylena	git-gat
2021-06-11 12:37:19	galaxyproject	training-material
2021-06-11 12:35:32	hexylena	git-gat
2021-06-11 12:33:44	galaxyproject	training-material
2021-06-11 11:58:21	galaxyproject	training-material
2021-06-11 11:53:17	galaxyproject	training-material
2021-06-11 11:45:59	hexylena	git-gat
2021-06-11 11:30:05	galaxyproject	training-material
2021-06-11 10:56:32	galaxyproject	training-material
2021-06-11 10:48:24	hexylena	git-gat
2021-06-11 10:47:13	galaxyproject	training-material
2021-06-11 10:43:22	hexylena	git-gat
2021-06-11 10:42:15	galaxyproject	training-material
2021-06-11 10:18:20	galaxyproject	training-material
2021-06-11 10:08:58	usegalaxy-eu	infrastructure
2021-06-11 10:08:03	galaxyproject	training-material
2021-06-11 09:49:57	galaxyproject	training-material
2021-06-11 08:00:35	usegalaxy-eu	tiaas2
2021-06-11 06:08:41	usegalaxy-eu	infrastructure
2021-06-11 02:08:15	usegalaxy-eu	infrastructure
2021-06-10 22:08:45	usegalaxy-eu	infrastructure
2021-06-10 17:00:02	mvdbeek	galaxy
2021-06-10 16:25:21	hexylena	git-gat
2021-06-10 16:22:05	galaxyproject	training-material
2021-06-10 15:15:03	hexylena	git-gat
2021-06-10 15:10:48	hexylena	git-gat
2021-06-10 15:09:36	galaxyproject	training-material
2021-06-10 15:09:26	hexylena	git-gat
2021-06-10 14:08:56	usegalaxy-eu	infrastructure
2021-06-10 11:53:25	usegalaxy-eu	infrastructure
2021-06-10 11:26:16	hexylena	git-gat
2021-06-10 10:13:05	galaxyproject	training-material
2021-06-10 10:12:35	jmchilton	training-material
2021-06-10 09:58:53	astrovsky01	training-material
2021-06-10 09:38:08	astrovsky01	training-material
2021-06-10 09:35:58	hexylena	git-gat
2021-06-10 09:34:43	galaxyproject	training-material
2021-06-10 09:29:55	galaxyproject	admin-training
2021-06-10 09:25:31	hexylena	git-gat
2021-06-10 09:24:16	galaxyproject	training-material
2021-06-10 09:06:13	hexylena	git-gat
2021-06-10 09:04:59	galaxyproject	training-material
2021-06-10 08:56:37	hexylena	git-gat
2021-06-10 08:55:11	galaxyproject	training-material
2021-06-10 06:08:28	usegalaxy-eu	infrastructure
2021-06-10 02:08:31	usegalaxy-eu	infrastructure
2021-06-09 22:08:31	usegalaxy-eu	infrastructure
2021-06-09 18:31:37	usegalaxy-eu	tiaas2
2021-06-09 18:08:19	usegalaxy-eu	infrastructure
2021-06-09 16:48:48	usegalaxy-eu	infrastructure
2021-06-09 14:08:53	usegalaxy-eu	infrastructure
2021-06-09 10:30:25	shiltemann	gcc2021-training
2021-06-09 10:08:56	usegalaxy-eu	infrastructure
2021-06-09 08:54:07	galaxyproject	training-material
2021-06-09 07:49:28	usegalaxy-eu	infrastructure
2021-06-09 02:08:46	usegalaxy-eu	infrastructure
2021-06-08 22:09:26	usegalaxy-eu	infrastructure
2021-06-08 18:36:24	shiltemann	gcc2021-training
2021-06-08 18:35:58	astrovsky01	gcc2021-training
2021-06-08 18:33:13	galaxyproject	ansible-pulsar
2021-06-08 18:08:15	usegalaxy-eu	infrastructure
2021-06-08 16:13:53	hexylena	git-gat
2021-06-08 16:08:44	hexylena	git-gat
2021-06-08 14:50:21	hexylena	git-gat
2021-06-08 14:48:58	galaxyproject	training-material
2021-06-08 14:41:02	hexylena	git-gat
2021-06-08 14:39:43	galaxyproject	training-material
2021-06-08 14:19:45	hexylena	git-gat
2021-06-08 14:18:31	galaxyproject	training-material
2021-06-08 14:09:19	usegalaxy-eu	infrastructure
2021-06-08 14:07:53	hexylena	git-gat
2021-06-08 14:05:58	galaxyproject	training-material
2021-06-08 14:02:53	hexylena	git-gat
2021-06-08 14:01:40	galaxyproject	training-material
2021-06-08 13:22:29	hexylena	git-gat
2021-06-08 13:13:11	hexylena	git-gat
2021-06-08 13:12:04	galaxyproject	training-material
2021-06-08 13:11:21	hexylena	git-gat
2021-06-08 12:08:13	shiltemann	gcc2021-training
2021-06-08 11:11:48	hexylena	git-gat
2021-06-08 11:10:42	galaxyproject	training-material
2021-06-08 10:29:39	hexylena	git-gat
2021-06-08 10:28:25	galaxyproject	training-material
2021-06-08 10:09:10	usegalaxy-eu	infrastructure
2021-06-08 10:08:43	hexylena	git-gat
2021-06-08 09:56:30	hexylena	git-gat
2021-06-08 09:54:17	galaxyproject	training-material
2021-06-08 09:47:14	hexylena	git-gat
2021-06-08 09:46:00	galaxyproject	training-material
2021-06-08 09:41:31	galaxyproject	training-material
2021-06-08 09:31:59	hexylena	git-gat
2021-06-08 09:30:47	galaxyproject	training-material
2021-06-08 09:24:08	hexylena	git-gat
2021-06-08 09:16:54	hexylena	git-gat
2021-06-08 09:15:43	galaxyproject	training-material
2021-06-08 09:15:19	Slugger70	training-material
2021-06-08 09:13:32	Avans-ATGM	installed-tools
2021-06-08 09:10:11	jmchilton	training-material
2021-06-08 09:07:48	jmchilton	training-material
2021-06-08 08:48:40	galaxy-genome-annotation	galaxy-tools
2021-06-08 08:45:10	Slugger70	training-material
2021-06-08 08:43:50	Slugger70	training-material
2021-06-08 08:12:22	simonbray	training-material
2021-06-08 06:08:11	usegalaxy-eu	infrastructure
2021-06-08 02:08:16	usegalaxy-eu	infrastructure
2021-06-07 22:08:03	usegalaxy-eu	infrastructure
2021-06-07 18:08:17	usegalaxy-eu	infrastructure
2021-06-07 16:08:46	hexylena	git-gat
2021-06-07 16:07:36	galaxyproject	training-material
2021-06-07 16:06:30	galaxyproject	training-material
2021-06-07 15:57:45	hexylena	git-gat
2021-06-07 14:29:48	galaxyproject	training-material
2021-06-07 14:15:50	galaxyproject	training-material
2021-06-07 14:09:04	usegalaxy-eu	infrastructure
2021-06-07 12:29:40	mvdbeek	galaxy
2021-06-07 12:24:17	mvdbeek	galaxy
2021-06-07 11:37:04	hexylena	git-gat
2021-06-07 10:08:46	usegalaxy-eu	infrastructure
2021-06-07 09:58:21	hexylena	git-gat
2021-06-07 09:57:08	galaxyproject	training-material
2021-06-07 09:53:23	galaxyproject	training-material
2021-06-07 09:52:44	galaxyproject	training-material
2021-06-07 09:52:17	galaxyproject	training-material
2021-06-07 09:50:57	galaxyproject	training-material
2021-06-07 09:42:21	hexylena	git-gat
2021-06-07 09:41:42	galaxyproject	training-material
2021-06-07 09:15:15	galaxyproject	admin-training
2021-06-07 09:12:53	galaxyproject	admin-training
2021-06-07 08:37:48	hexylena	git-gat
2021-06-07 08:37:11	galaxyproject	training-material
2021-06-07 08:17:55	galaxyproject	ansible-galaxy
2021-06-07 08:12:50	hexylena	git-gat
2021-06-07 08:12:28	galaxyproject	training-material
2021-06-07 08:06:52	galaxyproject	training-material
2021-06-07 08:05:58	galaxyproject	training-material
2021-06-07 07:59:39	galaxyproject	training-material
2021-06-07 07:58:43	galaxyproject	training-material
2021-06-07 07:40:51	hexylena	git-gat
2021-06-07 07:40:09	galaxyproject	training-material
2021-06-07 07:36:49	galaxyproject	training-material
2021-06-07 07:35:46	galaxyproject	training-material
2021-06-07 07:33:14	hexylena	git-gat
2021-06-07 06:09:08	usegalaxy-eu	infrastructure
2021-06-07 02:08:08	usegalaxy-eu	infrastructure
2021-06-06 22:07:55	usegalaxy-eu	infrastructure
2021-06-06 18:07:58	usegalaxy-eu	infrastructure
2021-06-06 14:07:49	usegalaxy-eu	infrastructure
2021-06-06 10:07:58	usegalaxy-eu	infrastructure
2021-06-06 06:07:59	usegalaxy-eu	infrastructure
2021-06-06 02:07:59	usegalaxy-eu	infrastructure
2021-06-05 22:08:15	usegalaxy-eu	infrastructure
2021-06-05 18:07:51	usegalaxy-eu	infrastructure
2021-06-05 14:07:54	usegalaxy-eu	infrastructure
2021-06-05 10:08:10	usegalaxy-eu	infrastructure
2021-06-05 06:08:15	usegalaxy-eu	infrastructure
2021-06-05 02:07:50	usegalaxy-eu	infrastructure
2021-06-05 01:33:31	usegalaxy-eu	usegalaxy-eu-tools
2021-06-04 18:08:08	usegalaxy-eu	infrastructure
2021-06-04 16:47:18	galaxyproject	training-material
2021-06-04 16:41:17	abretaud	training-material
2021-06-04 14:08:07	usegalaxy-eu	infrastructure
2021-06-04 12:12:03	galaxyproject	training-material
2021-06-04 11:07:40	galaxyproject	training-material
2021-06-04 10:08:11	usegalaxy-eu	infrastructure
2021-06-04 09:17:26	galaxyproject	training-material
2021-06-04 09:05:22	galaxyproject	training-material
2021-06-04 08:56:26	nathandunn	training-material
2021-06-04 08:48:38	nathandunn	training-material
2021-06-04 08:26:17	nathandunn	training-material
2021-06-04 08:19:54	nathandunn	training-material
2021-06-04 08:12:36	galaxyproject	training-material
2021-06-04 07:41:17	galaxyproject	training-material
2021-06-04 07:33:44	astrovsky01	training-material
2021-06-04 06:53:15	galaxyproject	training-material
2021-06-04 06:07:57	usegalaxy-eu	infrastructure
2021-06-04 02:39:29	usegalaxy-eu	infrastructure
2021-06-03 22:09:30	usegalaxy-eu	infrastructure
2021-06-03 18:09:16	usegalaxy-eu	infrastructure
2021-06-03 14:29:40	hexylena	git-gat
2021-06-03 14:28:58	galaxyproject	training-material
2021-06-03 14:09:49	usegalaxy-eu	infrastructure
2021-06-03 13:49:53	hexylena	git-gat
2021-06-03 13:49:08	galaxyproject	training-material
2021-06-03 13:28:53	galaxyproject	admin-training
2021-06-03 12:56:19	hexylena	git-gat
2021-06-03 12:55:37	galaxyproject	training-material
2021-06-03 12:39:53	hexylena	git-gat
2021-06-03 12:39:17	galaxyproject	training-material
2021-06-03 11:58:47	galaxyproject	training-material
2021-06-03 11:52:42	galaxyproject	training-material
2021-06-03 11:52:11	hexylena	git-gat
2021-06-03 11:51:34	galaxyproject	training-material
2021-06-03 11:45:36	hexylena	git-gat
2021-06-03 11:44:57	galaxyproject	training-material
2021-06-03 11:29:48	hexylena	git-gat
2021-06-03 11:29:11	galaxyproject	training-material
2021-06-03 10:56:24	hexylena	git-gat
2021-06-03 10:55:47	galaxyproject	training-material
2021-06-03 10:45:48	hexylena	git-gat
2021-06-03 10:45:11	galaxyproject	training-material
2021-06-03 10:41:47	hexylena	git-gat
2021-06-03 10:41:09	galaxyproject	training-material
2021-06-03 10:34:30	hexylena	git-gat
2021-06-03 10:33:52	galaxyproject	training-material
2021-06-03 10:20:20	hexylena	git-gat
2021-06-03 10:19:38	galaxyproject	training-material
2021-06-03 10:11:29	hexylena	git-gat
2021-06-03 10:10:49	galaxyproject	training-material
2021-06-03 10:09:52	usegalaxy-eu	infrastructure
2021-06-03 10:03:28	hexylena	git-gat
2021-06-03 10:02:44	galaxyproject	training-material
2021-06-03 09:36:21	hexylena	git-gat
2021-06-03 09:35:43	galaxyproject	training-material
2021-06-03 09:19:43	hexylena	git-gat
2021-06-03 09:19:01	galaxyproject	training-material
2021-06-03 09:14:04	galaxyproject	ansible-galaxy
2021-06-03 09:12:33	galaxyproject	training-material
2021-06-03 06:09:15	usegalaxy-eu	infrastructure
2021-06-03 02:09:21	usegalaxy-eu	infrastructure
2021-06-02 22:09:18	usegalaxy-eu	infrastructure
2021-06-02 18:09:40	usegalaxy-eu	infrastructure
2021-06-02 16:37:43	galaxyproject	ansible-galaxy
2021-06-02 15:47:37	galaxyproject	ansible-galaxy
2021-06-02 15:33:55	galaxyproject	ansible-galaxy
2021-06-02 15:07:22	hexylena	git-gat
2021-06-02 15:06:44	galaxyproject	training-material
2021-06-02 15:04:10	galaxyproject	ansible-galaxy
2021-06-02 15:01:43	hexylena	git-gat
2021-06-02 15:01:01	galaxyproject	training-material
2021-06-02 14:48:15	hexylena	git-gat
2021-06-02 14:47:18	galaxyproject	training-material
2021-06-02 14:35:46	galaxyproject	ansible-galaxy
2021-06-02 14:33:59	galaxyproject	ansible-galaxy
2021-06-02 14:30:11	galaxyproject	training-material
2021-06-02 14:24:13	hexylena	git-gat
2021-06-02 14:23:36	galaxyproject	training-material
2021-06-02 14:22:14	galaxyproject	training-material
2021-06-02 14:18:33	galaxyproject	training-material
2021-06-02 14:15:15	hexylena	git-gat
2021-06-02 14:14:36	galaxyproject	training-material
2021-06-02 14:13:05	hexylena	git-gat
2021-06-02 14:12:23	galaxyproject	training-material
2021-06-02 14:11:09	hexylena	git-gat
2021-06-02 14:10:28	galaxyproject	training-material
2021-06-02 14:10:02	usegalaxy-eu	infrastructure
2021-06-02 14:08:33	galaxyproject	training-material
2021-06-02 14:05:00	hexylena	git-gat
2021-06-02 14:04:20	natefoo	training-material
2021-06-02 14:04:19	galaxyproject	training-material
2021-06-02 14:03:12	hexylena	git-gat
2021-06-02 14:02:23	galaxyproject	training-material
2021-06-02 13:59:35	hexylena	git-gat
2021-06-02 13:58:50	galaxyproject	training-material
2021-06-02 13:57:35	galaxyproject	training-material
2021-06-02 13:53:53	galaxyproject	training-material
2021-06-02 13:32:59	galaxyproject	ansible-galaxy
2021-06-02 13:30:46	galaxyproject	ansible-galaxy
2021-06-02 13:27:12	galaxyproject	ansible-galaxy
2021-06-02 13:23:04	galaxyproject	ansible-galaxy
2021-06-02 13:18:08	galaxyproject	ansible-galaxy
2021-06-02 13:00:15	galaxyproject	ansible-galaxy
2021-06-02 12:56:30	galaxyproject	ansible-galaxy
2021-06-02 12:54:58	galaxyproject	ansible-galaxy
2021-06-02 12:11:54	shiltemann	gcc2021-training
2021-06-02 11:41:24	galaxyproject	training-material
2021-06-02 11:36:06	usegalaxy-eu	infrastructure-playbook
2021-06-02 11:35:53	usegalaxy-eu	infrastructure-playbook
2021-06-02 11:08:02	nathandunn	training-material
2021-06-02 10:53:12	galaxyproject	training-material
2021-06-02 10:09:32	usegalaxy-eu	infrastructure
2021-06-02 09:51:58	galaxyproject	training-material
2021-06-02 09:28:34	galaxyproject	training-material
2021-06-02 09:22:29	shiltemann	gcc2021-training
2021-06-02 07:56:34	galaxyproject	ansible-nginx
2021-06-02 07:54:15	galaxyproject	admin-training
2021-06-02 07:53:21	galaxyproject	training-material
2021-06-02 07:49:59	galaxyproject	training-material
2021-06-02 07:47:52	galaxyproject	training-material
2021-06-02 06:09:30	usegalaxy-eu	infrastructure
2021-06-02 02:09:22	usegalaxy-eu	infrastructure
2021-06-01 22:09:08	usegalaxy-eu	infrastructure
2021-06-01 18:09:38	usegalaxy-eu	infrastructure
2021-06-01 14:10:11	usegalaxy-eu	infrastructure
2021-06-01 13:13:10	galaxyproject	admin-training
2021-06-01 13:09:52	galaxyproject	admin-training
2021-06-01 13:01:44	galaxyproject	training-material
2021-06-01 12:23:06	hexylena	git-gat
2021-06-01 12:22:31	galaxyproject	training-material
2021-06-01 12:17:37	hexylena	git-gat
2021-06-01 12:16:59	galaxyproject	training-material
2021-06-01 11:47:24	hexylena	git-gat
2021-06-01 11:39:29	hexylena	git-gat
2021-06-01 11:38:50	galaxyproject	training-material
2021-06-01 11:36:57	hexylena	git-gat
2021-06-01 11:35:48	galaxyproject	training-material
2021-06-01 11:33:19	hexylena	git-gat
2021-06-01 11:32:39	hexylena	git-gat
2021-06-01 11:32:35	galaxyproject	training-material
2021-06-01 11:32:02	galaxyproject	training-material
2021-06-01 11:28:54	hexylena	git-gat
2021-06-01 11:28:17	galaxyproject	training-material
2021-06-01 10:37:31	galaxyproject	training-material
2021-06-01 10:10:16	usegalaxy-eu	infrastructure
2021-06-01 09:33:07	galaxyproject	training-material
2021-06-01 08:24:46	hexylena	git-gat
2021-06-01 08:24:03	galaxyproject	training-material
2021-06-01 08:12:05	usegalaxy-eu	infrastructure
2021-06-01 08:07:22	usegalaxy-eu	infrastructure
2021-06-01 07:53:53	usegalaxy-eu	infrastructure
2021-06-01 06:09:03	usegalaxy-eu	infrastructure
2021-06-01 02:09:13	usegalaxy-eu	infrastructure
2021-05-31 22:08:49	usegalaxy-eu	infrastructure
2021-05-31 18:09:11	usegalaxy-eu	infrastructure
2021-05-31 15:07:22	galaxyproject	training-material
2021-05-31 14:50:46	galaxyproject	training-material
2021-05-31 14:27:04	shiltemann	gcc2021-training
2021-05-31 14:25:07	shiltemann	gcc2021-training
2021-05-31 14:09:46	usegalaxy-eu	infrastructure
2021-05-31 12:32:56	shiltemann	gcc2021-training
2021-05-31 10:41:53	shiltemann	gcc2021-training
2021-05-31 10:40:13	shiltemann	gcc2021-training
2021-05-31 10:10:23	usegalaxy-eu	infrastructure
2021-05-31 09:26:50	galaxyproject	training-material
2021-05-31 06:08:54	usegalaxy-eu	infrastructure
2021-05-31 02:08:53	usegalaxy-eu	infrastructure
2021-05-30 22:08:46	usegalaxy-eu	infrastructure
2021-05-30 18:08:48	usegalaxy-eu	infrastructure
2021-05-30 14:10:35	usegalaxy-eu	infrastructure
2021-05-30 10:09:49	usegalaxy-eu	infrastructure
2021-05-30 06:09:07	usegalaxy-eu	infrastructure
2021-05-30 02:09:35	usegalaxy-eu	infrastructure
2021-05-29 22:08:46	usegalaxy-eu	infrastructure
2021-05-29 18:08:58	usegalaxy-eu	infrastructure
2021-05-29 14:09:36	usegalaxy-eu	infrastructure
2021-05-29 10:08:59	usegalaxy-eu	infrastructure
2021-05-29 06:09:03	usegalaxy-eu	infrastructure
2021-05-29 02:08:35	usegalaxy-eu	infrastructure
2021-05-29 01:33:37	usegalaxy-eu	usegalaxy-eu-tools
2021-05-28 22:08:50	usegalaxy-eu	infrastructure
2021-05-28 18:08:51	usegalaxy-eu	infrastructure
2021-05-28 15:33:00	galaxyproject	training-material
2021-05-28 15:07:29	galaxyproject	training-material
2021-05-28 15:00:21	galaxyproject	training-material
2021-05-28 14:59:19	galaxyproject	training-material
2021-05-28 10:52:20	shiltemann	gcc2021-training
2021-05-28 10:49:20	shiltemann	gcc2021-training
2021-05-28 10:08:43	usegalaxy-eu	infrastructure
2021-05-28 07:53:29	galaxyproject	training-material
2021-05-28 07:44:19	shiltemann	gcc2021-training
2021-05-28 06:09:01	usegalaxy-eu	infrastructure
2021-05-28 02:08:58	usegalaxy-eu	infrastructure
2021-05-27 22:09:01	usegalaxy-eu	infrastructure
2021-05-27 18:09:09	usegalaxy-eu	infrastructure
2021-05-27 14:08:49	usegalaxy-eu	infrastructure
2021-05-27 13:57:09	shiltemann	gcc2021-training
2021-05-27 12:49:32	shiltemann	gcc2021-training
2021-05-27 12:06:11	galaxyproject	training-material
2021-05-27 11:56:26	bgruening	docker-jupyter-notebook
2021-05-27 10:08:59	usegalaxy-eu	infrastructure
2021-05-27 08:17:58	galaxyproject	training-material
2021-05-27 07:50:16	galaxyproject	galaxy
2021-05-27 06:08:53	usegalaxy-eu	infrastructure
2021-05-27 02:09:10	usegalaxy-eu	infrastructure
2021-05-26 22:08:38	usegalaxy-eu	infrastructure
2021-05-26 18:09:28	usegalaxy-eu	infrastructure
2021-05-26 16:16:44	galaxyproject	training-material
2021-05-26 16:15:13	hexylena	git-gat
2021-05-26 16:14:26	galaxyproject	training-material
2021-05-26 16:04:27	hexylena	git-gat
2021-05-26 16:03:43	galaxyproject	training-material
2021-05-26 16:01:39	galaxyproject	training-material
2021-05-26 16:00:23	galaxyproject	training-material
2021-05-26 15:52:22	galaxyproject	training-material
2021-05-26 15:50:09	galaxyproject	training-material
2021-05-26 15:49:25	galaxyproject	training-material
2021-05-26 15:41:17	galaxyproject	training-material
2021-05-26 15:31:09	galaxyproject	training-material
2021-05-26 14:09:16	usegalaxy-eu	infrastructure
2021-05-26 12:44:03	galaxyproject	training-material
2021-05-26 12:29:46	gallantries	galaxy-workshop
2021-05-26 12:22:36	fubar2	training-material
2021-05-26 12:21:41	gallantries	galaxy-workshop
2021-05-26 11:40:34	fubar2	training-material
2021-05-26 11:31:31	fubar2	training-material
2021-05-26 10:09:35	galaxyproject	training-material
2021-05-26 10:09:24	galaxyproject	training-material
2021-05-26 10:09:18	usegalaxy-eu	infrastructure
2021-05-26 10:09:03	galaxyproject	training-material
2021-05-26 06:08:48	usegalaxy-eu	infrastructure
2021-05-26 02:08:38	usegalaxy-eu	infrastructure
2021-05-25 22:08:59	usegalaxy-eu	infrastructure
2021-05-25 18:08:36	usegalaxy-eu	infrastructure
2021-05-25 16:06:16	galaxyproject	gxadmin
2021-05-25 16:05:50	galaxyproject	gxadmin
2021-05-25 14:08:46	usegalaxy-eu	infrastructure
2021-05-25 11:23:13	galaxyproject	training-material
2021-05-25 11:22:47	galaxyproject	training-material
2021-05-25 11:20:02	galaxyproject	training-material
2021-05-25 11:17:32	galaxyproject	training-material
2021-05-25 11:16:55	galaxyproject	training-material
2021-05-25 11:09:34	galaxyproject	training-material
2021-05-25 10:51:01	galaxyproject	training-material
2021-05-25 10:09:00	usegalaxy-eu	infrastructure
2021-05-25 10:02:56	galaxyproject	training-material
2021-05-25 10:01:53	galaxyproject	training-material
2021-05-25 09:45:43	rikeshi	training-material
2021-05-25 08:46:36	hexylena	galaxy
2021-05-25 08:27:57	galaxyproject	training-material
2021-05-25 08:24:20	galaxyproject	gxadmin
2021-05-25 06:08:23	usegalaxy-eu	infrastructure
2021-05-25 02:08:37	usegalaxy-eu	infrastructure
2021-05-24 22:08:31	usegalaxy-eu	infrastructure
2021-05-24 18:08:45	usegalaxy-eu	infrastructure
2021-05-24 14:08:11	usegalaxy-eu	infrastructure
2021-05-24 10:08:31	usegalaxy-eu	infrastructure
2021-05-24 06:08:51	usegalaxy-eu	infrastructure
2021-05-24 02:08:20	usegalaxy-eu	infrastructure
2021-05-23 22:08:37	usegalaxy-eu	infrastructure
2021-05-23 18:08:18	usegalaxy-eu	infrastructure
2021-05-23 14:08:23	usegalaxy-eu	infrastructure
2021-05-23 10:08:08	usegalaxy-eu	infrastructure
2021-05-23 06:08:29	usegalaxy-eu	infrastructure
2021-05-23 02:08:04	usegalaxy-eu	infrastructure
2021-05-22 22:08:15	usegalaxy-eu	infrastructure
2021-05-22 18:08:14	usegalaxy-eu	infrastructure
2021-05-22 14:08:29	usegalaxy-eu	infrastructure
2021-05-22 10:08:20	usegalaxy-eu	infrastructure
2021-05-22 06:08:05	usegalaxy-eu	infrastructure
2021-05-22 02:08:09	usegalaxy-eu	infrastructure
2021-05-21 22:08:01	usegalaxy-eu	infrastructure
2021-05-21 18:08:17	usegalaxy-eu	infrastructure
2021-05-21 15:04:49	galaxyproject	training-material
2021-05-21 14:47:59	fpsom	training-material
2021-05-21 14:08:43	usegalaxy-eu	infrastructure
2021-05-21 10:08:39	usegalaxy-eu	infrastructure
2021-05-21 09:24:19	rikeshi	training-material
2021-05-21 07:48:46	shiltemann	gcc2021-training
2021-05-21 06:07:59	usegalaxy-eu	infrastructure
2021-05-21 02:08:10	usegalaxy-eu	infrastructure
2021-05-20 22:08:20	usegalaxy-eu	infrastructure
2021-05-20 18:08:16	usegalaxy-eu	infrastructure
2021-05-20 14:08:25	usegalaxy-eu	infrastructure
2021-05-20 11:39:00	gallantries	workshop-template
2021-05-20 11:38:50	gallantries	workshop-template
2021-05-20 10:51:34	usegalaxy-eu	infrastructure
2021-05-20 08:01:17	fpsom	training-material
2021-05-20 07:22:40	galaxyproject	training-material
2021-05-19 18:08:06	usegalaxy-eu	infrastructure
2021-05-19 15:55:21	galaxyproject	training-material
2021-05-19 14:07:50	usegalaxy-eu	infrastructure
2021-05-19 10:20:08	usegalaxy-eu	infrastructure-playbook
2021-05-19 10:13:47	usegalaxy-eu	infrastructure-playbook
2021-05-19 10:08:08	usegalaxy-eu	infrastructure
2021-05-19 10:01:27	usegalaxy-eu	infrastructure-playbook
2021-05-19 09:51:11	usegalaxy-eu	infrastructure-playbook
2021-05-19 09:46:14	usegalaxy-eu	infrastructure-playbook
2021-05-19 09:32:10	hexylena	chado-schema-builder
2021-05-19 09:13:48	nomadscientist	training-material
2021-05-19 09:00:26	galaxyproject	training-material
2021-05-19 06:07:51	usegalaxy-eu	infrastructure
2021-05-19 02:07:45	usegalaxy-eu	infrastructure
2021-05-18 22:09:23	usegalaxy-eu	infrastructure
2021-05-18 20:54:52	usegalaxy-eu	infrastructure
2021-05-18 13:48:01	galaxyproject	training-material
2021-05-18 13:28:49	nomadscientist	training-material
2021-05-18 12:36:57	Avans-ATGM	infrastructure
2021-05-18 12:30:14	Avans-ATGM	infrastructure
2021-05-18 02:09:08	usegalaxy-eu	infrastructure
2021-05-17 22:08:22	usegalaxy-eu	infrastructure
2021-05-17 18:08:08	usegalaxy-eu	infrastructure
2021-05-17 14:07:48	usegalaxy-eu	infrastructure
2021-05-17 12:39:35	gallantries	galaxy-workshop
2021-05-17 12:29:39	gallantries	galaxy-workshop
2021-05-17 12:25:53	gallantries	galaxy-workshop
2021-05-17 11:41:49	shiltemann	gcc2021-training
2021-05-17 10:50:09	shiltemann	gcc2021-training
2021-05-17 10:40:19	shiltemann	gcc2021-training
2021-05-17 10:08:26	usegalaxy-eu	infrastructure
2021-05-17 09:43:19	shiltemann	gcc2021-training
2021-05-17 09:25:01	galaxyproject	training-material
2021-05-17 06:07:43	usegalaxy-eu	infrastructure
2021-05-17 02:07:50	usegalaxy-eu	infrastructure
2021-05-16 22:08:03	usegalaxy-eu	infrastructure
2021-05-16 18:08:10	usegalaxy-eu	infrastructure
2021-05-16 14:07:56	usegalaxy-eu	infrastructure
2021-05-16 10:07:38	usegalaxy-eu	infrastructure
2021-05-16 06:08:08	usegalaxy-eu	infrastructure
2021-05-16 02:07:38	usegalaxy-eu	infrastructure
2021-05-15 22:09:40	usegalaxy-eu	infrastructure
2021-05-15 18:08:15	usegalaxy-eu	infrastructure
2021-05-15 14:07:40	usegalaxy-eu	infrastructure
2021-05-15 10:07:40	usegalaxy-eu	infrastructure
2021-05-15 06:07:37	usegalaxy-eu	infrastructure
2021-05-15 03:19:53	usegalaxy-eu	infrastructure
2021-05-14 18:15:46	usegalaxy-eu	infrastructure
2021-05-14 14:36:03	usegalaxy-eu	infrastructure
2021-05-14 10:08:56	usegalaxy-eu	infrastructure
2021-05-14 06:08:09	usegalaxy-eu	infrastructure
2021-05-14 02:07:38	usegalaxy-eu	infrastructure
2021-05-13 22:09:15	usegalaxy-eu	infrastructure
2021-05-13 18:09:15	usegalaxy-eu	infrastructure
2021-05-13 14:09:14	usegalaxy-eu	infrastructure
2021-05-13 13:33:52	usegalaxy-eu	usegalaxy-eu-tools
2021-05-13 11:48:31	usegalaxy-eu	infrastructure
2021-05-13 02:09:23	usegalaxy-eu	infrastructure
2021-05-12 22:08:51	usegalaxy-eu	infrastructure
2021-05-12 18:09:16	usegalaxy-eu	infrastructure
2021-05-12 14:09:25	usegalaxy-eu	infrastructure
2021-05-12 11:06:06	hexylena	dotfiles
2021-05-12 11:03:45	hexylena	dotfiles
2021-05-12 10:09:35	usegalaxy-eu	infrastructure
2021-05-12 03:25:16	usegalaxy-eu	infrastructure
2021-05-11 18:43:22	usegalaxy-eu	usegalaxy-eu-tools
2021-05-11 14:09:04	usegalaxy-eu	infrastructure
2021-05-11 10:08:49	usegalaxy-eu	infrastructure
2021-05-11 02:08:37	usegalaxy-eu	infrastructure
2021-05-10 22:08:45	usegalaxy-eu	infrastructure
2021-05-10 14:37:28	shiltemann	gcc2021-training
2021-05-10 10:08:52	usegalaxy-eu	infrastructure
2021-05-10 06:08:40	usegalaxy-eu	infrastructure
2021-05-10 02:08:43	usegalaxy-eu	infrastructure
2021-05-09 22:08:51	usegalaxy-eu	infrastructure
2021-05-09 18:08:31	usegalaxy-eu	infrastructure
2021-05-09 14:08:40	usegalaxy-eu	infrastructure
2021-05-09 10:08:46	usegalaxy-eu	infrastructure
2021-05-09 06:08:43	usegalaxy-eu	infrastructure
2021-05-09 02:08:45	usegalaxy-eu	infrastructure
2021-05-08 18:08:51	usegalaxy-eu	infrastructure
2021-05-08 14:08:39	usegalaxy-eu	infrastructure
2021-05-08 10:08:29	usegalaxy-eu	infrastructure
2021-05-08 06:08:39	usegalaxy-eu	infrastructure
2021-05-08 02:08:55	usegalaxy-eu	infrastructure
2021-05-07 22:09:18	usegalaxy-eu	infrastructure
2021-05-07 21:52:19	usegalaxy-eu	infrastructure
2021-05-07 10:08:52	usegalaxy-eu	infrastructure
2021-05-07 06:09:42	usegalaxy-eu	infrastructure
2021-05-07 06:05:09	usegalaxy-eu	infrastructure
2021-05-07 05:58:48	usegalaxy-eu	infrastructure
2021-05-07 02:26:37	usegalaxy-eu	infrastructure
2021-05-06 21:28:37	usegalaxy-eu	infrastructure
2021-05-06 20:02:30	usegalaxy-eu	infrastructure
2021-05-06 18:08:42	usegalaxy-eu	infrastructure
2021-05-06 14:09:08	usegalaxy-eu	infrastructure
2021-05-06 10:28:36	usegalaxy-eu	infrastructure
2021-05-06 10:06:42	galaxyproject	training-material
2021-05-06 02:49:24	usegalaxy-eu	infrastructure
2021-05-06 00:11:47	usegalaxy-eu	infrastructure
2021-05-05 19:23:17	usegalaxy-eu	infrastructure
2021-05-05 14:08:44	usegalaxy-eu	infrastructure
2021-05-05 10:08:21	usegalaxy-eu	infrastructure
2021-05-05 06:08:07	usegalaxy-eu	infrastructure
2021-05-05 02:08:19	usegalaxy-eu	infrastructure
2021-05-04 22:08:41	usegalaxy-eu	infrastructure
2021-05-04 18:08:18	usegalaxy-eu	infrastructure
2021-05-04 14:52:58	usegalaxy-eu	infrastructure-playbook
2021-05-04 14:45:40	usegalaxy-eu	infrastructure-playbook
2021-05-04 14:33:40	usegalaxy-eu	infrastructure-playbook
2021-05-04 14:08:43	usegalaxy-eu	infrastructure
2021-05-04 13:49:40	hexylena	dotfiles
2021-05-04 10:08:58	usegalaxy-eu	infrastructure
2021-05-04 08:16:27	galaxyproject	training-material
2021-05-04 08:05:14	galaxyproject	training-material
2021-05-04 07:48:59	galaxyproject	training-material
2021-05-04 07:40:54	galaxyproject	training-material
2021-05-04 07:21:43	galaxyproject	training-material
2021-05-04 06:07:52	usegalaxy-eu	infrastructure
2021-05-04 02:23:42	usegalaxy-eu	infrastructure
2021-05-03 22:07:57	usegalaxy-eu	infrastructure
2021-05-03 18:07:50	usegalaxy-eu	infrastructure
2021-05-03 14:08:11	usegalaxy-eu	infrastructure
2021-05-03 10:08:44	usegalaxy-eu	infrastructure
2021-05-03 09:39:34	galaxyproject	gxadmin
2021-05-03 06:07:59	usegalaxy-eu	infrastructure
2021-05-03 02:07:44	usegalaxy-eu	infrastructure
2021-05-02 22:08:16	usegalaxy-eu	infrastructure
2021-05-02 18:07:40	usegalaxy-eu	infrastructure
2021-05-02 14:07:50	usegalaxy-eu	infrastructure
2021-05-02 10:08:14	usegalaxy-eu	infrastructure
2021-05-02 06:08:09	usegalaxy-eu	infrastructure
2021-05-02 02:07:32	usegalaxy-eu	infrastructure
2021-05-01 22:07:46	usegalaxy-eu	infrastructure
2021-05-01 18:07:44	usegalaxy-eu	infrastructure
2021-05-01 14:07:50	usegalaxy-eu	infrastructure
2021-05-01 10:07:37	usegalaxy-eu	infrastructure
2021-05-01 06:07:47	usegalaxy-eu	infrastructure
2021-05-01 02:07:50	usegalaxy-eu	infrastructure
2021-04-30 22:07:40	usegalaxy-eu	infrastructure
2021-04-30 14:08:48	usegalaxy-eu	infrastructure
2021-04-30 10:08:05	usegalaxy-eu	infrastructure
2021-04-30 06:07:31	usegalaxy-eu	infrastructure
2021-04-30 02:07:32	usegalaxy-eu	infrastructure
2021-04-29 22:07:51	usegalaxy-eu	infrastructure
2021-04-29 18:07:50	usegalaxy-eu	infrastructure
2021-04-29 15:54:32	hexylena	asciicast2movie
2021-04-29 14:08:22	usegalaxy-eu	infrastructure
2021-04-29 13:42:54	hexylena	asciicast2movie
2021-04-29 13:35:45	galaxyproject	training-material
2021-04-29 13:30:54	hexylena	git-gat
2021-04-29 10:41:47	galaxyproject	training-material
2021-04-29 10:40:20	galaxyproject	training-material
2021-04-29 10:08:14	usegalaxy-eu	infrastructure
2021-04-29 06:07:55	usegalaxy-eu	infrastructure
2021-04-29 02:07:26	usegalaxy-eu	infrastructure
2021-04-28 22:07:21	usegalaxy-eu	infrastructure
2021-04-28 18:15:27	galaxyproject	training-material
2021-04-28 18:08:24	usegalaxy-eu	infrastructure
2021-04-28 18:05:37	galaxyproject	training-material
2021-04-28 16:30:54	hexylena	editor
2021-04-28 14:07:41	usegalaxy-eu	infrastructure
2021-04-28 12:11:44	galaxyproject	training-material
2021-04-28 10:08:13	usegalaxy-eu	infrastructure
2021-04-28 06:08:03	usegalaxy-eu	infrastructure
2021-04-28 02:12:42	usegalaxy-eu	infrastructure
2021-04-27 22:07:46	usegalaxy-eu	infrastructure
2021-04-27 18:07:35	usegalaxy-eu	infrastructure
2021-04-27 15:25:29	galaxyproject	training-material
2021-04-27 14:08:00	usegalaxy-eu	infrastructure
2021-04-27 10:08:41	usegalaxy-eu	infrastructure
2021-04-27 08:40:03	galaxyproject	tools-iuc
2021-04-27 06:07:42	usegalaxy-eu	infrastructure
2021-04-27 02:07:11	usegalaxy-eu	infrastructure
2021-04-26 22:07:19	usegalaxy-eu	infrastructure
2021-04-26 18:07:40	usegalaxy-eu	infrastructure
2021-04-26 15:30:34	galaxyproject	training-material
2021-04-26 15:29:52	galaxyproject	training-material
2021-04-26 14:18:17	galaxyproject	training-material
2021-04-26 14:07:39	usegalaxy-eu	infrastructure
2021-04-26 12:38:19	galaxyproject	tools-iuc
2021-04-26 10:07:54	usegalaxy-eu	infrastructure
2021-04-26 08:56:08	bernt-matthias	training-material
2021-04-26 08:38:34	usegalaxy-eu	infrastructure
2021-04-26 08:26:30	galaxyproject	tools-iuc
2021-04-26 08:07:43	galaxyproject	training-material
2021-04-26 08:07:13	galaxyproject	training-material
2021-04-26 08:04:08	galaxyproject	tools-iuc
2021-04-26 02:07:35	usegalaxy-eu	infrastructure
2021-04-25 22:07:10	usegalaxy-eu	infrastructure
2021-04-25 21:25:25	usegalaxy-eu	usegalaxy-eu-tools
2021-04-25 18:07:39	usegalaxy-eu	infrastructure
2021-04-25 14:07:12	usegalaxy-eu	infrastructure
2021-04-25 10:07:05	usegalaxy-eu	infrastructure
2021-04-25 08:54:31	usegalaxy-eu	infrastructure
2021-04-24 18:07:06	usegalaxy-eu	infrastructure
2021-04-24 14:19:58	usegalaxy-eu	infrastructure
2021-04-24 10:07:09	usegalaxy-eu	infrastructure
2021-04-24 06:07:03	usegalaxy-eu	infrastructure
2021-04-24 02:08:46	usegalaxy-eu	infrastructure
2021-04-23 22:08:27	usegalaxy-eu	infrastructure
2021-04-23 19:50:33	usegalaxy-eu	infrastructure
2021-04-23 14:27:03	Avans-ATGM	installed-tools
2021-04-23 14:24:33	Avans-ATGM	infrastructure
2021-04-23 14:15:26	Avans-ATGM	installed-tools
2021-04-23 14:14:39	Avans-ATGM	installed-tools
2021-04-23 14:13:51	Avans-ATGM	installed-tools
2021-04-23 14:12:04	galaxyproject	gxadmin
2021-04-23 14:11:38	Avans-ATGM	installed-tools
2021-04-23 12:38:45	hexylena	galaxy
2021-04-23 12:27:01	iemca	installed-tools
2021-04-23 11:46:44	hexylena	Jovian
2021-04-23 10:04:28	galaxyproject	gxadmin
2021-04-23 02:08:31	usegalaxy-eu	infrastructure
2021-04-22 22:08:19	usegalaxy-eu	infrastructure
2021-04-22 18:08:22	usegalaxy-eu	infrastructure
2021-04-22 14:09:08	usegalaxy-eu	infrastructure
2021-04-22 10:08:53	usegalaxy-eu	infrastructure
2021-04-22 06:08:16	usegalaxy-eu	infrastructure
2021-04-22 02:08:44	usegalaxy-eu	infrastructure
2021-04-21 22:09:17	usegalaxy-eu	infrastructure
2021-04-21 18:08:33	usegalaxy-eu	infrastructure
2021-04-21 14:08:42	usegalaxy-eu	infrastructure
2021-04-21 10:08:27	usegalaxy-eu	infrastructure
2021-04-21 08:18:22	galaxyproject	training-material
2021-04-21 06:08:24	usegalaxy-eu	infrastructure
2021-04-21 02:08:15	usegalaxy-eu	infrastructure
2021-04-20 22:08:35	usegalaxy-eu	infrastructure
2021-04-20 20:32:44	galaxyproject	gxadmin
2021-04-20 18:09:03	usegalaxy-eu	infrastructure
2021-04-20 16:58:34	hexylena	auto-gat
2021-04-20 14:59:22	hexylena	infrastructure-playbook
2021-04-20 14:08:32	usegalaxy-eu	infrastructure
2021-04-20 11:23:15	shiltemann	global-galaxy-course
2021-04-20 10:08:37	usegalaxy-eu	infrastructure
2021-04-20 09:50:13	hexylena	auto-gat
2021-04-20 09:02:48	usegalaxy-eu	infrastructure-playbook
2021-04-20 06:08:22	usegalaxy-eu	infrastructure
2021-04-20 02:08:20	usegalaxy-eu	infrastructure
2021-04-19 18:09:03	usegalaxy-eu	infrastructure
2021-04-19 14:08:46	usegalaxy-eu	infrastructure
2021-04-19 13:25:12	fubar2	training-material
2021-04-19 13:24:05	fubar2	training-material
2021-04-19 12:05:37	hexylena	toolfactory
2021-04-19 10:26:59	usegalaxy-eu	infrastructure
2021-04-19 10:02:43	galaxyproject	training-material
2021-04-19 07:38:39	galaxyproject	training-material
2021-04-19 07:35:35	galaxyproject	training-material
2021-04-19 06:08:10	usegalaxy-eu	infrastructure
2021-04-19 02:08:29	usegalaxy-eu	infrastructure
2021-04-18 22:08:06	usegalaxy-eu	infrastructure
2021-04-18 18:07:59	usegalaxy-eu	infrastructure
2021-04-18 14:08:12	usegalaxy-eu	infrastructure
2021-04-18 10:07:56	usegalaxy-eu	infrastructure
2021-04-18 08:16:06	usegalaxy-eu	infrastructure
2021-04-18 02:07:58	usegalaxy-eu	infrastructure
2021-04-17 22:08:33	usegalaxy-eu	infrastructure
2021-04-17 18:08:02	usegalaxy-eu	infrastructure
2021-04-17 14:07:52	usegalaxy-eu	infrastructure
2021-04-17 10:46:34	galaxyproject	training-material
2021-04-17 10:07:48	usegalaxy-eu	infrastructure
2021-04-17 06:07:50	usegalaxy-eu	infrastructure
2021-04-17 02:07:49	usegalaxy-eu	infrastructure
2021-04-17 01:31:56	usegalaxy-eu	usegalaxy-eu-tools
2021-04-16 22:08:15	usegalaxy-eu	infrastructure
2021-04-16 18:09:05	usegalaxy-eu	infrastructure
2021-04-16 14:30:35	galaxyproject	training-material
2021-04-16 14:08:31	usegalaxy-eu	infrastructure
2021-04-16 12:55:51	galaxyproject	training-material
2021-04-16 11:57:08	galaxyproject	training-material
2021-04-16 10:55:28	galaxyproject	training-material
2021-04-16 10:08:07	usegalaxy-eu	infrastructure
2021-04-16 06:08:08	usegalaxy-eu	infrastructure
2021-04-16 02:07:43	usegalaxy-eu	infrastructure
2021-04-15 22:08:24	usegalaxy-eu	infrastructure
2021-04-15 18:08:08	usegalaxy-eu	infrastructure
2021-04-15 15:27:51	usegalaxy-eu	infrastructure
2021-04-15 12:11:07	galaxyproject	training-material
2021-04-15 10:54:20	Avans-ATGM	infrastructure
2021-04-15 08:02:56	galaxyproject	training-material
2021-04-15 07:02:14	galaxyproject	training-material
2021-04-15 06:08:21	usegalaxy-eu	infrastructure
2021-04-15 02:07:47	usegalaxy-eu	infrastructure
2021-04-14 22:08:17	usegalaxy-eu	infrastructure
2021-04-14 18:08:24	usegalaxy-eu	infrastructure
2021-04-14 15:08:38	hexylena	galaxy
2021-04-14 14:11:33	Avans-ATGM	infrastructure
2021-04-14 14:07:56	usegalaxy-eu	infrastructure
2021-04-14 13:58:55	Avans-ATGM	infrastructure
2021-04-14 12:04:42	shiltemann	gcc2021-training
2021-04-14 10:08:08	usegalaxy-eu	infrastructure
2021-04-14 09:50:41	usegalaxy-eu	usegalaxy-eu-tools
2021-04-14 09:25:25	Avans-ATGM	installed-tools
2021-04-14 08:46:02	Avans-ATGM	installed-tools
2021-04-14 06:07:45	usegalaxy-eu	infrastructure
2021-04-14 02:14:17	usegalaxy-eu	infrastructure
2021-04-14 01:35:09	usegalaxy-eu	infrastructure
2021-04-13 18:34:25	usegalaxy-eu	infrastructure
2021-04-13 14:46:38	Avans-ATGM	infrastructure
2021-04-13 10:55:48	hexylena	galaxyxml
2021-04-13 10:07:55	usegalaxy-eu	infrastructure
2021-04-13 08:16:10	galaxyproject	training-material
2021-04-13 06:07:41	usegalaxy-eu	infrastructure
2021-04-13 02:07:38	usegalaxy-eu	infrastructure
2021-04-12 22:25:38	usegalaxy-eu	infrastructure
2021-04-12 18:07:50	usegalaxy-eu	infrastructure
2021-04-12 16:07:53	usegalaxy-eu	infrastructure
2021-04-12 10:32:28	usegalaxy-eu	infrastructure
2021-04-12 07:57:54	usegalaxy-eu	infrastructure
2021-04-11 14:58:04	usegalaxy-eu	infrastructure
2021-04-11 10:07:29	usegalaxy-eu	infrastructure
2021-04-11 06:21:42	usegalaxy-eu	infrastructure
2021-04-11 02:07:46	usegalaxy-eu	infrastructure
2021-04-10 22:08:09	usegalaxy-eu	infrastructure
2021-04-10 18:07:20	usegalaxy-eu	infrastructure
2021-04-10 14:07:25	usegalaxy-eu	infrastructure
2021-04-10 11:14:31	usegalaxy-eu	infrastructure
2021-04-10 08:13:50	galaxyproject	training-material
2021-04-10 01:31:37	usegalaxy-eu	usegalaxy-eu-tools
2021-04-09 22:07:23	usegalaxy-eu	infrastructure
2021-04-09 20:35:26	galaxyproject	training-material
2021-04-09 18:07:30	usegalaxy-eu	infrastructure
2021-04-09 15:38:26	galaxyproject	training-material
2021-04-09 14:07:43	usegalaxy-eu	infrastructure
2021-04-09 10:07:46	usegalaxy-eu	infrastructure
2021-04-09 09:15:34	shiltemann	galaxy-workshop-template
2021-04-09 08:14:24	shiltemann	galaxy-workshop-template
2021-04-09 08:05:53	shiltemann	galaxy-workshop-template
2021-04-09 08:04:21	shiltemann	galaxy-workshop-template
2021-04-09 07:51:54	shiltemann	galaxy-workshop-template
2021-04-09 07:33:28	shiltemann	galaxy-workshop-template
2021-04-09 06:07:19	usegalaxy-eu	infrastructure
2021-04-09 02:07:12	usegalaxy-eu	infrastructure
2021-04-08 22:07:24	usegalaxy-eu	infrastructure
2021-04-08 18:08:02	usegalaxy-eu	infrastructure
2021-04-08 16:45:36	galaxyproject	galaxy
2021-04-08 16:29:56	galaxyproject	training-material
2021-04-08 16:13:00	galaxyproject	training-material
2021-04-08 16:11:47	galaxyproject	training-material
2021-04-08 14:14:09	galaxy-iuc	parsec
2021-04-08 14:10:33	galaxy-iuc	parsec
2021-04-08 14:08:18	usegalaxy-eu	infrastructure
2021-04-08 13:33:08	galaxyproject	training-material
2021-04-08 13:27:43	usegalaxy-eu	infrastructure
2021-04-08 13:19:30	galaxy-iuc	parsec
2021-04-08 13:19:01	galaxy-iuc	parsec
2021-04-08 10:59:58	galaxyproject	training-material
2021-04-08 10:07:16	usegalaxy-eu	infrastructure
2021-04-08 09:56:17	galaxyproject	training-material
2021-04-08 09:46:14	mtekman	training-material
2021-04-08 08:26:47	Avans-ATGM	infrastructure
2021-04-08 08:24:57	Avans-ATGM	infrastructure
2021-04-08 08:11:03	Avans-ATGM	infrastructure
2021-04-08 07:40:47	galaxyproject	admin-training
2021-04-08 06:07:07	usegalaxy-eu	infrastructure
2021-04-08 02:07:15	usegalaxy-eu	infrastructure
2021-04-07 22:07:11	usegalaxy-eu	infrastructure
2021-04-07 18:07:10	usegalaxy-eu	infrastructure
2021-04-07 14:07:27	usegalaxy-eu	infrastructure
2021-04-07 14:04:51	galaxyproject	training-material
2021-04-07 13:48:46	nomadscientist	training-material
2021-04-07 10:07:33	usegalaxy-eu	infrastructure
2021-04-07 07:43:24	hexylena	galaxyxml
2021-04-07 06:06:58	usegalaxy-eu	infrastructure
2021-04-07 02:07:00	usegalaxy-eu	infrastructure
2021-04-06 22:35:35	usegalaxy-eu	infrastructure
2021-04-06 18:07:23	usegalaxy-eu	infrastructure
2021-04-06 14:07:03	usegalaxy-eu	infrastructure
2021-04-06 12:39:06	galaxyproject	training-material
2021-04-06 12:23:20	galaxyproject	training-material
2021-04-06 11:51:40	galaxyproject	training-material
2021-04-06 11:09:59	galaxyproject	training-material
2021-04-06 11:03:21	galaxyproject	training-material
2021-04-06 10:57:45	galaxyproject	training-material
2021-04-06 10:47:58	hexylena	galaxy
2021-04-06 10:47:05	galaxyproject	training-material
2021-04-06 10:05:36	galaxyproject	training-material
2021-04-06 10:00:51	galaxyproject	training-material
2021-04-06 09:36:02	galaxyproject	training-material
2021-04-06 08:54:10	galaxyproject	training-material
2021-04-06 07:21:14	galaxyproject	training-material
2021-04-06 06:07:07	usegalaxy-eu	infrastructure
2021-04-06 02:07:40	usegalaxy-eu	infrastructure
2021-04-05 22:06:57	usegalaxy-eu	infrastructure
2021-04-05 18:07:01	usegalaxy-eu	infrastructure
2021-04-05 14:08:34	usegalaxy-eu	infrastructure
2021-04-05 10:07:03	usegalaxy-eu	infrastructure
2021-04-05 06:07:07	usegalaxy-eu	infrastructure
2021-04-05 02:07:04	usegalaxy-eu	infrastructure
2021-04-04 22:06:59	usegalaxy-eu	infrastructure
2021-04-04 18:07:00	usegalaxy-eu	infrastructure
2021-04-04 14:06:49	usegalaxy-eu	infrastructure
2021-04-04 10:07:49	usegalaxy-eu	infrastructure
2021-04-04 06:07:17	usegalaxy-eu	infrastructure
2021-04-04 02:07:14	usegalaxy-eu	infrastructure
2021-04-03 22:06:55	usegalaxy-eu	infrastructure
2021-04-03 18:07:00	usegalaxy-eu	infrastructure
2021-04-03 14:06:59	usegalaxy-eu	infrastructure
2021-04-03 10:06:57	usegalaxy-eu	infrastructure
2021-04-03 06:06:53	usegalaxy-eu	infrastructure
2021-04-03 02:06:52	usegalaxy-eu	infrastructure
2021-04-03 01:31:36	usegalaxy-eu	usegalaxy-eu-tools
2021-04-02 22:08:27	usegalaxy-eu	infrastructure
2021-04-02 20:08:43	usegalaxy-eu	infrastructure
2021-04-02 02:08:32	usegalaxy-eu	infrastructure
2021-04-01 22:08:12	usegalaxy-eu	infrastructure
2021-04-01 18:08:14	usegalaxy-eu	infrastructure
2021-04-01 14:08:48	usegalaxy-eu	infrastructure
2021-04-01 10:08:11	usegalaxy-eu	infrastructure
2021-04-01 08:24:13	Avans-ATGM	installed-tools
2021-04-01 06:08:14	usegalaxy-eu	infrastructure
2021-04-01 02:07:51	usegalaxy-eu	infrastructure
2021-03-31 22:08:12	usegalaxy-eu	infrastructure
2021-03-31 18:08:12	usegalaxy-eu	infrastructure
2021-03-31 10:08:15	usegalaxy-eu	infrastructure
2021-03-31 06:07:53	usegalaxy-eu	infrastructure
2021-03-31 02:08:01	usegalaxy-eu	infrastructure
2021-03-30 22:08:05	usegalaxy-eu	infrastructure
2021-03-30 18:07:57	usegalaxy-eu	infrastructure
2021-03-30 14:08:13	usegalaxy-eu	infrastructure
2021-03-30 10:25:39	galaxyproject	training-material
2021-03-30 10:08:19	dlal-group	training-material
2021-03-30 10:08:17	usegalaxy-eu	infrastructure
2021-03-30 10:08:17	dlal-group	training-material
2021-03-30 09:43:48	fubar2	training-material
2021-03-30 09:42:48	fubar2	training-material
2021-03-30 06:07:45	usegalaxy-eu	infrastructure
2021-03-30 02:07:47	usegalaxy-eu	infrastructure
2021-03-29 22:07:45	usegalaxy-eu	infrastructure
2021-03-29 18:08:32	usegalaxy-eu	infrastructure
2021-03-29 14:45:23	shiltemann	gcc2021-training
2021-03-29 14:07:52	usegalaxy-eu	infrastructure
2021-03-29 10:58:04	gallantries	gallantries.github.io
2021-03-29 10:39:37	gallantries	gallantries.github.io
2021-03-29 10:08:34	usegalaxy-eu	infrastructure
2021-03-29 06:07:41	usegalaxy-eu	infrastructure
2021-03-29 02:07:37	usegalaxy-eu	infrastructure
2021-03-28 22:07:37	usegalaxy-eu	infrastructure
2021-03-28 18:07:40	usegalaxy-eu	infrastructure
2021-03-28 14:07:31	usegalaxy-eu	infrastructure
2021-03-28 10:07:43	usegalaxy-eu	infrastructure
2021-03-28 06:07:37	usegalaxy-eu	infrastructure
2021-03-28 02:07:34	usegalaxy-eu	infrastructure
2021-03-27 23:07:32	usegalaxy-eu	infrastructure
2021-03-27 19:07:35	usegalaxy-eu	infrastructure
2021-03-27 15:36:02	usegalaxy-eu	infrastructure
2021-03-27 11:07:47	usegalaxy-eu	infrastructure
2021-03-27 07:08:29	usegalaxy-eu	infrastructure
2021-03-27 03:07:42	usegalaxy-eu	infrastructure
2021-03-27 03:07:32	usegalaxy-eu	usegalaxy-eu-tools
2021-03-26 23:08:02	usegalaxy-eu	infrastructure
2021-03-26 19:07:34	usegalaxy-eu	infrastructure
2021-03-26 15:07:38	usegalaxy-eu	infrastructure
2021-03-26 14:28:28	usegalaxy-eu	infrastructure
2021-03-26 13:36:17	galaxyproject	training-material
2021-03-26 10:11:09	hexylena	auto-gat
2021-03-26 10:02:52	hexylena	auto-gat
2021-03-26 03:07:40	usegalaxy-eu	infrastructure
2021-03-25 23:07:34	usegalaxy-eu	infrastructure
2021-03-25 19:07:56	usegalaxy-eu	infrastructure
2021-03-25 16:29:13	galaxyproject	training-material
2021-03-25 15:08:05	usegalaxy-eu	infrastructure
2021-03-25 14:01:28	galaxyproject	training-material
2021-03-25 14:00:54	galaxyproject	training-material
2021-03-25 13:23:36	galaxyproject	training-material
2021-03-25 11:07:44	usegalaxy-eu	infrastructure
2021-03-25 08:34:17	Avans-ATGM	infrastructure
2021-03-25 08:33:29	Avans-ATGM	infrastructure
2021-03-25 08:32:39	Avans-ATGM	infrastructure
2021-03-25 08:30:26	Avans-ATGM	infrastructure
2021-03-25 08:01:26	Avans-ATGM	infrastructure
2021-03-25 07:07:25	usegalaxy-eu	infrastructure
2021-03-25 03:07:33	usegalaxy-eu	infrastructure
2021-03-24 23:07:31	usegalaxy-eu	infrastructure
2021-03-24 19:07:40	usegalaxy-eu	infrastructure
2021-03-24 18:30:51	galaxyproject	training-material
2021-03-24 18:18:06	galaxyproject	training-material
2021-03-24 15:07:50	usegalaxy-eu	infrastructure
2021-03-24 11:32:28	galaxyproject	training-material
2021-03-24 11:07:53	usegalaxy-eu	infrastructure
2021-03-24 10:54:48	nomadscientist	training-material
2021-03-24 07:07:26	usegalaxy-eu	infrastructure
2021-03-24 03:08:20	usegalaxy-eu	infrastructure
2021-03-23 23:07:28	usegalaxy-eu	infrastructure
2021-03-23 19:40:35	hexylena	auto-gat
2021-03-23 19:39:48	hexylena	auto-gat
2021-03-23 19:39:27	hexylena	git-gat
2021-03-23 19:28:43	hexylena	auto-gat
2021-03-23 19:24:32	hexylena	auto-gat
2021-03-23 19:16:35	hexylena	auto-gat
2021-03-23 19:07:16	usegalaxy-eu	infrastructure
2021-03-23 19:05:19	hexylena	auto-gat
2021-03-23 19:00:29	hexylena	auto-gat
2021-03-23 18:41:29	hexylena	auto-gat
2021-03-23 18:36:01	hexylena	auto-gat
2021-03-23 18:34:51	hexylena	auto-gat
2021-03-23 18:33:22	hexylena	auto-gat
2021-03-23 18:32:07	hexylena	auto-gat
2021-03-23 16:12:58	galaxyproject	training-material
2021-03-23 16:03:44	shiltemann	training-material
2021-03-23 15:07:32	usegalaxy-eu	infrastructure
2021-03-23 13:44:58	galaxyproject	ansible-gxadmin
2021-03-23 11:43:29	galaxyproject	ansible-gxadmin
2021-03-23 11:37:55	hexylena	galaxy
2021-03-23 11:29:39	galaxyproject	training-material
2021-03-23 11:07:41	usegalaxy-eu	infrastructure
2021-03-23 10:44:44	nomadscientist	training-material
2021-03-23 10:44:41	nomadscientist	training-material
2021-03-23 10:39:24	galaxyproject	training-material
2021-03-23 08:39:12	usegalaxy-eu	infrastructure
2021-03-23 07:07:18	usegalaxy-eu	infrastructure
2021-03-23 03:07:04	usegalaxy-eu	infrastructure
2021-03-22 23:07:07	usegalaxy-eu	infrastructure
2021-03-22 19:07:16	usegalaxy-eu	infrastructure
2021-03-22 15:08:28	usegalaxy-eu	infrastructure
2021-03-22 11:08:24	usegalaxy-eu	infrastructure
2021-03-22 07:07:08	usegalaxy-eu	infrastructure
2021-03-22 03:07:00	usegalaxy-eu	infrastructure
2021-03-21 23:07:20	usegalaxy-eu	infrastructure
2021-03-21 19:07:37	usegalaxy-eu	infrastructure
2021-03-21 15:07:11	usegalaxy-eu	infrastructure
2021-03-21 11:07:06	usegalaxy-eu	infrastructure
2021-03-21 07:07:33	usegalaxy-eu	infrastructure
2021-03-21 03:07:11	usegalaxy-eu	infrastructure
2021-03-20 23:07:02	usegalaxy-eu	infrastructure
2021-03-20 19:07:11	usegalaxy-eu	infrastructure
2021-03-20 15:07:02	usegalaxy-eu	infrastructure
2021-03-20 11:50:59	usegalaxy-eu	infrastructure
2021-03-20 07:07:08	usegalaxy-eu	infrastructure
2021-03-20 03:06:49	usegalaxy-eu	infrastructure
2021-03-20 02:33:03	usegalaxy-eu	usegalaxy-eu-tools
2021-03-19 23:06:46	usegalaxy-eu	infrastructure
2021-03-19 19:07:00	usegalaxy-eu	infrastructure
2021-03-19 15:07:52	usegalaxy-eu	infrastructure
2021-03-19 14:53:02	hexylena	training-material
2021-03-19 14:51:53	hexylena	training-material
2021-03-19 14:51:29	hexylena	training-material
2021-03-19 14:38:49	hexylena	training-material
2021-03-19 11:07:10	usegalaxy-eu	infrastructure
2021-03-19 09:07:46	galaxyproject	training-material
2021-03-19 08:41:27	usegalaxy-eu	tiaas2
2021-03-19 07:06:49	usegalaxy-eu	infrastructure
2021-03-19 03:06:47	usegalaxy-eu	infrastructure
2021-03-18 23:25:40	usegalaxy-eu	infrastructure
2021-03-18 23:23:31	usegalaxy-eu	shared-data
2021-03-18 19:06:52	usegalaxy-eu	infrastructure
2021-03-18 15:06:48	usegalaxy-eu	infrastructure
2021-03-18 11:07:01	usegalaxy-eu	infrastructure
2021-03-18 10:25:35	usegalaxy-eu	infrastructure
2021-03-18 07:07:48	usegalaxy-eu	infrastructure
2021-03-18 03:08:50	usegalaxy-eu	infrastructure
2021-03-17 23:08:34	usegalaxy-eu	infrastructure
2021-03-17 19:08:03	usegalaxy-eu	infrastructure
2021-03-17 15:07:59	usegalaxy-eu	infrastructure
2021-03-17 14:39:07	gallantries	gallantries.github.io
2021-03-17 14:37:01	gallantries	gallantries.github.io
2021-03-17 11:08:40	usegalaxy-eu	infrastructure
2021-03-17 09:59:19	galaxyproject	galaxy-hub
2021-03-17 09:17:21	galaxyproject	training-material
2021-03-17 08:23:22	galaxyproject	training-material
2021-03-17 07:07:42	usegalaxy-eu	infrastructure
2021-03-17 03:07:33	usegalaxy-eu	infrastructure
2021-03-16 23:07:41	usegalaxy-eu	infrastructure
2021-03-16 22:13:54	usegalaxy-eu	usegalaxy-eu-tools
2021-03-16 19:07:37	usegalaxy-eu	infrastructure
2021-03-16 15:08:15	usegalaxy-eu	infrastructure
2021-03-16 14:11:38	usegalaxy-eu	usegalaxy-eu-tools
2021-03-16 12:25:34	galaxyproject	training-material
2021-03-16 11:26:53	galaxyproject	galaxy
2021-03-16 11:07:56	usegalaxy-eu	infrastructure
2021-03-16 08:31:30	ErasmusMC-Bioinformatics	galaxian-ansible
2021-03-16 07:07:34	usegalaxy-eu	infrastructure
2021-03-16 03:07:54	usegalaxy-eu	infrastructure
2021-03-15 23:07:34	usegalaxy-eu	infrastructure
2021-03-15 19:07:32	usegalaxy-eu	infrastructure
2021-03-15 17:55:38	gallantries	gallantries.github.io
2021-03-15 17:34:36	gallantries	gallantries.github.io
2021-03-15 17:16:25	shiltemann	global-galaxy-course
2021-03-15 16:55:45	shiltemann	global-galaxy-course
2021-03-15 16:02:53	ErasmusMC-Bioinformatics	galaxian-ansible
2021-03-15 15:07:29	usegalaxy-eu	infrastructure
2021-03-15 14:27:07	ErasmusMC-Bioinformatics	installed-tools
2021-03-15 14:03:35	ErasmusMC-Bioinformatics	installed-tools
2021-03-15 13:46:19	ErasmusMC-Bioinformatics	installed-tools
2021-03-15 12:49:05	gallantries	gallantries.github.io
2021-03-15 11:07:59	usegalaxy-eu	infrastructure
2021-03-15 09:46:14	shiltemann	gcc2021-training
2021-03-15 07:07:33	usegalaxy-eu	infrastructure
2021-03-15 03:07:23	usegalaxy-eu	infrastructure
2021-03-14 23:07:28	usegalaxy-eu	infrastructure
2021-03-14 19:07:11	usegalaxy-eu	infrastructure
2021-03-14 15:07:20	usegalaxy-eu	infrastructure
2021-03-14 11:07:29	usegalaxy-eu	infrastructure
2021-03-14 07:07:14	usegalaxy-eu	infrastructure
2021-03-14 03:07:11	usegalaxy-eu	infrastructure
2021-03-13 19:07:16	usegalaxy-eu	infrastructure
2021-03-13 15:07:14	usegalaxy-eu	infrastructure
2021-03-13 11:07:15	usegalaxy-eu	infrastructure
2021-03-13 07:07:20	usegalaxy-eu	infrastructure
2021-03-13 03:07:12	usegalaxy-eu	infrastructure
2021-03-12 23:07:16	usegalaxy-eu	infrastructure
2021-03-12 22:15:40	usegalaxy-eu	infrastructure
2021-03-12 09:27:01	usegalaxy-eu	galaxy
2021-03-12 03:07:18	usegalaxy-eu	infrastructure
2021-03-11 23:07:13	usegalaxy-eu	infrastructure
2021-03-11 19:07:13	usegalaxy-eu	infrastructure
2021-03-11 15:07:49	usegalaxy-eu	infrastructure
2021-03-11 13:51:53	Avans-ATGM	installed-tools
2021-03-11 13:47:18	Avans-ATGM	infrastructure
2021-03-11 11:07:15	usegalaxy-eu	infrastructure
2021-03-11 09:01:18	Avans-ATGM	infrastructure
2021-03-11 08:51:44	Avans-ATGM	infrastructure
2021-03-11 08:46:10	Avans-ATGM	infrastructure
2021-03-11 08:39:25	Avans-ATGM	installed-tools
2021-03-11 07:07:23	usegalaxy-eu	infrastructure
2021-03-11 03:07:06	usegalaxy-eu	infrastructure
2021-03-10 23:07:20	usegalaxy-eu	infrastructure
2021-03-10 14:53:17	galaxyproject	training-material
2021-03-10 11:31:52	gallantries	gallantries.github.io
2021-03-10 11:28:31	gallantries	gallantries.github.io
2021-03-10 10:42:10	gallantries	gallantries.github.io
2021-03-10 10:33:40	Avans-ATGM	installed-tools
2021-03-10 09:13:45	mvdbeek	galaxy
2021-03-10 07:06:53	usegalaxy-eu	infrastructure
2021-03-09 23:07:02	usegalaxy-eu	infrastructure
2021-03-09 19:07:05	usegalaxy-eu	infrastructure
2021-03-09 18:40:43	Avans-ATGM	installed-tools
2021-03-09 15:25:44	shiltemann	gcc2021-training
2021-03-09 15:19:51	shiltemann	gcc2021-training
2021-03-09 15:07:21	usegalaxy-eu	infrastructure
2021-03-09 13:37:38	hexylena	galaxy
2021-03-09 11:07:08	usegalaxy-eu	infrastructure
2021-03-09 09:22:16	galaxyproject	gxadmin
2021-03-09 07:06:57	usegalaxy-eu	infrastructure
2021-03-09 03:07:48	usegalaxy-eu	infrastructure
2021-03-08 23:06:50	usegalaxy-eu	infrastructure
2021-03-08 19:06:46	usegalaxy-eu	infrastructure
2021-03-08 17:21:12	mvdbeek	galaxy
2021-03-08 17:05:12	mvdbeek	galaxy
2021-03-08 15:06:50	usegalaxy-eu	infrastructure
2021-03-08 11:07:29	usegalaxy-eu	infrastructure
2021-03-08 07:06:49	usegalaxy-eu	infrastructure
2021-03-08 03:06:48	usegalaxy-eu	infrastructure
2021-03-07 23:06:41	usegalaxy-eu	infrastructure
2021-03-07 19:06:51	usegalaxy-eu	infrastructure
2021-03-07 15:06:46	usegalaxy-eu	infrastructure
2021-03-07 11:06:58	usegalaxy-eu	infrastructure
2021-03-07 07:06:42	usegalaxy-eu	infrastructure
2021-03-07 03:06:50	usegalaxy-eu	infrastructure
2021-03-06 23:06:34	usegalaxy-eu	infrastructure
2021-03-06 19:06:46	usegalaxy-eu	infrastructure
2021-03-06 15:06:51	usegalaxy-eu	infrastructure
2021-03-06 11:07:08	usegalaxy-eu	infrastructure
2021-03-06 07:06:36	usegalaxy-eu	infrastructure
2021-03-06 03:06:56	usegalaxy-eu	infrastructure
2021-03-05 23:06:33	usegalaxy-eu	infrastructure
2021-03-05 19:07:32	usegalaxy-eu	infrastructure
2021-03-05 15:07:48	usegalaxy-eu	infrastructure
2021-03-05 12:54:36	usegalaxy-eu	infrastructure
2021-03-05 03:07:34	usegalaxy-eu	infrastructure
2021-03-04 23:07:27	usegalaxy-eu	infrastructure
2021-03-04 19:07:57	usegalaxy-eu	infrastructure
2021-03-04 15:07:51	usegalaxy-eu	infrastructure
2021-03-04 11:07:35	usegalaxy-eu	infrastructure
2021-03-04 10:40:54	Avans-ATGM	installed-tools
2021-03-04 07:07:25	usegalaxy-eu	infrastructure
2021-03-04 03:07:21	usegalaxy-eu	infrastructure
2021-03-03 23:07:35	usegalaxy-eu	infrastructure
2021-03-03 19:07:47	usegalaxy-eu	infrastructure
2021-03-03 15:07:45	usegalaxy-eu	infrastructure
2021-03-03 11:07:56	usegalaxy-eu	infrastructure
2021-03-03 09:40:43	galaxyproject	gxadmin
2021-03-03 07:07:23	usegalaxy-eu	infrastructure
2021-03-03 03:07:44	usegalaxy-eu	infrastructure
2021-03-02 23:07:42	usegalaxy-eu	infrastructure
2021-03-02 19:08:15	usegalaxy-eu	infrastructure
2021-03-02 16:45:43	nomadscientist	training-material
2021-03-02 16:45:02	nomadscientist	training-material
2021-03-02 16:44:51	nomadscientist	training-material
2021-03-02 16:44:36	nomadscientist	training-material
2021-03-02 16:44:27	nomadscientist	training-material
2021-03-02 16:44:23	nomadscientist	training-material
2021-03-02 16:27:24	shiltemann	gcc2021-training
2021-03-02 16:08:12	hexylena	infrastructure-playbook
2021-03-02 15:56:15	hexylena	infrastructure-playbook
2021-03-02 15:21:04	hexylena	galaxy
2021-03-02 15:07:50	usegalaxy-eu	infrastructure
2021-03-02 14:56:36	galaxyproject	training-material
2021-03-02 14:51:59	galaxyproject	training-material
2021-03-02 12:45:03	galaxyproject	ansible-galaxy
2021-03-02 12:31:15	shiltemann	gcc2021-training
2021-03-02 12:27:56	shiltemann	gcc2021-training
2021-03-02 12:12:10	shiltemann	gcc2021-training
2021-03-02 12:09:54	shiltemann	gcc2021-training
2021-03-02 11:07:27	usegalaxy-eu	infrastructure
2021-03-02 09:22:59	ErasmusMC-Bioinformatics	galaxian-ansible
2021-03-02 07:07:30	usegalaxy-eu	infrastructure
2021-03-02 03:07:08	usegalaxy-eu	infrastructure
2021-03-01 23:07:07	usegalaxy-eu	infrastructure
2021-03-01 19:07:25	usegalaxy-eu	infrastructure
2021-03-01 16:37:17	shiltemann	gcc2021-training
2021-03-01 16:36:15	shiltemann	gcc2021-training
2021-03-01 16:22:43	shiltemann	gcc2021-training
2021-03-01 15:08:04	usegalaxy-eu	infrastructure
2021-03-01 13:58:01	galaxyproject	ansible-proftpd
2021-03-01 13:53:54	galaxyproject	training-material
2021-03-01 13:52:48	assuntad23	training-material
2021-03-01 11:35:07	ErasmusMC-Bioinformatics	galaxian-ansible
2021-03-01 11:28:21	ErasmusMC-Bioinformatics	galaxian-ansible
2021-03-01 11:07:15	usegalaxy-eu	infrastructure
2021-03-01 11:03:17	ErasmusMC-Bioinformatics	galaxian-ansible
2021-03-01 11:01:41	ErasmusMC-Bioinformatics	galaxian-ansible
2021-03-01 08:30:39	galaxyproject	training-material
2021-03-01 08:30:26	galaxyproject	training-material
2021-03-01 07:07:08	usegalaxy-eu	infrastructure
2021-03-01 03:07:11	usegalaxy-eu	infrastructure
2021-02-28 23:07:03	usegalaxy-eu	infrastructure
2021-02-28 19:07:19	usegalaxy-eu	infrastructure
2021-02-28 15:06:58	usegalaxy-eu	infrastructure
2021-02-28 11:07:17	usegalaxy-eu	infrastructure
2021-02-28 07:06:59	usegalaxy-eu	infrastructure
2021-02-28 03:07:17	usegalaxy-eu	infrastructure
2021-02-27 23:07:10	usegalaxy-eu	infrastructure
2021-02-27 19:06:56	usegalaxy-eu	infrastructure
2021-02-27 15:06:53	usegalaxy-eu	infrastructure
2021-02-27 11:07:34	usegalaxy-eu	infrastructure
2021-02-27 07:07:03	usegalaxy-eu	infrastructure
2021-02-27 03:06:48	usegalaxy-eu	infrastructure
2021-02-27 02:31:42	usegalaxy-eu	usegalaxy-eu-tools
2021-02-26 23:06:54	usegalaxy-eu	infrastructure
2021-02-26 20:15:31	usegalaxy-eu	infrastructure
2021-02-26 07:07:04	usegalaxy-eu	infrastructure
2021-02-26 03:06:57	usegalaxy-eu	infrastructure
2021-02-26 02:44:37	usegalaxy-eu	shared-data
2021-02-25 23:06:59	usegalaxy-eu	infrastructure
2021-02-25 20:00:30	galaxyproject	training-material
2021-02-25 19:07:50	usegalaxy-eu	infrastructure
2021-02-25 18:33:23	galaxyproject	training-material
2021-02-25 16:13:48	galaxyproject	training-material
2021-02-25 15:06:59	usegalaxy-eu	infrastructure
2021-02-25 11:07:17	usegalaxy-eu	infrastructure
2021-02-25 08:14:36	galaxyproject	training-material
2021-02-25 07:07:10	usegalaxy-eu	infrastructure
2021-02-25 03:07:06	usegalaxy-eu	infrastructure
2021-02-24 23:06:49	usegalaxy-eu	infrastructure
2021-02-24 19:07:08	usegalaxy-eu	infrastructure
2021-02-24 18:49:27	galaxyproject	gxadmin
2021-02-24 16:21:45	galaxyproject	training-material
2021-02-24 15:06:57	usegalaxy-eu	infrastructure
2021-02-24 11:06:47	usegalaxy-eu	infrastructure
2021-02-24 07:06:58	usegalaxy-eu	infrastructure
2021-02-24 03:06:44	usegalaxy-eu	infrastructure
2021-02-23 23:06:37	usegalaxy-eu	infrastructure
2021-02-23 19:06:40	usegalaxy-eu	infrastructure
2021-02-23 15:07:03	usegalaxy-eu	infrastructure
2021-02-23 11:06:52	usegalaxy-eu	infrastructure
2021-02-23 09:10:35	shiltemann	global-galaxy-course
2021-02-23 09:06:37	galaxyproject	training-material
2021-02-23 09:02:51	shiltemann	global-galaxy-course
2021-02-23 07:07:17	usegalaxy-eu	infrastructure
2021-02-23 03:06:46	usegalaxy-eu	infrastructure
2021-02-22 23:06:40	usegalaxy-eu	infrastructure
2021-02-22 19:06:46	usegalaxy-eu	infrastructure
2021-02-22 15:06:41	usegalaxy-eu	infrastructure
2021-02-22 11:06:48	usegalaxy-eu	infrastructure
2021-02-22 10:11:29	ErasmusMC-Bioinformatics	installed-tools
2021-02-22 10:03:34	ErasmusMC-Bioinformatics	installed-tools
2021-02-22 07:06:26	usegalaxy-eu	infrastructure
2021-02-22 03:06:50	usegalaxy-eu	infrastructure
2021-02-21 23:06:25	usegalaxy-eu	infrastructure
2021-02-21 19:06:24	usegalaxy-eu	infrastructure
2021-02-21 15:06:41	usegalaxy-eu	infrastructure
2021-02-21 11:07:18	usegalaxy-eu	infrastructure
2021-02-21 07:07:04	usegalaxy-eu	infrastructure
2021-02-21 03:07:10	usegalaxy-eu	infrastructure
2021-02-20 23:07:05	usegalaxy-eu	infrastructure
2021-02-20 19:07:04	usegalaxy-eu	infrastructure
2021-02-20 15:07:15	usegalaxy-eu	infrastructure
2021-02-20 11:07:26	usegalaxy-eu	infrastructure
2021-02-20 07:07:14	usegalaxy-eu	infrastructure
2021-02-20 03:07:03	usegalaxy-eu	infrastructure
2021-02-20 02:51:00	usegalaxy-eu	usegalaxy-eu-tools
2021-02-19 23:07:10	usegalaxy-eu	infrastructure
2021-02-19 19:07:16	usegalaxy-eu	infrastructure
2021-02-19 15:07:46	usegalaxy-eu	infrastructure
2021-02-19 11:07:15	usegalaxy-eu	infrastructure
2021-02-19 10:59:50	galaxyproject	training-material
2021-02-19 09:30:52	shiltemann	global-galaxy-course
2021-02-19 09:24:02	galaxyproject	training-material
2021-02-19 08:20:35	galaxyproject	training-material
2021-02-19 08:06:56	usegalaxy-eu	infrastructure
2021-02-19 04:31:49	usegalaxy-eu	shared-data
2021-02-19 04:29:22	usegalaxy-eu	infrastructure
2021-02-18 20:34:23	shiltemann	global-galaxy-course
2021-02-18 19:06:56	usegalaxy-eu	infrastructure
2021-02-18 15:07:09	usegalaxy-eu	infrastructure
2021-02-18 14:53:34	galaxyproject	training-material
2021-02-18 11:24:52	galaxyproject	training-material
2021-02-18 11:07:23	usegalaxy-eu	infrastructure
2021-02-18 09:35:15	galaxyproject	training-material
2021-02-18 07:07:10	usegalaxy-eu	infrastructure
2021-02-18 03:06:59	usegalaxy-eu	infrastructure
2021-02-17 23:06:58	usegalaxy-eu	infrastructure
2021-02-17 19:06:58	usegalaxy-eu	infrastructure
2021-02-17 15:07:10	usegalaxy-eu	infrastructure
2021-02-17 12:52:29	galaxyproject	gxadmin
2021-02-17 12:51:27	galaxyproject	gxadmin
2021-02-17 12:50:34	galaxyproject	gxadmin
2021-02-17 12:15:28	mvdbeek	galaxy
2021-02-17 12:01:42	galaxyproject	training-material
2021-02-17 11:53:18	hexylena	git-gat
2021-02-17 11:44:17	galaxyproject	training-material
2021-02-17 11:43:15	galaxyproject	training-material
2021-02-17 11:42:12	hexylena	git-gat
2021-02-17 11:41:22	galaxyproject	training-material
2021-02-17 11:32:18	hexylena	git-gat
2021-02-17 11:30:34	galaxyproject	training-material
2021-02-17 11:06:52	usegalaxy-eu	infrastructure
2021-02-17 10:34:39	galaxyproject	training-material
2021-02-17 09:36:08	galaxyproject	training-material
2021-02-17 08:02:30	galaxyproject	gxadmin
2021-02-17 07:48:20	usegalaxy-eu	infrastructure
2021-02-17 03:06:49	usegalaxy-eu	infrastructure
2021-02-16 23:06:58	usegalaxy-eu	infrastructure
2021-02-16 19:07:03	usegalaxy-eu	infrastructure
2021-02-16 17:50:16	galaxyproject	training-material
2021-02-16 17:27:31	galaxyproject	training-material
2021-02-16 17:24:38	galaxyproject	gxadmin
2021-02-16 16:24:30	galaxyproject	training-material
2021-02-16 15:18:08	hexylena	galaxy
2021-02-16 15:07:40	usegalaxy-eu	infrastructure
2021-02-16 13:14:08	galaxyproject	training-material
2021-02-16 11:08:05	usegalaxy-eu	infrastructure
2021-02-16 10:20:31	galaxyproject	galaxy
2021-02-16 10:03:55	shiltemann	global-galaxy-course
2021-02-16 08:47:44	galaxyproject	ansible-gxadmin
2021-02-16 08:43:24	galaxyproject	gxadmin
2021-02-16 08:39:49	galaxyproject	gxadmin
2021-02-16 08:35:37	galaxyproject	training-material
2021-02-16 08:32:17	natefoo	training-material
2021-02-16 08:26:07	shiltemann	global-galaxy-course
2021-02-16 07:06:53	usegalaxy-eu	infrastructure
2021-02-16 03:06:55	usegalaxy-eu	infrastructure
2021-02-15 23:06:59	usegalaxy-eu	infrastructure
2021-02-15 21:20:03	galaxyproject	training-material
2021-02-15 19:07:07	usegalaxy-eu	infrastructure
2021-02-15 19:01:20	galaxyproject	gxadmin
2021-02-15 18:32:34	galaxyproject	training-material
2021-02-15 18:30:06	galaxyproject	training-material
2021-02-15 18:22:07	galaxyproject	training-material
2021-02-15 16:49:00	galaxyproject	training-material
2021-02-15 15:53:01	shiltemann	global-galaxy-course
2021-02-15 15:07:10	usegalaxy-eu	infrastructure
2021-02-15 14:03:28	usegalaxy-eu	infrastructure
2021-02-15 13:58:32	usegalaxy-eu	infrastructure
2021-02-15 13:15:43	usegalaxy-eu	infrastructure
2021-02-15 12:53:24	galaxyproject	training-material
2021-02-15 12:50:45	galaxyproject	admin-training
2021-02-15 12:04:53	usegalaxy-eu	ansible-influxdb
2021-02-15 11:25:41	shiltemann	global-galaxy-course
2021-02-15 11:19:34	galaxyproject	admin-training
2021-02-15 11:06:45	usegalaxy-eu	infrastructure
2021-02-15 09:21:15	galaxyproject	training-material
2021-02-15 09:17:40	shiltemann	global-galaxy-course
2021-02-15 09:05:49	galaxyproject	training-material
2021-02-15 08:58:20	galaxyproject	training-material
2021-02-15 08:55:08	nekrut	training-material
2021-02-15 08:50:16	galaxyproject	training-material
2021-02-15 07:06:38	usegalaxy-eu	infrastructure
2021-02-15 03:06:37	usegalaxy-eu	infrastructure
2021-02-14 23:06:39	usegalaxy-eu	infrastructure
2021-02-14 20:23:00	galaxyproject	training-material
2021-02-14 20:22:44	galaxyproject	training-material
2021-02-14 20:15:38	shiltemann	global-galaxy-course
2021-02-14 19:41:59	shiltemann	global-galaxy-course
2021-02-14 19:17:23	shiltemann	global-galaxy-course
2021-02-14 19:09:05	galaxyproject	training-material
2021-02-14 19:07:28	usegalaxy-eu	infrastructure
2021-02-14 19:06:34	galaxyproject	training-material
2021-02-14 17:18:30	shiltemann	global-galaxy-course
2021-02-14 17:17:57	shiltemann	global-galaxy-course
2021-02-14 15:34:47	shiltemann	global-galaxy-course
2021-02-14 15:06:35	usegalaxy-eu	infrastructure
2021-02-14 11:25:51	shiltemann	global-galaxy-course
2021-02-14 11:21:40	shiltemann	global-galaxy-course
2021-02-14 11:14:22	shiltemann	global-galaxy-course
2021-02-14 11:06:29	usegalaxy-eu	infrastructure
2021-02-14 10:56:18	shiltemann	global-galaxy-course
2021-02-14 09:43:36	shiltemann	global-galaxy-course
2021-02-14 07:06:26	usegalaxy-eu	infrastructure
2021-02-14 03:06:34	usegalaxy-eu	infrastructure
2021-02-13 23:06:39	usegalaxy-eu	infrastructure
2021-02-13 19:07:08	usegalaxy-eu	infrastructure
2021-02-13 18:06:33	galaxyproject	training-material
2021-02-13 15:06:31	usegalaxy-eu	infrastructure
2021-02-13 11:06:41	usegalaxy-eu	infrastructure
2021-02-13 09:13:22	galaxyproject	training-material
2021-02-13 07:06:47	usegalaxy-eu	infrastructure
2021-02-13 03:06:25	usegalaxy-eu	infrastructure
2021-02-13 02:35:48	usegalaxy-eu	usegalaxy-eu-tools
2021-02-12 23:06:42	usegalaxy-eu	infrastructure
2021-02-12 20:59:40	usegalaxy-eu	gxadmin
2021-02-12 20:57:10	galaxyproject	training-material
2021-02-12 20:55:18	galaxyproject	training-material
2021-02-12 19:06:47	usegalaxy-eu	infrastructure
2021-02-12 17:40:01	galaxyproject	training-material
2021-02-12 15:09:14	shiltemann	global-galaxy-course
2021-02-12 15:08:06	usegalaxy-eu	infrastructure
2021-02-12 14:51:28	galaxyproject	training-material
2021-02-12 14:10:10	hexylena	timezone-heatmap
2021-02-12 11:37:54	Avans-ATGM	infrastructure
2021-02-12 11:34:48	Avans-ATGM	infrastructure
2021-02-12 11:19:05	Avans-ATGM	infrastructure
2021-02-12 11:17:39	Avans-ATGM	infrastructure
2021-02-12 11:09:18	Avans-ATGM	infrastructure
2021-02-12 11:07:20	usegalaxy-eu	infrastructure
2021-02-12 10:42:31	hexylena	training-material
2021-02-12 07:06:53	usegalaxy-eu	infrastructure
2021-02-12 03:06:20	usegalaxy-eu	infrastructure
2021-02-11 23:07:06	usegalaxy-eu	infrastructure
2021-02-11 20:49:35	nekrut	training-material
2021-02-11 19:41:17	galaxyproject	training-material
2021-02-11 19:07:46	usegalaxy-eu	infrastructure
2021-02-11 15:27:44	galaxyproject	training-material
2021-02-11 15:27:21	galaxyproject	training-material
2021-02-11 15:27:06	galaxyproject	training-material
2021-02-11 15:07:20	usegalaxy-eu	infrastructure
2021-02-11 11:07:21	usegalaxy-eu	infrastructure
2021-02-11 07:20:50	usegalaxy-eu	infrastructure
2021-02-11 03:07:06	usegalaxy-eu	infrastructure
2021-02-10 23:07:17	usegalaxy-eu	infrastructure
2021-02-10 19:07:24	usegalaxy-eu	infrastructure
2021-02-10 18:30:22	shiltemann	global-galaxy-course
2021-02-10 15:07:48	usegalaxy-eu	infrastructure
2021-02-10 12:20:37	hexylena	timezone-heatmap
2021-02-10 11:54:37	hexylena	training-material
2021-02-10 11:38:28	hexylena	training-material
2021-02-10 11:35:43	hexylena	training-material
2021-02-10 11:08:24	usegalaxy-eu	infrastructure
2021-02-10 07:07:00	usegalaxy-eu	infrastructure
2021-02-10 03:07:03	usegalaxy-eu	infrastructure
2021-02-09 23:07:02	usegalaxy-eu	infrastructure
2021-02-09 19:07:11	usegalaxy-eu	infrastructure
2021-02-09 17:35:17	shiltemann	global-galaxy-course
2021-02-09 17:15:17	galaxyproject	training-material
2021-02-09 15:31:09	ErasmusMC-Bioinformatics	installed-tools
2021-02-09 15:27:31	hexylena	timezone-heatmap
2021-02-09 15:11:11	galaxyproject	training-material
2021-02-09 15:07:18	usegalaxy-eu	infrastructure
2021-02-09 14:34:40	hexylena	timezone-heatmap
2021-02-09 13:58:33	shiltemann	global-galaxy-course
2021-02-09 13:57:28	shiltemann	global-galaxy-course
2021-02-09 13:54:32	shiltemann	global-galaxy-course
2021-02-09 13:32:11	shiltemann	global-galaxy-course
2021-02-09 13:29:38	shiltemann	global-galaxy-course
2021-02-09 11:21:03	usegalaxy-eu	gxadmin
2021-02-09 11:07:36	usegalaxy-eu	infrastructure
2021-02-09 07:06:59	usegalaxy-eu	infrastructure
2021-02-09 03:06:55	usegalaxy-eu	infrastructure
2021-02-08 23:07:18	usegalaxy-eu	infrastructure
2021-02-08 21:02:41	usegalaxy-eu	infrastructure
2021-02-08 19:07:12	usegalaxy-eu	infrastructure
2021-02-08 15:07:11	usegalaxy-eu	infrastructure
2021-02-08 14:30:50	galaxyproject	training-material
2021-02-08 13:01:51	shiltemann	global-galaxy-course
2021-02-08 12:03:46	galaxyproject	usegalaxy-tools
2021-02-08 11:07:40	usegalaxy-eu	infrastructure
2021-02-08 08:23:52	gallantries	gallantries.github.io
2021-02-08 07:07:31	usegalaxy-eu	infrastructure
2021-02-08 03:32:05	usegalaxy-eu	infrastructure
2021-02-07 04:01:45	usegalaxy-eu	infrastructure
2021-02-07 03:06:45	usegalaxy-eu	infrastructure
2021-02-06 23:07:12	usegalaxy-eu	infrastructure
2021-02-06 20:20:55	usegalaxy-eu	usegalaxy-eu-tools
2021-02-06 19:06:52	usegalaxy-eu	infrastructure
2021-02-06 15:06:53	usegalaxy-eu	infrastructure
2021-02-06 11:07:09	usegalaxy-eu	infrastructure
2021-02-06 07:06:49	usegalaxy-eu	infrastructure
2021-02-06 03:06:46	usegalaxy-eu	infrastructure
2021-02-05 23:07:20	usegalaxy-eu	infrastructure
2021-02-05 19:23:50	usegalaxy-eu	infrastructure
2021-02-05 15:27:11	Avans-ATGM	infrastructure
2021-02-05 15:21:46	usegalaxy-eu	infrastructure
2021-02-05 15:05:50	Avans-ATGM	infrastructure
2021-02-05 14:58:31	Avans-ATGM	infrastructure
2021-02-05 14:52:48	Avans-ATGM	infrastructure
2021-02-05 14:50:40	Avans-ATGM	infrastructure
2021-02-05 11:10:35	usegalaxy-eu	infrastructure
2021-02-05 07:10:07	usegalaxy-eu	infrastructure
2021-02-05 03:10:15	usegalaxy-eu	infrastructure
2021-02-04 23:10:14	usegalaxy-eu	infrastructure
2021-02-04 19:12:29	usegalaxy-eu	infrastructure
2021-02-04 16:50:04	hexylena	galaxy
2021-02-04 16:24:47	galaxyproject	galaxy-hub
2021-02-04 15:09:34	usegalaxy-eu	infrastructure
2021-02-04 13:03:19	gallantries	gallantries.github.io
2021-02-04 13:02:44	gallantries	gallantries.github.io
2021-02-04 11:10:15	usegalaxy-eu	infrastructure
2021-02-04 09:30:22	gallantries	gallantries.github.io
2021-02-04 09:07:37	gallantries	gallantries.github.io
2021-02-04 09:01:24	hexylena	galaxyxml
2021-02-04 07:10:59	usegalaxy-eu	infrastructure
2021-02-04 03:09:30	usegalaxy-eu	infrastructure
2021-02-03 23:09:58	usegalaxy-eu	infrastructure
2021-02-03 19:12:21	usegalaxy-eu	infrastructure
2021-02-03 18:52:25	gallantries	gallantries.github.io
2021-02-03 17:25:39	gallantries	gallantries.github.io
2021-02-03 17:18:35	galaxyproject	training-material
2021-02-03 17:18:18	gallardoalba	training-material
2021-02-03 17:11:05	bernt-matthias	galaxyxml
2021-02-03 16:37:13	gallantries	gallantries.github.io
2021-02-03 16:27:12	gallantries	gallantries.github.io
2021-02-03 11:11:14	usegalaxy-eu	infrastructure
2021-02-03 07:10:47	usegalaxy-eu	infrastructure
2021-02-03 03:10:42	usegalaxy-eu	infrastructure
2021-02-02 23:10:13	usegalaxy-eu	infrastructure
2021-02-02 19:10:23	usegalaxy-eu	infrastructure
2021-02-02 16:55:38	hexylena	timezone-heatmap
2021-02-02 16:54:08	hexylena	galaxyxml
2021-02-02 15:10:51	usegalaxy-eu	infrastructure
2021-02-02 13:15:36	galaxyproject	training-material
2021-02-02 13:03:20	gallantries	gallantries.github.io
2021-02-02 12:59:39	gallantries	gallantries.github.io
2021-02-02 12:58:44	gallantries	gallantries.github.io
2021-02-02 12:21:22	Avans-ATGM	infrastructure
2021-02-02 12:17:38	gallardoalba	training-material
2021-02-02 11:23:49	usegalaxy-eu	infrastructure
2021-02-02 09:59:11	gallardoalba	training-material
2021-02-02 09:54:08	gallardoalba	training-material
2021-02-02 09:44:57	galaxyproject	training-material
2021-02-02 09:35:54	abretaud	training-material
2021-02-02 07:10:16	usegalaxy-eu	infrastructure
2021-02-02 03:09:55	usegalaxy-eu	infrastructure
2021-02-01 23:10:08	usegalaxy-eu	infrastructure
2021-02-01 21:48:36	usegalaxy-eu	infrastructure
2021-02-01 19:48:13	usegalaxy-eu	infrastructure
2021-02-01 19:10:28	usegalaxy-eu	infrastructure
2021-02-01 18:43:59	galaxyproject	admin-training
2021-02-01 18:43:37	galaxyproject	admin-training
2021-02-01 18:32:27	hexylena	timezone-heatmap
2021-02-01 17:34:06	galaxyproject	training-material
2021-02-01 17:19:22	hexylena	timezone-heatmap
2021-02-01 16:37:31	usegalaxy-eu	infrastructure
2021-02-01 16:28:12	hexylena	timezone-heatmap
2021-02-01 16:17:14	usegalaxy-eu	infrastructure
2021-02-01 16:10:09	hexylena	timezone-heatmap
2021-02-01 16:04:30	hexylena	timezone-heatmap
2021-02-01 15:10:53	usegalaxy-eu	infrastructure
2021-02-01 11:55:54	usegalaxy-eu	infrastructure
2021-02-01 11:42:57	galaxyproject	training-material
2021-02-01 08:14:07	galaxyproject	training-material
2021-02-01 07:50:13	usegalaxy-eu	gxadmin
2021-01-31 19:10:35	usegalaxy-eu	infrastructure
2021-01-31 15:10:19	usegalaxy-eu	infrastructure
2021-01-31 11:10:26	usegalaxy-eu	infrastructure
2021-01-31 07:10:05	usegalaxy-eu	infrastructure
2021-01-31 03:10:16	usegalaxy-eu	infrastructure
2021-01-30 23:10:49	usegalaxy-eu	infrastructure
2021-01-30 19:10:53	usegalaxy-eu	infrastructure
2021-01-30 15:10:43	usegalaxy-eu	infrastructure
2021-01-30 11:10:51	usegalaxy-eu	infrastructure
2021-01-30 07:10:32	usegalaxy-eu	infrastructure
2021-01-30 03:10:49	usegalaxy-eu	infrastructure
2021-01-30 02:33:55	usegalaxy-eu	usegalaxy-eu-tools
2021-01-29 23:11:14	usegalaxy-eu	infrastructure
2021-01-29 19:18:04	galaxyproject	training-material
2021-01-29 19:10:59	usegalaxy-eu	infrastructure
2021-01-29 18:11:04	hexylena	training-material
2021-01-29 16:54:08	galaxyproject	admin-training
2021-01-29 16:02:37	Avans-ATGM	infrastructure
2021-01-29 15:52:41	Avans-ATGM	infrastructure
2021-01-29 15:12:08	galaxyproject	training-material
2021-01-29 15:11:39	usegalaxy-eu	infrastructure
2021-01-29 14:52:46	galaxyproject	training-material
2021-01-29 14:23:24	Avans-ATGM	Avans-ATGM.github.io
2021-01-29 14:18:08	Avans-ATGM	Avans-ATGM.github.io
2021-01-29 14:15:16	Avans-ATGM	infrastructure
2021-01-29 14:14:25	Avans-ATGM	infrastructure
2021-01-29 14:13:28	Avans-ATGM	infrastructure
2021-01-29 13:58:34	Avans-ATGM	infrastructure
2021-01-29 13:55:18	Avans-ATGM	infrastructure
2021-01-29 13:54:00	Avans-ATGM	infrastructure
2021-01-29 13:49:22	Avans-ATGM	infrastructure
2021-01-29 13:46:14	Avans-ATGM	infrastructure
2021-01-29 13:43:40	Avans-ATGM	infrastructure
2021-01-29 13:36:07	Avans-ATGM	infrastructure
2021-01-29 13:34:44	Avans-ATGM	infrastructure
2021-01-29 13:33:53	Avans-ATGM	infrastructure
2021-01-29 13:15:35	Avans-ATGM	infrastructure
2021-01-29 13:05:41	Avans-ATGM	infrastructure
2021-01-29 13:03:47	Avans-ATGM	infrastructure
2021-01-29 13:02:52	Avans-ATGM	infrastructure
2021-01-29 13:00:27	Avans-ATGM	infrastructure
2021-01-29 12:59:33	Avans-ATGM	infrastructure
2021-01-29 12:57:49	Avans-ATGM	infrastructure
2021-01-29 12:57:26	Avans-ATGM	ansible-htcondor
2021-01-29 12:55:53	Avans-ATGM	infrastructure
2021-01-29 11:58:33	galaxyproject	training-material
2021-01-29 11:56:52	Avans-ATGM	ansible-htcondor
2021-01-29 11:10:36	usegalaxy-eu	infrastructure
2021-01-29 10:55:24	galaxyproject	admin-training
2021-01-29 07:10:39	usegalaxy-eu	infrastructure
2021-01-29 03:10:58	usegalaxy-eu	infrastructure
2021-01-28 23:10:21	usegalaxy-eu	infrastructure
2021-01-28 19:10:32	usegalaxy-eu	infrastructure
2021-01-28 19:00:12	Avans-ATGM	infrastructure
2021-01-28 18:47:44	Avans-ATGM	Avans-ATGM.github.io
2021-01-28 18:46:57	Avans-ATGM	Avans-ATGM.github.io
2021-01-28 18:46:44	Avans-ATGM	Avans-ATGM.github.io
2021-01-28 18:44:42	Avans-ATGM	Avans-ATGM.github.io
2021-01-28 18:42:13	Avans-ATGM	Avans-ATGM.github.io
2021-01-28 16:43:56	Avans-ATGM	infrastructure
2021-01-28 15:47:59	Avans-ATGM	infrastructure
2021-01-28 15:10:35	usegalaxy-eu	infrastructure
2021-01-28 15:08:42	Avans-ATGM	infrastructure
2021-01-28 14:41:58	Avans-ATGM	infrastructure
2021-01-28 14:35:44	Avans-ATGM	installed-tools
2021-01-28 14:32:08	Avans-ATGM	infrastructure
2021-01-28 14:28:24	Avans-ATGM	infrastructure
2021-01-28 13:52:20	Avans-ATGM	infrastructure
2021-01-28 13:49:21	Avans-ATGM	infrastructure
2021-01-28 13:45:41	Avans-ATGM	infrastructure
2021-01-28 13:42:09	Avans-ATGM	installed-tools
2021-01-28 13:41:41	Avans-ATGM	installed-tools
2021-01-28 13:30:49	Avans-ATGM	infrastructure
2021-01-28 13:21:33	Avans-ATGM	infrastructure
2021-01-28 11:10:39	usegalaxy-eu	infrastructure
2021-01-28 07:10:03	usegalaxy-eu	infrastructure
2021-01-28 03:10:02	usegalaxy-eu	infrastructure
2021-01-27 23:09:55	usegalaxy-eu	infrastructure
2021-01-27 19:10:07	usegalaxy-eu	infrastructure
2021-01-27 17:17:37	galaxyproject	training-material
2021-01-27 15:42:50	hexylena	training-material
2021-01-27 15:17:03	hexylena	training-material
2021-01-27 15:15:13	hexylena	training-material
2021-01-27 15:14:24	hexylena	training-material
2021-01-27 15:10:24	usegalaxy-eu	infrastructure
2021-01-27 14:36:16	galaxyproject	training-material
2021-01-27 13:04:42	galaxyproject	training-material
2021-01-27 11:44:38	galaxyproject	training-material
2021-01-27 11:27:05	galaxyproject	training-material
2021-01-27 11:11:35	usegalaxy-eu	infrastructure
2021-01-27 11:11:25	nsoranzo	training-material
2021-01-27 10:23:48	galaxyproject	training-material
2021-01-27 10:14:02	AnnaSyme	training-material
2021-01-27 09:09:23	usegalaxy-eu	gxadmin
2021-01-27 07:11:17	usegalaxy-eu	infrastructure
2021-01-27 03:10:56	usegalaxy-eu	infrastructure
2021-01-26 23:10:58	usegalaxy-eu	infrastructure
2021-01-26 19:10:43	usegalaxy-eu	infrastructure
2021-01-26 16:03:10	galaxyproject	training-material
2021-01-26 15:10:48	usegalaxy-eu	infrastructure
2021-01-26 14:40:32	galaxyproject	training-material
2021-01-26 14:35:08	hexylena	timezone-heatmap
2021-01-26 14:34:27	hexylena	timezone-heatmap
2021-01-26 14:09:51	hexylena	timezone-heatmap
2021-01-26 13:31:48	galaxyproject	admin-training
2021-01-26 13:30:02	hexylena	timezone-heatmap
2021-01-26 11:10:39	usegalaxy-eu	infrastructure
2021-01-26 09:08:44	galaxyproject	admin-training
2021-01-26 07:10:42	usegalaxy-eu	infrastructure
2021-01-25 23:10:41	usegalaxy-eu	infrastructure
2021-01-25 19:48:10	usegalaxy-eu	usegalaxy-eu-tools
2021-01-25 13:12:25	galaxyproject	admin-training
2021-01-25 11:37:55	usegalaxy-eu	infrastructure
2021-01-25 10:50:00	galaxyproject	admin-training
2021-01-25 10:43:48	galaxyproject	admin-training
2021-01-25 10:30:11	galaxyproject	admin-training
2021-01-25 10:25:31	galaxyproject	admin-training
2021-01-25 07:10:18	usegalaxy-eu	infrastructure
2021-01-25 03:10:20	usegalaxy-eu	infrastructure
2021-01-24 23:10:28	usegalaxy-eu	infrastructure
2021-01-24 19:10:19	usegalaxy-eu	infrastructure
2021-01-24 18:58:46	galaxyproject	admin-training
2021-01-24 15:09:56	usegalaxy-eu	infrastructure
2021-01-24 11:10:00	usegalaxy-eu	infrastructure
2021-01-24 07:09:50	usegalaxy-eu	infrastructure
2021-01-24 03:10:33	usegalaxy-eu	infrastructure
2021-01-23 23:09:57	usegalaxy-eu	infrastructure
2021-01-23 19:09:59	usegalaxy-eu	infrastructure
2021-01-23 17:09:47	galaxyproject	admin-training
2021-01-23 17:09:40	cat-bro	admin-training
2021-01-23 17:09:09	cat-bro	admin-training
2021-01-23 17:03:31	galaxyproject	training-material
2021-01-23 17:02:53	cat-bro	training-material
2021-01-23 16:52:39	galaxyproject	admin-training
2021-01-23 16:47:28	galaxyproject	admin-training
2021-01-23 15:15:20	usegalaxy-eu	tiaas2
2021-01-23 15:11:03	usegalaxy-eu	infrastructure
2021-01-23 11:09:40	usegalaxy-eu	infrastructure
2021-01-23 07:10:15	usegalaxy-eu	infrastructure
2021-01-23 03:10:29	usegalaxy-eu	infrastructure
2021-01-22 23:11:01	usegalaxy-eu	infrastructure
2021-01-22 21:32:12	hexylena	training-material
2021-01-22 19:11:14	usegalaxy-eu	infrastructure
2021-01-22 15:11:56	usegalaxy-eu	infrastructure
2021-01-22 14:33:39	galaxyproject	admin-training
2021-01-22 14:21:15	Avans-ATGM	installed-tools
2021-01-22 13:51:58	galaxyproject	admin-training
2021-01-22 13:49:58	usegalaxy-eu	infrastructure
2021-01-22 11:47:24	galaxyproject	training-material
2021-01-22 11:12:34	usegalaxy-eu	infrastructure
2021-01-22 08:47:02	usegalaxy-eu	infrastructure
2021-01-22 07:08:56	usegalaxy-eu	infrastructure
2021-01-22 03:09:25	usegalaxy-eu	infrastructure
2021-01-21 23:08:53	usegalaxy-eu	infrastructure
2021-01-21 19:08:52	usegalaxy-eu	infrastructure
2021-01-21 18:48:09	galaxyproject	admin-training
2021-01-21 18:45:28	galaxyproject	admin-training
2021-01-21 16:57:49	galaxyproject	training-material
2021-01-21 16:10:27	galaxyproject	galaxy
2021-01-21 15:43:44	galaxyproject	training-material
2021-01-21 15:43:23	mvdbeek	training-material
2021-01-21 15:08:46	usegalaxy-eu	infrastructure
2021-01-21 13:18:14	hexylena	global-galaxy-course
2021-01-21 11:35:29	galaxyproject	admin-training
2021-01-21 11:09:39	usegalaxy-eu	infrastructure
2021-01-21 10:40:37	galaxyproject	admin-training
2021-01-21 10:38:46	galaxyproject	admin-training
2021-01-21 10:21:37	galaxyproject	training-material
2021-01-21 09:49:32	galaxyproject	ansible-galaxy
2021-01-21 09:28:47	galaxyproject	admin-training
2021-01-21 07:29:56	galaxyproject	admin-training
2021-01-21 07:15:29	galaxyproject	admin-training
2021-01-21 07:01:37	galaxyproject	galaxy-hub
2021-01-21 03:08:52	usegalaxy-eu	infrastructure
2021-01-20 23:08:49	usegalaxy-eu	infrastructure
2021-01-20 19:09:01	usegalaxy-eu	infrastructure
2021-01-20 16:25:23	Avans-ATGM	infrastructure
2021-01-20 15:21:15	hexylena	timezone-heatmap
2021-01-20 15:17:13	hexylena	timezone-heatmap
2021-01-20 15:14:42	hexylena	timezone-heatmap
2021-01-20 15:08:37	usegalaxy-eu	infrastructure
2021-01-20 14:51:46	galaxyproject	admin-training
2021-01-20 14:44:28	galaxyproject	training-material
2021-01-20 14:34:19	mvdbeek	training-material
2021-01-20 13:46:50	galaxyproject	training-material
2021-01-20 13:44:37	galaxyproject	training-material
2021-01-20 12:36:09	hexylena	training-material
2021-01-20 11:33:42	usegalaxy-eu	infrastructure
2021-01-20 11:29:29	galaxyproject	training-material
2021-01-20 11:28:54	galaxyproject	admin-training
2021-01-20 10:26:12	galaxyproject	admin-training
2021-01-20 07:08:43	usegalaxy-eu	infrastructure
2021-01-20 03:09:00	usegalaxy-eu	infrastructure
2021-01-19 23:08:35	usegalaxy-eu	infrastructure
2021-01-19 19:20:51	hexylena	training-material
2021-01-19 19:15:41	hexylena	training-material
2021-01-19 19:08:28	usegalaxy-eu	infrastructure
2021-01-19 19:06:36	usegalaxy-eu	ansible-role-rabbitmq
2021-01-19 18:27:47	galaxyproject	admin-training
2021-01-19 18:27:22	galaxyproject	admin-training
2021-01-19 18:25:55	usegalaxy-eu	infrastructure
2021-01-19 18:20:40	usegalaxy-eu	infrastructure
2021-01-19 16:05:37	galaxyproject	ansible-galaxy
2021-01-19 15:08:38	usegalaxy-eu	infrastructure
2021-01-19 13:40:47	galaxyproject	admin-training
2021-01-19 13:39:43	galaxyproject	admin-training
2021-01-19 13:11:25	galaxyproject	admin-training
2021-01-19 11:09:23	usegalaxy-eu	infrastructure
2021-01-19 10:36:16	usegalaxy-eu	infrastructure
2021-01-19 09:57:03	usegalaxy-eu	infrastructure
2021-01-19 09:46:09	usegalaxy-eu	infrastructure
2021-01-19 09:43:09	usegalaxy-eu	infrastructure
2021-01-19 07:07:12	usegalaxy-eu	infrastructure
2021-01-19 03:08:06	usegalaxy-eu	infrastructure
2021-01-18 23:08:16	usegalaxy-eu	infrastructure
2021-01-18 19:08:10	usegalaxy-eu	infrastructure
2021-01-18 16:10:48	galaxyproject	training-material
2021-01-18 15:55:28	hexylena	timezone-heatmap
2021-01-18 15:47:37	hexylena	timezone-heatmap
2021-01-18 15:39:20	hexylena	timezone-heatmap
2021-01-18 15:34:43	hexylena	timezone-heatmap
2021-01-18 15:08:07	usegalaxy-eu	infrastructure
2021-01-18 13:12:48	galaxyproject	training-material
2021-01-18 12:55:17	galaxyproject	training-material
2021-01-18 11:56:46	galaxyproject	admin-training
2021-01-18 11:47:51	hexylena	training-material
2021-01-18 11:15:48	hexylena	timezone-heatmap
2021-01-18 11:08:03	usegalaxy-eu	infrastructure
2021-01-18 10:42:35	galaxyproject	training-material
2021-01-18 10:24:16	nsoranzo	training-material
2021-01-18 09:21:14	galaxyproject	training-material
2021-01-18 09:18:57	galaxyproject	galaxy-hub
2021-01-18 09:01:28	galaxyproject	training-material
2021-01-18 07:07:52	usegalaxy-eu	infrastructure
2021-01-18 03:07:58	usegalaxy-eu	infrastructure
2021-01-17 23:07:48	usegalaxy-eu	infrastructure
2021-01-17 19:07:36	usegalaxy-eu	infrastructure
2021-01-17 15:07:52	usegalaxy-eu	infrastructure
2021-01-17 13:13:39	galaxyproject	training-material
2021-01-17 11:08:04	usegalaxy-eu	infrastructure
2021-01-17 07:07:41	usegalaxy-eu	infrastructure
2021-01-17 03:07:40	usegalaxy-eu	infrastructure
2021-01-16 23:07:40	usegalaxy-eu	infrastructure
2021-01-16 19:07:49	usegalaxy-eu	infrastructure
2021-01-16 15:07:27	usegalaxy-eu	infrastructure
2021-01-16 11:08:06	usegalaxy-eu	infrastructure
2021-01-16 07:07:33	usegalaxy-eu	infrastructure
2021-01-16 03:07:25	usegalaxy-eu	infrastructure
2021-01-15 23:07:43	usegalaxy-eu	infrastructure
2021-01-15 19:17:50	hexylena	training-material
2021-01-15 19:07:21	usegalaxy-eu	infrastructure
2021-01-15 16:13:42	galaxyproject	training-material
2021-01-15 15:49:11	hexylena	training-material
2021-01-15 15:26:44	hexylena	training-material
2021-01-15 15:07:26	usegalaxy-eu	infrastructure
2021-01-15 15:02:39	galaxyproject	admin-training
2021-01-15 11:07:32	usegalaxy-eu	infrastructure
2021-01-15 09:43:23	hexylena	training-material
2021-01-15 09:29:11	galaxyproject	training-material
2021-01-15 07:46:24	usegalaxy-eu	infrastructure
2021-01-15 03:07:16	usegalaxy-eu	infrastructure
2021-01-15 02:44:44	usegalaxy-eu	shared-data
2021-01-14 23:07:21	usegalaxy-eu	infrastructure
2021-01-14 19:07:48	usegalaxy-eu	infrastructure
2021-01-14 15:07:19	usegalaxy-eu	infrastructure
2021-01-14 13:59:23	hexylena	training-material
2021-01-14 13:31:49	hexylena	training-material
2021-01-14 13:29:25	hexylena	training-material
2021-01-14 11:07:19	usegalaxy-eu	infrastructure
2021-01-14 10:31:37	bgruening	galaxytools
2021-01-14 10:25:03	bgruening	galaxytools
2021-01-14 09:59:20	usegalaxy-eu	infrastructure
2021-01-14 09:28:36	galaxyproject	training-material
2021-01-14 07:07:48	usegalaxy-eu	infrastructure
2021-01-14 03:06:34	usegalaxy-eu	infrastructure
2021-01-13 23:06:30	usegalaxy-eu	infrastructure
2021-01-13 19:06:41	usegalaxy-eu	infrastructure
2021-01-13 17:26:41	hexylena	training-material
2021-01-13 17:25:05	galaxyproject	training-material
2021-01-13 17:08:11	hexylena	training-material
2021-01-13 16:49:26	hexylena	training-material
2021-01-13 16:48:54	hexylena	training-material
2021-01-13 16:27:02	galaxyproject	admin-training
2021-01-13 15:12:17	hexylena	training-material
2021-01-13 15:06:47	usegalaxy-eu	infrastructure
2021-01-13 15:00:59	galaxyproject	ansible-galaxy
2021-01-13 14:38:09	nuwang	ansible-galaxy
2021-01-13 14:28:33	hexylena	training-material
2021-01-13 13:42:21	usegalaxy-eu	infrastructure
2021-01-13 13:41:47	hexylena	training-material
2021-01-13 13:37:56	usegalaxy-eu	infrastructure
2021-01-13 13:36:50	usegalaxy-eu	infrastructure
2021-01-13 13:34:19	hexylena	training-material
2021-01-13 13:26:09	hexylena	training-material
2021-01-13 13:01:32	hexylena	training-material
2021-01-13 12:55:10	hexylena	training-material
2021-01-13 12:24:02	hexylena	training-material
2021-01-13 11:56:39	usegalaxy-eu	libraries-training-repo
2021-01-13 11:53:42	usegalaxy-eu	libraries-training-repo
2021-01-13 11:49:31	usegalaxy-eu	libraries-training-repo
2021-01-13 11:36:19	usegalaxy-eu	infrastructure
2021-01-13 09:36:55	galaxyproject	training-material
2021-01-13 09:31:00	hexylena	training-material
2021-01-13 09:30:45	hexylena	training-material
2021-01-13 07:06:16	usegalaxy-eu	infrastructure
2021-01-13 03:07:09	usegalaxy-eu	infrastructure
2021-01-12 23:07:12	usegalaxy-eu	infrastructure
2021-01-12 20:43:10	hexylena	training-material
2021-01-12 20:41:10	hexylena	training-material
2021-01-12 20:39:37	hexylena	training-material
2021-01-12 19:55:33	hexylena	training-material
2021-01-12 19:07:13	usegalaxy-eu	infrastructure
2021-01-12 15:11:08	galaxyproject	ansible-slurm
2021-01-12 15:07:14	usegalaxy-eu	infrastructure
2021-01-12 14:03:00	hexylena	ansible-singularity
2021-01-12 13:57:29	hexylena	ansible-singularity
2021-01-12 13:46:57	galaxyproject	training-material
2021-01-12 13:46:02	galaxyproject	training-material
2021-01-12 13:40:12	galaxyproject	training-material
2021-01-12 13:37:35	hexylena	training-material
2021-01-12 12:36:49	galaxyproject	admin-training
2021-01-12 11:56:19	hexylena	training-material
2021-01-12 11:29:34	usegalaxy-eu	ansible-certbot
2021-01-12 11:14:30	hexylena	ansible-singularity
2021-01-12 11:07:22	usegalaxy-eu	infrastructure
2021-01-12 09:31:17	galaxyproject	training-material
2021-01-12 07:07:10	usegalaxy-eu	infrastructure
2021-01-12 03:07:03	usegalaxy-eu	infrastructure
2021-01-11 23:06:59	usegalaxy-eu	infrastructure
2021-01-11 19:07:04	usegalaxy-eu	infrastructure
2021-01-11 15:07:01	usegalaxy-eu	infrastructure
2021-01-11 14:38:46	galaxyproject	training-material
2021-01-11 11:07:28	usegalaxy-eu	infrastructure
2021-01-11 07:07:41	usegalaxy-eu	infrastructure
2021-01-11 03:06:55	usegalaxy-eu	infrastructure
2021-01-10 23:07:01	usegalaxy-eu	infrastructure
2021-01-10 19:06:47	usegalaxy-eu	infrastructure
2021-01-10 15:06:46	usegalaxy-eu	infrastructure
2021-01-10 11:06:47	usegalaxy-eu	infrastructure
2021-01-10 07:13:48	usegalaxy-eu	infrastructure
2021-01-10 03:06:51	usegalaxy-eu	infrastructure
2021-01-09 23:06:46	usegalaxy-eu	infrastructure
2021-01-09 19:06:45	usegalaxy-eu	infrastructure
2021-01-09 15:07:24	usegalaxy-eu	infrastructure
2021-01-09 11:06:50	usegalaxy-eu	infrastructure
2021-01-09 07:06:35	usegalaxy-eu	infrastructure
2021-01-09 03:06:40	usegalaxy-eu	infrastructure
2021-01-08 23:06:36	usegalaxy-eu	infrastructure
2021-01-08 22:29:07	usegalaxy-eu	usegalaxy-eu-tools
2021-01-08 19:06:35	usegalaxy-eu	infrastructure
2021-01-08 18:14:07	galaxyproject	training-material
2021-01-08 18:13:49	galaxyproject	training-material
2021-01-08 16:30:21	hexylena	galaxy
2021-01-08 16:25:08	galaxyproject	training-material
2021-01-08 15:18:27	hexylena	training-material
2021-01-08 15:11:12	galaxyproject	training-material
2021-01-08 15:06:49	usegalaxy-eu	infrastructure
2021-01-08 14:43:26	galaxyproject	training-material
2021-01-08 14:29:10	torfinnnome	training-material
2021-01-08 13:26:07	galaxyproject	ansible-galaxy
2021-01-08 13:24:16	galaxyproject	ansible-galaxy
2021-01-08 11:06:42	usegalaxy-eu	infrastructure
2021-01-08 07:06:37	usegalaxy-eu	infrastructure
2021-01-08 03:06:35	usegalaxy-eu	infrastructure
2021-01-07 23:06:42	usegalaxy-eu	infrastructure
2021-01-07 19:06:34	usegalaxy-eu	infrastructure
2021-01-07 18:55:56	hexylena	galaxy
2021-01-07 17:16:28	hexylena	training-material
2021-01-07 17:00:18	hexylena	training-material
2021-01-07 16:56:02	hexylena	training-material
2021-01-07 15:06:28	usegalaxy-eu	infrastructure
2021-01-07 12:20:10	hexylena	galaxyxml
2021-01-07 12:18:07	hexylena	galaxyxml
2021-01-07 11:52:04	galaxyproject	admin-training
2021-01-07 11:50:00	galaxyproject	admin-training
2021-01-07 11:32:28	galaxyproject	training-material
2021-01-07 11:06:36	usegalaxy-eu	infrastructure
2021-01-07 10:37:02	hexylena	training-material
2021-01-07 10:12:17	hexylena	galaxyxml
2021-01-07 10:11:43	hexylena	galaxyxml
2021-01-07 07:06:49	usegalaxy-eu	infrastructure
2021-01-07 03:06:38	usegalaxy-eu	infrastructure
2021-01-06 23:06:26	usegalaxy-eu	infrastructure
2021-01-06 19:06:31	usegalaxy-eu	infrastructure
2021-01-06 17:49:31	hexylena	training-material
2021-01-06 16:04:52	hexylena	training-material
2021-01-06 15:48:57	hexylena	training-material
2021-01-06 15:06:33	usegalaxy-eu	infrastructure
2021-01-06 14:08:25	galaxyproject	training-material
2021-01-06 13:46:47	galaxyproject	training-material
2021-01-06 13:43:32	hexylena	training-material
2021-01-06 13:28:44	hexylena	training-material
2021-01-06 13:26:32	galaxyproject	training-material
2021-01-06 13:08:22	hexylena	training-material
2021-01-06 12:52:11	hexylena	training-material
2021-01-06 12:25:54	hexylena	training-material
2021-01-06 12:04:52	hexylena	training-material
2021-01-06 11:51:53	hexylena	training-material
2021-01-06 11:46:22	usegalaxy-eu	infrastructure
2021-01-06 11:39:11	hexylena	training-material
2021-01-06 11:30:34	usegalaxy-eu	infrastructure
2021-01-06 11:22:04	usegalaxy-eu	infrastructure
2021-01-06 11:17:15	usegalaxy-eu	infrastructure
2021-01-06 11:08:15	hexylena	training-material
2021-01-06 11:06:35	usegalaxy-eu	infrastructure
2021-01-06 10:57:51	hexylena	training-material
2021-01-06 10:51:27	hexylena	training-material
2021-01-06 10:23:47	hexylena	training-material
2021-01-06 10:15:23	hexylena	training-material
2021-01-06 09:56:59	hexylena	training-material
2021-01-06 09:50:23	galaxyproject	training-material
2021-01-06 09:47:21	galaxyproject	training-material
2021-01-06 07:06:34	usegalaxy-eu	infrastructure
2021-01-06 03:06:05	usegalaxy-eu	infrastructure
2021-01-05 23:07:32	usegalaxy-eu	infrastructure
2021-01-05 19:21:07	usegalaxy-eu	infrastructure
2021-01-05 19:08:07	usegalaxy-eu	infrastructure
2021-01-05 15:08:16	usegalaxy-eu	infrastructure
2021-01-05 11:08:50	usegalaxy-eu	infrastructure
2021-01-05 10:49:56	usegalaxy-eu	infrastructure
2021-01-05 10:40:16	usegalaxy-eu	infrastructure
2021-01-05 10:34:17	usegalaxy-eu	infrastructure
2021-01-05 10:29:09	usegalaxy-eu	infrastructure
2021-01-05 10:14:16	galaxyproject	galaxy-hub
2021-01-05 07:09:33	usegalaxy-eu	infrastructure
2021-01-05 03:10:42	usegalaxy-eu	infrastructure
2021-01-04 23:12:26	usegalaxy-eu	infrastructure
2021-01-04 19:12:01	usegalaxy-eu	infrastructure
2021-01-04 17:08:16	usegalaxy-eu	infrastructure
2021-01-04 16:51:53	usegalaxy-eu	infrastructure
2021-01-04 16:32:47	usegalaxy-eu	infrastructure
2021-01-04 16:00:07	usegalaxy-eu	infrastructure
2021-01-04 15:58:37	usegalaxy-eu	infrastructure
2021-01-04 15:49:23	usegalaxy-eu	infrastructure
2021-01-04 15:16:06	usegalaxy-eu	infrastructure
2021-01-04 13:29:27	usegalaxy-eu	infrastructure
2021-01-04 13:05:05	usegalaxy-eu	gxadmin
2021-01-04 12:53:38	usegalaxy-eu	gxadmin
2021-01-04 12:49:26	galaxyproject	training-material
2021-01-04 12:49:05	Slugger70	training-material
2021-01-04 12:35:08	Slugger70	training-material
2021-01-04 12:29:36	usegalaxy-eu	infrastructure
2021-01-04 12:28:38	Slugger70	training-material
2021-01-04 12:19:02	usegalaxy-eu	infrastructure
2021-01-04 12:05:51	usegalaxy-eu	infrastructure
2021-01-04 11:53:12	usegalaxy-eu	infrastructure
2021-01-04 11:42:33	usegalaxy-eu	infrastructure
2021-01-04 11:35:35	usegalaxy-eu	infrastructure
2021-01-04 11:35:29	usegalaxy-eu	infrastructure
2021-01-04 11:34:44	usegalaxy-eu	infrastructure
2021-01-04 11:26:07	usegalaxy-eu	infrastructure
2021-01-04 11:17:59	usegalaxy-eu	infrastructure
2021-01-04 10:58:17	galaxyproject	training-material
2021-01-04 09:57:04	galaxyproject	training-material
2021-01-02 02:32:38	usegalaxy-eu	usegalaxy-eu-tools
2020-12-29 10:26:55	hexylena	magnetic-curves
2020-12-24 13:15:37	usegalaxy-eu	usegalaxy-eu-tools
2020-12-21 19:05:59	usegalaxy-eu	infrastructure
2020-12-21 15:05:59	usegalaxy-eu	infrastructure
2020-12-21 14:53:20	usegalaxy-eu	infrastructure
2020-12-19 08:41:24	galaxyproject	galaxy-hub
2020-12-18 19:06:15	usegalaxy-eu	infrastructure
2020-12-18 17:09:34	Slugger70	training-material
2020-12-18 16:29:01	hexylena	training-material
2020-12-18 16:12:35	usegalaxy-eu	gxadmin
2020-12-18 16:09:52	usegalaxy-eu	gxadmin
2020-12-18 16:08:53	usegalaxy-eu	gxadmin
2020-12-18 16:06:19	usegalaxy-eu	gxadmin
2020-12-18 16:06:08	usegalaxy-eu	gxadmin
2020-12-18 16:05:41	usegalaxy-eu	gxadmin
2020-12-18 16:00:27	usegalaxy-eu	gxadmin
2020-12-18 15:57:11	usegalaxy-eu	gxadmin
2020-12-18 15:56:52	galaxyproject	tools-iuc
2020-12-18 15:55:23	galaxyproject	tools-iuc
2020-12-18 15:55:14	galaxyproject	tools-iuc
2020-12-18 15:49:10	Slugger70	training-material
2020-12-18 15:06:24	usegalaxy-eu	infrastructure
2020-12-18 14:04:53	usegalaxy-eu	ansible-role-rabbitmq
2020-12-18 13:22:03	usegalaxy-eu	ansible-role-rabbitmq
2020-12-18 12:34:19	usegalaxy-eu	infrastructure
2020-12-18 12:12:02	hexylena	training-material
2020-12-18 11:54:47	galaxyproject	tools-iuc
2020-12-17 14:35:04	galaxyproject	training-material
2020-12-17 12:49:19	galaxyproject	training-material
2020-12-17 12:30:12	Slugger70	training-material
2020-12-17 12:27:48	galaxyproject	training-material
2020-12-17 12:27:39	galaxyproject	training-material
2020-12-17 12:25:08	galaxyproject	training-material
2020-12-17 11:03:41	Slugger70	training-material
2020-12-17 10:27:39	galaxyproject	admin-training
2020-12-17 10:27:25	galaxyproject	admin-training
2020-12-17 09:56:49	usegalaxy-eu	ansible-role-rabbitmq
2020-12-16 20:51:34	hexylena	training-material
2020-12-16 19:05:56	usegalaxy-eu	infrastructure
2020-12-16 15:12:30	usegalaxy-eu	infrastructure
2020-12-16 14:25:44	usegalaxy-eu	infrastructure
2020-12-16 11:09:25	hexylena	training-material
2020-12-16 11:08:45	hexylena	training-material
2020-12-16 11:06:47	usegalaxy-eu	infrastructure
2020-12-16 10:56:20	usegalaxy-eu	infrastructure
2020-12-16 09:05:35	hexylena	training-material
2020-12-16 08:53:30	hexylena	training-material
2020-12-16 03:16:48	usegalaxy-eu	infrastructure
2020-12-15 23:17:05	usegalaxy-eu	infrastructure
2020-12-15 19:17:30	usegalaxy-eu	infrastructure
2020-12-15 16:27:28	galaxyproject	training-material
2020-12-15 15:55:32	usegalaxy-eu	infrastructure
2020-12-15 15:12:59	galaxyproject	galaxy-hub
2020-12-15 14:53:25	hexylena	remapper
2020-12-15 14:39:55	hexylena	hexylena.github.io
2020-12-15 14:38:24	hexylena	hexylena.github.io
2020-12-15 14:01:26	hexylena	training-material
2020-12-15 11:41:34	hexylena	training-material
2020-12-14 18:02:39	hexylena	training-material
2020-12-14 14:51:17	Avans-ATGM	infrastructure
2020-12-14 11:49:25	hexylena	training-material
2020-12-11 13:54:02	galaxyproject	ansible-pulsar
2020-12-11 13:42:18	galaxyproject	training-material
2020-12-11 11:24:09	usegalaxy-eu	ansible-pulsar
2020-12-11 10:07:02	galaxyproject	training-material
2020-12-11 09:32:19	blankenberg	training-material
2020-12-10 12:00:14	Avans-ATGM	infrastructure
2020-12-09 23:17:01	usegalaxy-eu	infrastructure
2020-12-09 19:17:18	usegalaxy-eu	infrastructure
2020-12-09 14:45:07	galaxyproject	training-material
2020-12-09 14:30:48	usegalaxy-eu	ansible-pulsar
2020-12-09 12:50:01	danielabutano	training-material
2020-12-09 12:39:12	danielabutano	training-material
2020-12-09 12:37:19	danielabutano	training-material
2020-12-09 12:03:10	hexylena	training-material
2020-12-09 11:44:40	hexylena	training-material
2020-12-09 09:58:24	hexylena	training-material
2020-12-09 09:51:19	galaxyproject	training-material
2020-12-09 09:51:05	galaxyproject	training-material
2020-12-09 09:50:56	galaxyproject	training-material
2020-12-08 23:00:17	usegalaxy-eu	grafana-dashboards
2020-12-08 15:41:57	usegalaxy-eu	ansible-tiaas2
2020-12-08 15:41:11	usegalaxy-eu	tiaas2
2020-12-08 14:26:38	hexylena	training-material
2020-12-08 14:26:12	galaxyproject	training-material
2020-12-08 14:13:01	hexylena	training-material
2020-12-08 13:34:09	usegalaxy-eu	operations
2020-12-08 13:17:36	hexylena	global-galaxy-course
2020-12-08 12:49:58	hexylena	training-material
2020-12-08 12:06:45	hexylena	training-material
2020-12-08 11:53:33	hexylena	training-material
2020-12-08 09:14:07	galaxyproject	admin-training
2020-12-07 23:00:08	usegalaxy-eu	grafana-dashboards
2020-12-07 17:39:32	galaxyproject	training-material
2020-12-07 13:57:13	gallantries	gallantries.github.io
2020-12-07 13:46:38	galaxy-genome-annotation	python-chado
2020-12-07 12:33:41	galaxyproject	training-material
2020-12-07 11:49:14	hexylena	training-material
2020-12-07 09:56:03	usegalaxy-eu	infrastructure-playbook
2020-12-06 15:16:48	usegalaxy-eu	infrastructure
2020-12-06 14:35:42	usegalaxy-eu	infrastructure
2020-12-04 23:06:53	usegalaxy-eu	infrastructure
2020-12-04 19:07:04	usegalaxy-eu	infrastructure
2020-12-04 16:50:15	galaxyproject	training-material
2020-12-04 16:27:22	usegalaxy-eu	infrastructure-playbook
2020-12-04 16:26:39	usegalaxy-eu	infrastructure-playbook
2020-12-04 16:25:30	usegalaxy-eu	hosting
2020-12-04 16:24:55	usegalaxy-eu	hosting
2020-12-04 15:33:37	usegalaxy-eu	infrastructure-playbook
2020-12-04 15:08:51	usegalaxy-eu	infrastructure
2020-12-04 14:59:27	usegalaxy-eu	infrastructure
2020-12-04 14:53:02	usegalaxy-eu	infrastructure
2020-12-04 14:51:40	usegalaxy-eu	infrastructure
2020-12-04 14:49:40	usegalaxy-eu	infrastructure
2020-12-04 14:40:30	usegalaxy-eu	infrastructure
2020-12-04 14:37:39	usegalaxy-eu	hosting
2020-12-04 14:28:27	usegalaxy-eu	infrastructure
2020-12-04 14:22:17	usegalaxy-eu	infrastructure-playbook
2020-12-04 11:27:12	usegalaxy-eu	usegalaxy-eu-tools
2020-12-04 11:24:02	danielabutano	training-material
2020-12-04 11:20:19	danielabutano	training-material
2020-12-04 11:01:22	danielabutano	training-material
2020-12-04 10:55:46	danielabutano	training-material
2020-12-04 10:26:37	hexylena	training-material
2020-12-04 10:23:36	galaxyproject	training-material
2020-12-04 09:03:25	galaxyproject	training-material
2020-12-04 02:44:40	usegalaxy-eu	shared-data
2020-12-03 18:19:32	hexylena	argparse2tool
2020-12-03 14:58:33	galaxyproject	training-material
2020-12-03 13:54:11	hexylena	training-material
2020-12-03 13:48:29	hexylena	training-material
2020-12-03 13:33:07	hexylena	training-material
2020-12-03 13:30:45	hexylena	training-material
2020-12-03 13:27:38	hexylena	training-material
2020-12-03 13:24:48	galaxyproject	tools-iuc
2020-12-03 13:17:54	hexylena	training-material
2020-12-03 12:51:41	hexylena	training-material
2020-12-03 10:46:33	usegalaxy-eu	usegalaxy-eu-tools
2020-12-02 23:14:54	usegalaxy-eu	infrastructure
2020-12-02 22:40:10	usegalaxy-eu	infrastructure
2020-12-02 22:37:40	usegalaxy-eu	infrastructure
2020-12-02 17:41:09	galaxyproject	training-material
2020-12-02 11:54:49	galaxyproject	training-material
2020-12-02 11:53:35	hexylena	docker-rstudio-notebook
2020-12-02 11:52:48	hexylena	docker-rstudio-notebook
2020-12-02 10:41:05	usegalaxy-eu	infrastructure
2020-12-01 11:51:15	galaxyproject	training-material
2020-12-01 11:45:31	galaxyproject	training-material
2020-12-01 11:29:46	galaxyproject	training-material
2020-12-01 11:28:39	galaxyproject	galaxy-hub
2020-12-01 11:26:26	galaxyproject	training-material
2020-12-01 11:07:30	galaxyproject	training-material
2020-12-01 11:05:58	hexylena	training-material
2020-12-01 11:04:12	hexylena	training-material
2020-12-01 10:32:44	hexylena	training-material
2020-12-01 10:31:45	galaxyproject	training-material
2020-12-01 10:31:26	hexylena	training-material
2020-12-01 10:02:07	AnnaSyme	training-material
2020-12-01 10:00:30	AnnaSyme	training-material
2020-12-01 09:44:14	AnnaSyme	training-material
2020-11-30 14:55:41	hexylena	training-material
2020-11-30 14:30:26	hexylena	training-material
2020-11-30 13:51:08	galaxyproject	galaxy-hub
2020-11-30 13:36:51	hexylena	argparse2tool
2020-11-30 13:36:43	bernt-matthias	argparse2tool
2020-11-30 13:36:33	hexylena	argparse2tool
2020-11-30 13:22:46	galaxyproject	admin-training
2020-11-30 13:19:57	galaxyproject	galaxy-hub
2020-11-30 10:33:09	galaxyproject	galaxy-hub
2020-11-30 10:26:07	galaxyproject	galaxy-hub
2020-11-28 14:22:27	usegalaxy-eu	usegalaxy-eu-tools
2020-11-27 12:02:52	galaxyproject	training-material
2020-11-27 11:56:44	abretaud	training-material
2020-11-27 11:55:37	abretaud	training-material
2020-11-26 16:15:27	usegalaxy-eu	ansible-gie-proxy
2020-11-26 15:17:13	hexylena	training-material
2020-11-26 13:58:00	hexylena	training-material
2020-11-26 13:56:43	hexylena	training-material
2020-11-26 13:43:02	hexylena	training-material
2020-11-26 13:41:00	hexylena	training-material
2020-11-26 13:40:23	hexylena	training-material
2020-11-26 13:38:32	hexylena	training-material
2020-11-26 13:36:34	hexylena	training-material
2020-11-26 13:28:11	hexylena	training-material
2020-11-26 13:26:09	hexylena	training-material
2020-11-26 13:18:05	hexylena	training-material
2020-11-26 13:14:37	hexylena	training-material
2020-11-26 12:48:12	hexylena	training-material
2020-11-26 12:45:46	hexylena	training-material
2020-11-26 12:40:21	hexylena	training-material
2020-11-26 12:30:44	hexylena	training-material
2020-11-26 12:14:49	hexylena	training-material
2020-11-26 12:04:56	hexylena	training-material
2020-11-26 12:02:36	hexylena	training-material
2020-11-26 11:56:26	hexylena	training-material
2020-11-26 11:47:07	hexylena	training-material
2020-11-26 11:19:48	hexylena	training-material
2020-11-26 11:05:22	hexylena	training-material
2020-11-26 10:29:12	hexylena	training-material
2020-11-26 10:13:56	hexylena	training-material
2020-11-25 21:33:52	usegalaxy-eu	shared-data
2020-11-25 19:18:27	hexylena	training-material
2020-11-25 18:56:43	hexylena	training-material
2020-11-25 18:51:57	hexylena	training-material
2020-11-25 18:41:41	hexylena	training-material
2020-11-25 18:30:00	hexylena	training-material
2020-11-25 18:18:51	hexylena	training-material
2020-11-25 18:12:35	hexylena	training-material
2020-11-25 17:41:05	hexylena	training-material
2020-11-25 17:25:16	hexylena	training-material
2020-11-25 17:18:31	hexylena	training-material
2020-11-25 17:10:43	hexylena	training-material
2020-11-25 16:58:31	hexylena	training-material
2020-11-25 16:53:08	hexylena	training-material
2020-11-25 16:42:22	hexylena	training-material
2020-11-25 16:27:38	hexylena	training-material
2020-11-25 16:25:11	hexylena	training-material
2020-11-25 15:06:29	usegalaxy-eu	infrastructure
2020-11-25 14:28:38	hexylena	training-material
2020-11-25 14:22:08	hexylena	training-material
2020-11-25 11:10:38	usegalaxy-eu	infrastructure
2020-11-25 11:08:13	usegalaxy-eu	infrastructure
2020-11-25 11:01:37	usegalaxy-eu	infrastructure
2020-11-25 10:23:56	hexylena	training-material
2020-11-24 19:06:28	usegalaxy-eu	infrastructure
2020-11-24 18:50:35	usegalaxy-eu	infrastructure
2020-11-24 18:45:11	usegalaxy-eu	infrastructure
2020-11-24 18:44:02	usegalaxy-eu	infrastructure
2020-11-24 18:41:23	usegalaxy-eu	infrastructure
2020-11-24 18:37:33	usegalaxy-eu	infrastructure
2020-11-24 18:07:23	usegalaxy-eu	infrastructure
2020-11-24 17:58:45	usegalaxy-eu	infrastructure
2020-11-24 17:54:44	usegalaxy-eu	infrastructure
2020-11-24 17:51:09	usegalaxy-eu	infrastructure
2020-11-24 17:47:58	usegalaxy-eu	infrastructure
2020-11-24 17:45:24	usegalaxy-eu	infrastructure
2020-11-24 17:39:35	usegalaxy-eu	infrastructure
2020-11-24 17:35:15	usegalaxy-eu	infrastructure
2020-11-24 17:32:48	usegalaxy-eu	infrastructure
2020-11-24 13:54:05	hexylena	training-material
2020-11-24 12:41:29	hexylena	training-material
2020-11-24 12:34:41	usegalaxy-eu	infrastructure
2020-11-24 11:39:36	usegalaxy-eu	infrastructure
2020-11-24 11:36:56	usegalaxy-eu	infrastructure
2020-11-24 11:08:45	usegalaxy-eu	infrastructure
2020-11-24 11:07:33	usegalaxy-eu	infrastructure
2020-11-24 10:18:58	usegalaxy-eu	ansible-tiaas2
2020-11-23 19:06:19	usegalaxy-eu	infrastructure
2020-11-23 16:21:33	abretaud	training-material
2020-11-23 15:08:08	usegalaxy-eu	infrastructure
2020-11-23 14:25:27	galaxyproject	training-material
2020-11-23 10:33:39	galaxyproject	galaxy-hub
2020-11-21 12:54:48	usegalaxy-eu	usegalaxy-eu-tools
2020-11-20 11:55:56	galaxyproject	training-material
2020-11-20 10:40:16	galaxyproject	training-material
2020-11-20 02:44:43	usegalaxy-eu	shared-data
2020-11-19 18:14:13	galaxy-genome-annotation	galaxy-tools
2020-11-19 18:12:31	usegalaxy-eu	infrastructure-playbook
2020-11-19 15:58:15	galaxyproject	admin-training
2020-11-19 08:11:25	usegalaxy-eu	ansible-tiaas2
2020-11-19 08:08:17	galaxyproject	training-material
2020-11-19 08:07:25	galaxyproject	training-material
2020-11-19 08:04:28	galaxyproject	galaxy-hub
2020-11-19 08:02:37	usegalaxy-eu	ansible-tiaas2
2020-11-18 15:06:39	usegalaxy-eu	infrastructure
2020-11-18 13:01:56	galaxyproject	admin-training
2020-11-18 12:39:52	gallantries	gallantries.github.io
2020-11-18 12:18:40	usegalaxy-eu	infrastructure
2020-11-18 12:07:30	usegalaxy-eu	infrastructure
2020-11-18 11:06:22	usegalaxy-eu	infrastructure
2020-11-18 10:47:23	usegalaxy-eu	infrastructure
2020-11-18 10:36:58	usegalaxy-eu	infrastructure
2020-11-18 09:39:52	AnnaSyme	training-material
2020-11-18 09:24:52	galaxyproject	training-material
2020-11-18 09:24:10	galaxy-genome-annotation	python-chado
2020-11-18 09:21:57	usegalaxy-eu	infrastructure
2020-11-18 09:18:14	usegalaxy-eu	infrastructure
2020-11-18 09:10:55	usegalaxy-eu	infrastructure
2020-11-17 08:31:44	usegalaxy-eu	gxadmin
2020-11-16 19:05:51	usegalaxy-eu	infrastructure
2020-11-16 15:05:42	usegalaxy-eu	infrastructure
2020-11-16 13:59:21	usegalaxy-eu	infrastructure
2020-11-16 11:05:33	usegalaxy-eu	infrastructure
2020-11-16 10:01:49	usegalaxy-eu	infrastructure
2020-11-16 07:46:59	usegalaxy-eu	infrastructure
2020-11-16 07:05:33	usegalaxy-eu	infrastructure
2020-11-16 03:06:37	usegalaxy-eu	infrastructure
2020-11-15 23:05:31	usegalaxy-eu	infrastructure
2020-11-15 19:05:33	usegalaxy-eu	infrastructure
2020-11-15 15:22:18	galaxyproject	training-material
2020-11-15 15:05:39	usegalaxy-eu	infrastructure
2020-11-15 11:05:34	usegalaxy-eu	infrastructure
2020-11-15 07:05:42	usegalaxy-eu	infrastructure
2020-11-15 03:05:49	usegalaxy-eu	infrastructure
2020-11-14 23:05:32	usegalaxy-eu	infrastructure
2020-11-14 19:05:52	usegalaxy-eu	infrastructure
2020-11-14 15:05:29	usegalaxy-eu	infrastructure
2020-11-14 11:05:30	usegalaxy-eu	infrastructure
2020-11-14 07:05:46	usegalaxy-eu	infrastructure
2020-11-14 03:05:25	usegalaxy-eu	infrastructure
2020-11-14 02:29:58	usegalaxy-eu	usegalaxy-eu-tools
2020-11-13 19:05:28	usegalaxy-eu	infrastructure
2020-11-13 15:05:54	usegalaxy-eu	infrastructure
2020-11-13 11:25:58	galaxyproject	admin-training
2020-11-13 11:05:29	usegalaxy-eu	infrastructure
2020-11-13 11:04:16	usegalaxy-eu	tiaas2
2020-11-13 07:05:24	usegalaxy-eu	infrastructure
2020-11-13 03:05:31	usegalaxy-eu	infrastructure
2020-11-12 23:05:33	usegalaxy-eu	infrastructure
2020-11-12 19:05:25	usegalaxy-eu	infrastructure
2020-11-12 15:05:45	usegalaxy-eu	infrastructure
2020-11-12 12:30:56	usegalaxy-eu	infrastructure-playbook
2020-11-12 11:47:41	usegalaxy-eu	infrastructure-playbook
2020-11-12 11:05:36	usegalaxy-eu	infrastructure
2020-11-12 10:21:15	usegalaxy-eu	infrastructure-playbook
2020-11-12 09:44:27	usegalaxy-eu	infrastructure-playbook
2020-11-12 09:39:23	usegalaxy-eu	galaxy
2020-11-12 07:05:38	usegalaxy-eu	infrastructure
2020-11-12 03:08:14	usegalaxy-eu	infrastructure
2020-11-12 03:06:51	usegalaxy-eu	infrastructure
2020-11-11 19:52:40	usegalaxy-eu	tiaas2
2020-11-11 19:47:56	usegalaxy-eu	tiaas2
2020-11-11 15:05:34	usegalaxy-eu	infrastructure
2020-11-11 11:05:50	usegalaxy-eu	infrastructure
2020-11-11 07:05:50	usegalaxy-eu	infrastructure
2020-11-11 03:05:46	usegalaxy-eu	infrastructure
2020-11-10 23:05:32	usegalaxy-eu	infrastructure
2020-11-10 19:05:37	usegalaxy-eu	infrastructure
2020-11-10 15:05:31	usegalaxy-eu	infrastructure
2020-11-10 11:05:28	usegalaxy-eu	infrastructure
2020-11-10 08:16:37	galaxyproject	galaxy-hub
2020-11-10 07:05:29	usegalaxy-eu	infrastructure
2020-11-10 03:05:34	usegalaxy-eu	infrastructure
2020-11-09 23:05:31	usegalaxy-eu	infrastructure
2020-11-09 19:05:28	usegalaxy-eu	infrastructure
2020-11-09 16:06:47	galaxyproject	admin-training
2020-11-09 15:05:48	usegalaxy-eu	infrastructure
2020-11-09 13:48:04	elixir-luxembourg	BH2020-galaxy-dpmaps
2020-11-09 11:05:33	usegalaxy-eu	infrastructure
2020-11-09 09:19:22	elixir-luxembourg	BH2020-galaxy-dpmaps
2020-11-09 09:13:29	elixir-luxembourg	BH2020-galaxy-dpmaps
2020-11-09 07:05:27	usegalaxy-eu	infrastructure
2020-11-09 03:05:28	usegalaxy-eu	infrastructure
2020-11-08 23:05:29	usegalaxy-eu	infrastructure
2020-11-08 19:05:24	usegalaxy-eu	infrastructure
2020-11-08 15:05:27	usegalaxy-eu	infrastructure
2020-11-08 11:05:48	usegalaxy-eu	infrastructure
2020-11-08 07:05:30	usegalaxy-eu	infrastructure
2020-11-08 03:05:59	usegalaxy-eu	infrastructure
2020-11-07 23:05:24	usegalaxy-eu	infrastructure
2020-11-07 19:05:30	usegalaxy-eu	infrastructure
2020-11-07 15:05:47	usegalaxy-eu	infrastructure
2020-11-07 11:05:28	usegalaxy-eu	infrastructure
2020-11-07 07:05:26	usegalaxy-eu	infrastructure
2020-11-07 03:05:35	usegalaxy-eu	infrastructure
2020-11-07 02:33:25	usegalaxy-eu	usegalaxy-eu-tools
2020-11-06 23:05:52	usegalaxy-eu	infrastructure
2020-11-06 23:00:09	usegalaxy-eu	grafana-dashboards
2020-11-06 19:05:36	usegalaxy-eu	infrastructure
2020-11-06 18:09:04	galaxyproject	galaxy-hub
2020-11-06 15:05:37	usegalaxy-eu	infrastructure
2020-11-06 11:05:34	usegalaxy-eu	infrastructure
2020-11-06 09:13:49	galaxy-genome-annotation	python-chado
2020-11-06 07:05:25	usegalaxy-eu	infrastructure
2020-11-06 03:05:31	usegalaxy-eu	infrastructure
2020-11-05 23:05:26	usegalaxy-eu	infrastructure
2020-11-05 23:00:09	usegalaxy-eu	grafana-dashboards
2020-11-05 19:05:29	usegalaxy-eu	infrastructure
2020-11-05 15:05:38	usegalaxy-eu	infrastructure
2020-11-05 14:50:00	usegalaxy-eu	infrastructure-playbook
2020-11-05 14:49:03	usegalaxy-eu	gxadmin
2020-11-05 14:45:26	usegalaxy-eu	gxadmin
2020-11-05 11:05:24	usegalaxy-eu	infrastructure
2020-11-05 10:16:29	usegalaxy-eu	tiaas2
2020-11-05 10:15:48	usegalaxy-eu	tiaas2
2020-11-05 10:15:09	usegalaxy-eu	tiaas2
2020-11-05 10:12:53	usegalaxy-eu	tiaas2
2020-11-05 10:05:29	usegalaxy-eu	tiaas2
2020-11-05 07:05:25	usegalaxy-eu	infrastructure
2020-11-05 03:05:37	usegalaxy-eu	infrastructure
2020-11-04 23:05:32	usegalaxy-eu	infrastructure
2020-11-04 19:05:27	usegalaxy-eu	infrastructure
2020-11-04 15:05:28	usegalaxy-eu	infrastructure
2020-11-04 12:54:13	hexylena	training-material
2020-11-04 12:53:08	hexylena	training-material
2020-11-04 12:16:15	galaxyproject	training-material
2020-11-04 12:16:03	shiltemann	training-material
2020-11-04 12:09:02	galaxyproject	training-material
2020-11-04 11:05:39	usegalaxy-eu	infrastructure
2020-11-04 07:05:27	usegalaxy-eu	infrastructure
2020-11-04 03:05:38	usegalaxy-eu	infrastructure
2020-11-03 23:05:34	usegalaxy-eu	infrastructure
2020-11-03 21:44:51	usegalaxy-eu	infrastructure
2020-11-03 21:30:09	usegalaxy-eu	infrastructure
2020-11-03 21:12:54	usegalaxy-eu	infrastructure
2020-11-03 21:10:13	usegalaxy-eu	infrastructure
2020-11-03 20:58:04	usegalaxy-eu	infrastructure
2020-11-03 20:52:59	usegalaxy-eu	infrastructure
2020-11-03 19:05:29	usegalaxy-eu	infrastructure
2020-11-03 15:06:34	usegalaxy-eu	infrastructure
2020-11-03 11:05:36	usegalaxy-eu	infrastructure
2020-11-03 07:05:31	usegalaxy-eu	infrastructure
2020-11-03 03:05:29	usegalaxy-eu	infrastructure
2020-11-02 23:05:25	usegalaxy-eu	infrastructure
2020-11-02 19:05:26	usegalaxy-eu	infrastructure
2020-11-02 15:05:26	usegalaxy-eu	infrastructure
2020-11-02 14:06:31	galaxyproject	tools-iuc
2020-11-02 14:05:12	galaxyproject	tools-iuc
2020-11-02 11:34:49	usegalaxy-eu	infrastructure
2020-11-02 08:27:18	galaxyproject	training-material
2020-11-02 08:26:17	usegalaxy-eu	gxadmin
2020-11-02 08:09:50	galaxyproject	galaxy-hub
2020-11-02 08:07:09	galaxyproject	galaxy-hub
2020-11-02 08:05:53	galaxyproject	admin-training
2020-11-02 03:21:30	usegalaxy-eu	infrastructure
2020-11-01 23:05:28	usegalaxy-eu	infrastructure
2020-11-01 19:05:25	usegalaxy-eu	infrastructure
2020-11-01 15:05:26	usegalaxy-eu	infrastructure
2020-11-01 11:05:30	usegalaxy-eu	infrastructure
2020-11-01 07:05:52	usegalaxy-eu	infrastructure
2020-11-01 03:05:30	usegalaxy-eu	infrastructure
2020-10-31 23:05:26	usegalaxy-eu	infrastructure
2020-10-31 19:31:12	usegalaxy-eu	usegalaxy-eu-tools
2020-10-31 19:05:30	usegalaxy-eu	infrastructure
2020-10-31 15:05:25	usegalaxy-eu	infrastructure
2020-10-31 11:05:33	usegalaxy-eu	infrastructure
2020-10-31 07:14:49	usegalaxy-eu	infrastructure
2020-10-31 03:05:24	usegalaxy-eu	infrastructure
2020-10-30 23:05:48	usegalaxy-eu	infrastructure
2020-10-30 19:05:32	usegalaxy-eu	infrastructure
2020-10-30 17:00:22	hexylena	galaxy
2020-10-30 16:57:52	hexylena	galaxy
2020-10-30 15:57:39	hexylena	galaxy
2020-10-30 15:50:18	hexylena	galaxy
2020-10-30 15:05:37	usegalaxy-eu	infrastructure
2020-10-30 14:19:03	usegalaxy-eu	gxadmin
2020-10-30 11:05:29	usegalaxy-eu	infrastructure
2020-10-30 10:31:08	hexylena	galaxy
2020-10-30 10:06:30	galaxyproject	tools-iuc
2020-10-30 10:04:18	galaxyproject	tools-iuc
2020-10-30 09:58:07	hexylena	galaxy
2020-10-30 07:59:25	galaxyproject	tools-devteam
2020-10-30 07:52:20	galaxyproject	training-material
2020-10-30 07:05:41	usegalaxy-eu	infrastructure
2020-10-30 03:05:45	usegalaxy-eu	infrastructure
2020-10-29 23:05:31	usegalaxy-eu	infrastructure
2020-10-29 19:05:41	usegalaxy-eu	infrastructure
2020-10-29 15:48:47	elixir-europe	BioHackathon-projects-2020
2020-10-29 15:05:35	usegalaxy-eu	infrastructure
2020-10-29 14:40:37	hexylena	training-material
2020-10-29 14:18:35	hexylena	training-material
2020-10-29 13:54:50	hexylena	fastqe
2020-10-29 11:05:34	usegalaxy-eu	infrastructure
2020-10-29 07:58:57	hexylena	training-material
2020-10-29 07:05:28	usegalaxy-eu	infrastructure
2020-10-29 03:05:32	usegalaxy-eu	infrastructure
2020-10-28 23:05:35	usegalaxy-eu	infrastructure
2020-10-28 19:53:04	galaxyproject	gx-it-proxy
2020-10-28 19:05:32	usegalaxy-eu	infrastructure
2020-10-28 18:20:21	hexylena	training-material
2020-10-28 15:05:35	usegalaxy-eu	infrastructure
2020-10-28 11:38:25	hexylena	training-material
2020-10-28 11:24:54	galaxyproject	admin-training
2020-10-28 11:24:04	galaxyproject	admin-training
2020-10-28 11:05:36	usegalaxy-eu	infrastructure
2020-10-28 07:05:44	usegalaxy-eu	infrastructure
2020-10-28 03:05:29	usegalaxy-eu	infrastructure
2020-10-27 23:05:39	usegalaxy-eu	infrastructure
2020-10-27 19:05:31	usegalaxy-eu	infrastructure
2020-10-27 15:05:34	usegalaxy-eu	infrastructure
2020-10-27 12:43:28	gallantries	gallantries.github.io
2020-10-27 12:32:09	gallantries	gallantries.github.io
2020-10-27 12:05:07	gallantries	gallantries.github.io
2020-10-27 11:26:24	usegalaxy-eu	infrastructure
2020-10-27 10:58:30	gallantries	gallantries.github.io
2020-10-27 10:50:04	gallantries	gallantries
2020-10-27 10:48:46	gallantries	gallantries
2020-10-27 10:48:41	gallantries	gallantries
2020-10-27 07:05:38	usegalaxy-eu	infrastructure
2020-10-27 03:05:41	usegalaxy-eu	infrastructure
2020-10-26 23:05:30	usegalaxy-eu	infrastructure
2020-10-26 19:05:34	usegalaxy-eu	infrastructure
2020-10-26 15:05:40	usegalaxy-eu	infrastructure
2020-10-26 11:47:06	galaxy-carpentries	gallantries
2020-10-26 11:05:33	usegalaxy-eu	infrastructure
2020-10-26 09:15:50	usegalaxy-eu	gxadmin
2020-10-26 09:03:24	usegalaxy-eu	gxadmin
2020-10-26 08:24:08	galaxyproject	ansible-galaxy
2020-10-26 07:05:34	usegalaxy-eu	infrastructure
2020-10-26 03:05:37	usegalaxy-eu	infrastructure
2020-10-25 23:06:11	usegalaxy-eu	infrastructure
2020-10-25 19:05:29	usegalaxy-eu	infrastructure
2020-10-25 18:38:55	hexylena	wap
2020-10-25 15:05:31	usegalaxy-eu	infrastructure
2020-10-25 11:05:32	usegalaxy-eu	infrastructure
2020-10-25 07:05:30	usegalaxy-eu	infrastructure
2020-10-25 03:05:27	usegalaxy-eu	infrastructure
2020-10-24 22:05:30	usegalaxy-eu	infrastructure
2020-10-24 18:05:40	usegalaxy-eu	infrastructure
2020-10-24 14:05:30	usegalaxy-eu	infrastructure
2020-10-24 12:00:14	usegalaxy-eu	usegalaxy-eu-tools
2020-10-24 10:05:37	usegalaxy-eu	infrastructure
2020-10-24 06:05:37	usegalaxy-eu	infrastructure
2020-10-24 02:05:35	usegalaxy-eu	infrastructure
2020-10-23 22:05:29	usegalaxy-eu	infrastructure
2020-10-23 18:05:29	usegalaxy-eu	infrastructure
2020-10-23 14:05:26	usegalaxy-eu	infrastructure
2020-10-23 10:05:32	usegalaxy-eu	infrastructure
2020-10-23 08:25:07	galaxyproject	training-material
2020-10-23 08:17:45	galaxyproject	training-material
2020-10-23 06:05:31	usegalaxy-eu	infrastructure
2020-10-23 02:05:41	usegalaxy-eu	infrastructure
2020-10-22 22:05:36	usegalaxy-eu	infrastructure
2020-10-22 18:05:45	usegalaxy-eu	infrastructure
2020-10-22 14:05:52	usegalaxy-eu	infrastructure
2020-10-22 10:05:49	usegalaxy-eu	infrastructure
2020-10-22 09:50:07	galaxyproject	training-material
2020-10-22 07:45:35	usegalaxy-eu	gxadmin
2020-10-22 07:44:36	simonbray	gxadmin
2020-10-22 06:05:31	usegalaxy-eu	infrastructure
2020-10-22 02:05:36	usegalaxy-eu	infrastructure
2020-10-21 22:05:48	usegalaxy-eu	infrastructure
2020-10-21 18:05:58	usegalaxy-eu	infrastructure
2020-10-21 14:05:39	usegalaxy-eu	infrastructure
2020-10-21 11:01:53	galaxyproject	training-material
2020-10-21 10:05:44	usegalaxy-eu	infrastructure
2020-10-21 06:05:38	usegalaxy-eu	infrastructure
2020-10-21 02:05:55	usegalaxy-eu	infrastructure
2020-10-20 22:05:46	usegalaxy-eu	infrastructure
2020-10-20 18:05:42	usegalaxy-eu	infrastructure
2020-10-20 14:05:40	usegalaxy-eu	infrastructure
2020-10-20 10:05:37	usegalaxy-eu	infrastructure
2020-10-20 08:51:27	usegalaxy-eu	gxadmin
2020-10-20 07:50:55	usegalaxy-eu	gxadmin
2020-10-20 06:51:59	usegalaxy-eu	infrastructure
2020-10-20 02:05:31	usegalaxy-eu	infrastructure
2020-10-19 22:05:42	usegalaxy-eu	infrastructure
2020-10-19 18:05:29	usegalaxy-eu	infrastructure
2020-10-19 14:05:32	usegalaxy-eu	infrastructure
2020-10-19 10:05:40	usegalaxy-eu	infrastructure
2020-10-19 06:05:45	usegalaxy-eu	infrastructure
2020-10-19 02:05:48	usegalaxy-eu	infrastructure
2020-10-18 22:05:49	usegalaxy-eu	infrastructure
2020-10-18 18:05:29	usegalaxy-eu	infrastructure
2020-10-18 14:05:42	usegalaxy-eu	infrastructure
2020-10-18 10:05:23	usegalaxy-eu	infrastructure
2020-10-18 06:05:28	usegalaxy-eu	infrastructure
2020-10-18 02:05:43	usegalaxy-eu	infrastructure
2020-10-17 22:05:30	usegalaxy-eu	infrastructure
2020-10-17 18:05:34	usegalaxy-eu	infrastructure
2020-10-17 14:05:39	usegalaxy-eu	infrastructure
2020-10-17 10:05:54	usegalaxy-eu	infrastructure
2020-10-17 06:05:31	usegalaxy-eu	infrastructure
2020-10-17 02:05:31	usegalaxy-eu	infrastructure
2020-10-17 01:28:56	usegalaxy-eu	usegalaxy-eu-tools
2020-10-16 22:05:42	usegalaxy-eu	infrastructure
2020-10-16 18:05:37	usegalaxy-eu	infrastructure
2020-10-16 14:05:45	usegalaxy-eu	infrastructure
2020-10-16 10:05:33	usegalaxy-eu	infrastructure
2020-10-16 09:22:33	galaxyproject	training-material
2020-10-16 06:05:49	usegalaxy-eu	infrastructure
2020-10-16 02:05:40	usegalaxy-eu	infrastructure
2020-10-16 01:44:49	usegalaxy-eu	shared-data
2020-10-15 22:05:41	usegalaxy-eu	infrastructure
2020-10-15 18:05:29	usegalaxy-eu	infrastructure
2020-10-15 14:05:26	usegalaxy-eu	infrastructure
2020-10-15 10:07:03	galaxyproject	training-material
2020-10-15 10:05:27	usegalaxy-eu	infrastructure
2020-10-15 10:01:22	hexylena	docker-rstudio-notebook
2020-10-15 09:12:54	hexylena	docker-rstudio-notebook
2020-10-15 06:05:41	usegalaxy-eu	infrastructure
2020-10-15 02:05:36	usegalaxy-eu	infrastructure
2020-10-14 22:05:58	usegalaxy-eu	infrastructure
2020-10-14 18:05:27	usegalaxy-eu	infrastructure
2020-10-14 17:02:17	hexylena	docker-rstudio-notebook
2020-10-14 16:56:14	usegalaxy-eu	shared-data
2020-10-14 16:53:18	hexylena	docker-rstudio-notebook
2020-10-14 10:05:55	usegalaxy-eu	infrastructure
2020-10-14 06:58:19	usegalaxy-eu	usegalaxy-eu-tools
2020-10-14 06:05:35	usegalaxy-eu	infrastructure
2020-10-14 02:11:48	usegalaxy-eu	infrastructure
2020-10-13 22:05:44	usegalaxy-eu	infrastructure
2020-10-13 20:09:54	usegalaxy-eu	infrastructure
2020-10-13 18:05:56	usegalaxy-eu	infrastructure
2020-10-13 16:15:10	usegalaxy-eu	infrastructure
2020-10-13 16:05:05	usegalaxy-eu	infrastructure
2020-10-13 15:21:00	usegalaxy-eu	infrastructure
2020-10-13 14:05:53	usegalaxy-eu	infrastructure
2020-10-13 13:20:10	hexylena	docker-rstudio-notebook
2020-10-13 11:41:30	hexylena	docker-rstudio-notebook
2020-10-13 11:37:35	hexylena	docker-rstudio-notebook
2020-10-13 10:28:30	usegalaxy-eu	gxadmin
2020-10-13 10:25:56	hexylena	docker-rstudio-notebook
2020-10-13 10:20:33	hexylena	docker-rstudio-notebook
2020-10-13 10:05:35	usegalaxy-eu	infrastructure
2020-10-13 09:50:45	usegalaxy-eu	shared-data
2020-10-13 09:47:38	usegalaxy-eu	shared-data
2020-10-13 09:36:22	usegalaxy-eu	shared-data
2020-10-13 09:16:25	nsoranzo	shared-data
2020-10-13 06:05:27	usegalaxy-eu	infrastructure
2020-10-13 02:05:24	usegalaxy-eu	infrastructure
2020-10-12 22:05:28	usegalaxy-eu	infrastructure
2020-10-12 18:05:32	usegalaxy-eu	infrastructure
2020-10-12 14:05:26	usegalaxy-eu	infrastructure
2020-10-12 10:05:37	usegalaxy-eu	infrastructure
2020-10-12 08:14:36	galaxyproject	training-material
2020-10-12 06:05:25	usegalaxy-eu	infrastructure
2020-10-12 02:05:33	usegalaxy-eu	infrastructure
2020-10-11 22:05:30	usegalaxy-eu	infrastructure
2020-10-11 18:05:31	usegalaxy-eu	infrastructure
2020-10-11 14:05:27	usegalaxy-eu	infrastructure
2020-10-11 10:05:27	usegalaxy-eu	infrastructure
2020-10-11 06:05:33	usegalaxy-eu	infrastructure
2020-10-11 02:05:30	usegalaxy-eu	infrastructure
2020-10-10 22:05:31	usegalaxy-eu	infrastructure
2020-10-10 18:05:50	usegalaxy-eu	infrastructure
2020-10-10 14:05:30	usegalaxy-eu	infrastructure
2020-10-10 11:09:22	usegalaxy-eu	usegalaxy-eu-tools
2020-10-10 10:05:32	usegalaxy-eu	infrastructure
2020-10-10 06:05:44	usegalaxy-eu	infrastructure
2020-10-10 02:05:23	usegalaxy-eu	infrastructure
2020-10-09 22:23:10	usegalaxy-eu	infrastructure
2020-10-09 18:10:19	usegalaxy-eu	infrastructure
2020-10-09 14:05:22	usegalaxy-eu	infrastructure
2020-10-09 10:05:25	usegalaxy-eu	infrastructure
2020-10-09 06:05:28	usegalaxy-eu	infrastructure
2020-10-09 02:05:34	usegalaxy-eu	infrastructure
2020-10-08 22:05:25	usegalaxy-eu	infrastructure
2020-10-08 18:05:34	usegalaxy-eu	infrastructure
2020-10-08 14:05:28	usegalaxy-eu	infrastructure
2020-10-08 10:05:55	usegalaxy-eu	infrastructure
2020-10-08 08:10:47	galaxyproject	galaxy
2020-10-08 06:05:28	usegalaxy-eu	infrastructure
2020-10-08 02:05:35	usegalaxy-eu	infrastructure
2020-10-07 22:05:40	usegalaxy-eu	infrastructure
2020-10-07 18:05:38	usegalaxy-eu	infrastructure
2020-10-07 14:09:42	usegalaxy-eu	infrastructure
2020-10-07 11:10:11	hexylena	training-material
2020-10-07 11:09:31	hexylena	training-material
2020-10-07 11:07:37	galaxyproject	training-material
2020-10-07 10:18:59	hexylena	training-material
2020-10-07 10:09:43	malloryfreeberg	training-material
2020-10-07 10:09:41	usegalaxy-eu	infrastructure
2020-10-07 06:05:29	usegalaxy-eu	infrastructure
2020-10-07 02:05:38	usegalaxy-eu	infrastructure
2020-10-06 22:22:12	usegalaxy-eu	infrastructure
2020-10-06 18:06:15	usegalaxy-eu	infrastructure
2020-10-06 14:05:43	usegalaxy-eu	infrastructure
2020-10-06 11:52:48	galaxy-carpentries	organisation
2020-10-06 10:05:50	usegalaxy-eu	infrastructure
2020-10-06 08:21:44	galaxyproject	training-material
2020-10-06 06:05:34	usegalaxy-eu	infrastructure
2020-10-06 02:05:29	usegalaxy-eu	infrastructure
2020-10-05 22:05:25	usegalaxy-eu	infrastructure
2020-10-05 22:00:10	usegalaxy-eu	grafana-dashboards
2020-10-05 18:05:27	usegalaxy-eu	infrastructure
2020-10-05 14:05:39	usegalaxy-eu	infrastructure
2020-10-05 13:27:24	galaxyproject	galaxy
2020-10-05 13:06:51	galaxyproject	galaxy
2020-10-05 10:05:44	usegalaxy-eu	infrastructure
2020-10-05 06:05:33	usegalaxy-eu	infrastructure
2020-10-05 02:05:27	usegalaxy-eu	infrastructure
2020-10-04 22:05:33	usegalaxy-eu	infrastructure
2020-10-04 18:05:23	usegalaxy-eu	infrastructure
2020-10-04 14:05:34	usegalaxy-eu	infrastructure
2020-10-04 10:05:39	usegalaxy-eu	infrastructure
2020-10-04 06:05:27	usegalaxy-eu	infrastructure
2020-10-04 02:05:30	usegalaxy-eu	infrastructure
2020-10-03 22:05:28	usegalaxy-eu	infrastructure
2020-10-03 18:05:38	usegalaxy-eu	infrastructure
2020-10-03 14:05:45	usegalaxy-eu	infrastructure
2020-10-03 10:05:23	usegalaxy-eu	infrastructure
2020-10-03 09:36:52	usegalaxy-eu	usegalaxy-eu-tools
2020-10-03 06:05:41	usegalaxy-eu	infrastructure
2020-10-03 02:05:33	usegalaxy-eu	infrastructure
2020-10-02 22:05:30	usegalaxy-eu	infrastructure
2020-10-02 18:05:26	usegalaxy-eu	infrastructure
2020-10-02 14:05:41	usegalaxy-eu	infrastructure
2020-10-02 10:05:54	usegalaxy-eu	infrastructure
2020-10-02 06:09:38	usegalaxy-eu	infrastructure
2020-10-02 02:05:31	usegalaxy-eu	infrastructure
2020-10-01 22:05:27	usegalaxy-eu	infrastructure
2020-10-01 18:05:43	usegalaxy-eu	infrastructure
2020-10-01 14:05:25	usegalaxy-eu	infrastructure
2020-10-01 10:05:29	usegalaxy-eu	infrastructure
2020-10-01 06:05:23	usegalaxy-eu	infrastructure
2020-10-01 02:05:32	usegalaxy-eu	infrastructure
2020-09-30 22:09:14	usegalaxy-eu	infrastructure
2020-09-30 18:05:32	usegalaxy-eu	infrastructure
2020-09-30 14:05:23	usegalaxy-eu	infrastructure
2020-09-30 10:07:17	usegalaxy-eu	infrastructure
2020-09-30 08:33:00	hexylena	dotfiles
2020-09-30 06:05:25	usegalaxy-eu	infrastructure
2020-09-30 02:05:30	usegalaxy-eu	infrastructure
2020-09-29 22:05:30	usegalaxy-eu	infrastructure
2020-09-29 18:05:26	usegalaxy-eu	infrastructure
2020-09-29 14:05:24	usegalaxy-eu	infrastructure
2020-09-29 10:05:43	usegalaxy-eu	infrastructure
2020-09-29 06:05:32	usegalaxy-eu	infrastructure
2020-09-29 02:05:29	usegalaxy-eu	infrastructure
2020-09-28 22:05:41	usegalaxy-eu	infrastructure
2020-09-28 18:05:33	usegalaxy-eu	infrastructure
2020-09-28 14:05:30	usegalaxy-eu	infrastructure
2020-09-28 10:05:28	usegalaxy-eu	infrastructure
2020-09-28 06:05:27	usegalaxy-eu	infrastructure
2020-09-28 02:05:31	usegalaxy-eu	infrastructure
2020-09-27 22:05:39	usegalaxy-eu	infrastructure
2020-09-27 18:05:31	usegalaxy-eu	infrastructure
2020-09-27 17:20:02	usegalaxy-eu	usegalaxy-eu-tools
2020-09-27 14:05:32	usegalaxy-eu	infrastructure
2020-09-27 10:05:24	usegalaxy-eu	infrastructure
2020-09-27 06:05:22	usegalaxy-eu	infrastructure
2020-09-27 02:05:48	usegalaxy-eu	infrastructure
2020-09-26 22:05:41	usegalaxy-eu	infrastructure
2020-09-26 18:05:28	usegalaxy-eu	infrastructure
2020-09-26 14:05:41	usegalaxy-eu	infrastructure
2020-09-26 10:05:26	usegalaxy-eu	infrastructure
2020-09-26 06:34:40	usegalaxy-eu	infrastructure
2020-09-26 02:25:33	usegalaxy-eu	usegalaxy-eu-tools
2020-09-26 02:09:39	usegalaxy-eu	infrastructure
2020-09-25 11:30:52	hexylena	training-material
2020-09-25 11:23:16	hexylena	training-material
2020-09-25 11:18:20	hexylena	training-material
2020-09-25 11:13:00	hexylena	infrastructure-playbook
2020-09-25 10:05:31	usegalaxy-eu	infrastructure
2020-09-25 06:05:27	usegalaxy-eu	infrastructure
2020-09-25 02:05:45	usegalaxy-eu	infrastructure
2020-09-24 22:05:26	usegalaxy-eu	infrastructure
2020-09-24 18:06:29	usegalaxy-eu	infrastructure
2020-09-24 16:37:44	hexylena	training-material
2020-09-24 16:36:01	hexylena	training-material
2020-09-23 14:05:21	usegalaxy-eu	infrastructure
2020-09-23 10:05:45	usegalaxy-eu	infrastructure
2020-09-23 09:27:51	galaxyproject	tools-iuc
2020-09-23 06:17:34	usegalaxy-eu	infrastructure
2020-09-23 02:05:29	usegalaxy-eu	infrastructure
2020-09-22 22:05:23	usegalaxy-eu	infrastructure
2020-09-22 18:05:25	usegalaxy-eu	infrastructure
2020-09-22 14:05:22	usegalaxy-eu	infrastructure
2020-09-22 10:10:10	hexylena	galaxy
2020-09-22 10:06:22	usegalaxy-eu	infrastructure
2020-09-22 10:06:12	hexylena	galaxy
2020-09-22 10:01:14	hexylena	galaxy
2020-09-22 09:59:44	hexylena	galaxy
2020-09-22 09:39:43	hexylena	galaxy
2020-09-22 06:05:24	usegalaxy-eu	infrastructure
2020-09-22 02:05:23	usegalaxy-eu	infrastructure
2020-09-21 22:05:25	usegalaxy-eu	infrastructure
2020-09-21 18:05:27	usegalaxy-eu	infrastructure
2020-09-21 14:05:36	usegalaxy-eu	infrastructure
2020-09-21 10:05:25	usegalaxy-eu	infrastructure
2020-09-21 06:05:36	usegalaxy-eu	infrastructure
2020-09-21 02:05:31	usegalaxy-eu	infrastructure
2020-09-20 22:05:37	usegalaxy-eu	infrastructure
2020-09-20 18:05:31	usegalaxy-eu	infrastructure
2020-09-20 14:05:43	usegalaxy-eu	infrastructure
2020-09-20 10:05:25	usegalaxy-eu	infrastructure
2020-09-20 06:05:21	usegalaxy-eu	infrastructure
2020-09-20 02:05:46	usegalaxy-eu	infrastructure
2020-09-19 22:05:40	usegalaxy-eu	infrastructure
2020-09-19 18:05:24	usegalaxy-eu	infrastructure
2020-09-19 17:10:05	hexylena	MultiScaleTruchet
2020-09-19 16:50:03	hexylena	CircosThreadTone
2020-09-19 16:47:26	hexylena	woordschaap
2020-09-19 14:05:38	usegalaxy-eu	infrastructure
2020-09-19 10:05:32	usegalaxy-eu	infrastructure
2020-09-19 06:05:25	usegalaxy-eu	infrastructure
2020-09-19 02:05:26	usegalaxy-eu	infrastructure
2020-09-18 22:05:39	usegalaxy-eu	infrastructure
2020-09-18 18:05:33	usegalaxy-eu	infrastructure
2020-09-18 14:05:43	usegalaxy-eu	infrastructure
2020-09-18 10:05:38	usegalaxy-eu	infrastructure
2020-09-18 06:05:21	usegalaxy-eu	infrastructure
2020-09-18 02:05:25	usegalaxy-eu	infrastructure
2020-09-17 22:05:25	usegalaxy-eu	infrastructure
2020-09-17 18:05:24	usegalaxy-eu	infrastructure
2020-09-17 14:05:37	usegalaxy-eu	infrastructure
2020-09-17 10:05:28	usegalaxy-eu	infrastructure
2020-09-17 06:05:30	usegalaxy-eu	infrastructure
2020-09-17 02:05:38	usegalaxy-eu	infrastructure
2020-09-16 22:05:31	usegalaxy-eu	infrastructure
2020-09-16 18:05:37	usegalaxy-eu	infrastructure
2020-09-16 14:05:43	usegalaxy-eu	infrastructure
2020-09-16 10:05:25	usegalaxy-eu	infrastructure
2020-09-16 10:00:41	hexylena	galaxy
2020-09-16 09:57:10	hexylena	galaxy
2020-09-16 09:53:52	hexylena	galaxy
2020-09-16 09:46:56	hexylena	galaxy
2020-09-16 09:45:55	hexylena	galaxy
2020-09-16 09:36:47	hexylena	galaxy
2020-09-16 09:16:22	usegalaxy-eu	gxadmin
2020-09-16 06:05:51	usegalaxy-eu	infrastructure
2020-09-16 02:05:22	usegalaxy-eu	infrastructure
2020-09-15 22:05:24	usegalaxy-eu	infrastructure
2020-09-15 18:05:26	usegalaxy-eu	infrastructure
2020-09-15 14:45:58	galaxyproject	training-material
2020-09-15 14:45:00	galaxyproject	training-material
2020-09-15 14:05:40	usegalaxy-eu	infrastructure
2020-09-15 10:05:28	usegalaxy-eu	infrastructure
2020-09-15 09:30:18	hexylena	hexylena.github.io
2020-09-15 09:30:15	erasche	erasche.github.io
2020-09-15 09:29:11	hexylena	hexylena.github.io
2020-09-15 09:29:07	erasche	erasche.github.io
2020-09-15 08:44:53	hexylena	hexylena.github.io
2020-09-15 08:44:49	erasche	erasche.github.io
2020-09-15 08:42:09	hexylena	hexylena.github.io
2020-09-15 08:42:04	erasche	erasche.github.io
2020-09-15 06:05:34	usegalaxy-eu	infrastructure
2020-09-15 02:05:25	usegalaxy-eu	infrastructure
2020-09-14 22:05:28	usegalaxy-eu	infrastructure
2020-09-14 20:11:49	usegalaxy-eu	usegalaxy-eu-tools
2020-09-14 18:55:40	usegalaxy-eu	usegalaxy-eu-tools
2020-09-14 18:05:38	usegalaxy-eu	infrastructure
2020-09-14 14:05:27	usegalaxy-eu	infrastructure
2020-09-14 10:05:29	usegalaxy-eu	infrastructure
2020-09-14 06:05:28	usegalaxy-eu	infrastructure
2020-09-14 02:05:31	usegalaxy-eu	infrastructure
2020-09-13 22:05:29	usegalaxy-eu	infrastructure
2020-09-13 18:05:23	usegalaxy-eu	infrastructure
2020-09-13 14:05:33	usegalaxy-eu	infrastructure
2020-09-13 10:05:44	usegalaxy-eu	infrastructure
2020-09-13 06:11:25	usegalaxy-eu	infrastructure
2020-09-13 02:05:31	usegalaxy-eu	infrastructure
2020-09-12 22:05:31	usegalaxy-eu	infrastructure
2020-09-12 18:05:35	usegalaxy-eu	infrastructure
2020-09-12 14:05:30	usegalaxy-eu	infrastructure
2020-09-12 11:42:02	usegalaxy-eu	usegalaxy-eu-tools
2020-09-12 10:05:22	usegalaxy-eu	infrastructure
2020-09-12 06:05:30	usegalaxy-eu	infrastructure
2020-09-12 02:05:45	usegalaxy-eu	infrastructure
2020-09-11 22:05:30	usegalaxy-eu	infrastructure
2020-09-11 18:05:36	usegalaxy-eu	infrastructure
2020-09-11 14:56:00	usegalaxy-eu	infrastructure
2020-09-11 14:38:23	usegalaxy-eu	infrastructure
2020-09-11 14:05:33	usegalaxy-eu	infrastructure
2020-09-11 10:05:42	usegalaxy-eu	infrastructure
2020-09-11 06:05:31	usegalaxy-eu	infrastructure
2020-09-11 02:05:31	usegalaxy-eu	infrastructure
2020-09-10 22:05:43	usegalaxy-eu	infrastructure
2020-09-10 18:05:48	usegalaxy-eu	infrastructure
2020-09-10 14:05:32	usegalaxy-eu	infrastructure
2020-09-10 10:05:35	usegalaxy-eu	infrastructure
2020-09-10 09:47:45	galaxyproject	ansible-cvmfs
2020-09-10 08:45:00	galaxyproject	gx-it-proxy
2020-09-10 06:05:25	usegalaxy-eu	infrastructure
2020-09-10 02:05:26	usegalaxy-eu	infrastructure
2020-09-09 22:05:34	usegalaxy-eu	infrastructure
2020-09-09 18:05:51	usegalaxy-eu	infrastructure
2020-09-09 14:11:23	hexylena	hexylena.github.io
2020-09-09 14:11:19	erasche	erasche.github.io
2020-09-09 14:05:25	usegalaxy-eu	infrastructure
2020-09-09 14:04:27	hexylena	hexylena.github.io
2020-09-09 14:04:14	erasche	erasche.github.io
2020-09-09 10:05:23	usegalaxy-eu	infrastructure
2020-09-09 09:13:57	galaxyproject	training-material
2020-09-09 08:40:52	galaxyproject	galaxy
2020-09-09 06:05:43	usegalaxy-eu	infrastructure
2020-09-09 02:05:31	usegalaxy-eu	infrastructure
2020-09-08 22:05:22	usegalaxy-eu	infrastructure
2020-09-08 18:05:41	usegalaxy-eu	infrastructure
2020-09-08 14:05:31	usegalaxy-eu	infrastructure
2020-09-08 12:54:12	galaxyproject	ansible-cvmfs
2020-09-08 12:53:53	galaxyproject	ansible-cvmfs
2020-09-08 10:05:35	usegalaxy-eu	infrastructure
2020-09-08 06:05:26	usegalaxy-eu	infrastructure
2020-09-08 02:05:31	usegalaxy-eu	infrastructure
2020-09-07 22:05:32	usegalaxy-eu	infrastructure
2020-09-07 18:05:43	usegalaxy-eu	infrastructure
2020-09-07 16:41:58	usegalaxy-eu	gxadmin
2020-09-07 16:37:54	usegalaxy-eu	gxadmin
2020-09-07 16:29:10	usegalaxy-eu	gxadmin
2020-09-07 16:22:23	usegalaxy-eu	gxadmin
2020-09-07 16:14:40	hexylena	wap
2020-09-07 16:12:28	hexylena	wap
2020-09-07 16:12:02	hexylena	wap
2020-09-07 15:57:51	hexylena	wap
2020-09-07 15:49:20	usegalaxy-eu	gxadmin
2020-09-07 15:42:54	usegalaxy-eu	gxadmin
2020-09-07 15:36:07	usegalaxy-eu	gxadmin
2020-09-07 15:32:13	usegalaxy-eu	gxadmin
2020-09-07 15:31:22	usegalaxy-eu	gxadmin
2020-09-07 14:30:53	hexylena	wap
2020-09-07 14:29:08	hexylena	wap
2020-09-07 14:05:30	usegalaxy-eu	infrastructure
2020-09-07 10:55:28	usegalaxy-eu	gxadmin
2020-09-07 10:53:28	usegalaxy-eu	gxadmin
2020-09-07 10:33:09	hexylena	training-material
2020-09-07 10:31:11	galaxyproject	training-material
2020-09-07 10:17:22	usegalaxy-eu	infrastructure
2020-09-07 06:05:41	usegalaxy-eu	infrastructure
2020-09-07 02:05:34	usegalaxy-eu	infrastructure
2020-09-06 22:05:33	usegalaxy-eu	infrastructure
2020-09-06 18:05:36	usegalaxy-eu	infrastructure
2020-09-06 14:05:31	usegalaxy-eu	infrastructure
2020-09-06 10:05:28	usegalaxy-eu	infrastructure
2020-09-06 06:05:25	usegalaxy-eu	infrastructure
2020-09-06 02:05:23	usegalaxy-eu	infrastructure
2020-09-05 22:05:44	usegalaxy-eu	infrastructure
2020-09-05 18:05:24	usegalaxy-eu	infrastructure
2020-09-05 14:05:29	usegalaxy-eu	infrastructure
2020-09-05 10:05:32	usegalaxy-eu	infrastructure
2020-09-05 06:05:28	usegalaxy-eu	infrastructure
2020-09-05 02:05:30	usegalaxy-eu	infrastructure
2020-09-05 01:26:09	usegalaxy-eu	usegalaxy-eu-tools
2020-09-04 22:05:34	usegalaxy-eu	infrastructure
2020-09-04 18:05:22	usegalaxy-eu	infrastructure
2020-09-04 14:05:29	usegalaxy-eu	infrastructure
2020-09-04 12:08:17	galaxyproject	training-material
2020-09-04 10:05:30	usegalaxy-eu	infrastructure
2020-09-04 09:36:57	usegalaxy-eu	gxadmin
2020-09-04 09:36:19	usegalaxy-eu	gxadmin
2020-09-04 09:33:14	usegalaxy-eu	gxadmin
2020-09-04 09:30:27	usegalaxy-eu	gxadmin
2020-09-04 06:05:28	usegalaxy-eu	infrastructure
2020-09-04 02:05:25	usegalaxy-eu	infrastructure
2020-09-03 22:05:26	usegalaxy-eu	infrastructure
2020-09-03 18:05:22	usegalaxy-eu	infrastructure
2020-09-03 14:49:48	usegalaxy-eu	gxadmin
2020-09-03 14:05:27	usegalaxy-eu	infrastructure
2020-09-03 10:05:46	usegalaxy-eu	infrastructure
2020-09-03 10:04:00	galaxyproject	training-material
2020-09-02 06:05:46	usegalaxy-eu	infrastructure
2020-09-02 02:05:28	usegalaxy-eu	infrastructure
2020-09-01 22:05:19	usegalaxy-eu	infrastructure
2020-09-01 18:05:43	usegalaxy-eu	infrastructure
2020-09-01 14:05:28	usegalaxy-eu	infrastructure
2020-09-01 10:05:24	usegalaxy-eu	infrastructure
2020-09-01 10:03:44	hexylena	galaxy
2020-09-01 09:45:02	usegalaxy-eu	gxadmin
2020-09-01 09:36:04	usegalaxy-eu	gxadmin
2020-09-01 09:26:01	usegalaxy-eu	gxadmin
2020-09-01 09:24:07	usegalaxy-eu	gxadmin
2020-09-01 09:15:58	usegalaxy-eu	gxadmin
2020-09-01 09:10:04	usegalaxy-eu	gxadmin
2020-09-01 09:08:44	usegalaxy-eu	gxadmin
2020-09-01 06:05:27	usegalaxy-eu	infrastructure
2020-09-01 02:05:28	usegalaxy-eu	infrastructure
2020-08-31 22:05:49	usegalaxy-eu	infrastructure
2020-08-31 18:05:28	usegalaxy-eu	infrastructure
2020-08-31 14:05:24	usegalaxy-eu	infrastructure
2020-08-31 11:16:29	hexylena	galaxyxml
2020-08-31 11:14:53	hexylena	galaxyxml
2020-08-31 10:05:23	usegalaxy-eu	infrastructure
2020-08-31 06:05:22	usegalaxy-eu	infrastructure
2020-08-31 02:05:31	usegalaxy-eu	infrastructure
2020-08-30 22:05:23	usegalaxy-eu	infrastructure
2020-08-30 18:05:26	usegalaxy-eu	infrastructure
2020-08-30 14:05:30	usegalaxy-eu	infrastructure
2020-08-30 10:05:37	usegalaxy-eu	infrastructure
2020-08-30 06:05:26	usegalaxy-eu	infrastructure
2020-08-30 02:05:22	usegalaxy-eu	infrastructure
2020-08-29 22:05:30	usegalaxy-eu	infrastructure
2020-08-29 18:05:35	usegalaxy-eu	infrastructure
2020-08-29 14:05:49	usegalaxy-eu	infrastructure
2020-08-29 10:05:46	usegalaxy-eu	infrastructure
2020-08-29 06:05:23	usegalaxy-eu	infrastructure
2020-08-29 02:05:21	usegalaxy-eu	infrastructure
2020-08-29 01:28:20	usegalaxy-eu	usegalaxy-eu-tools
2020-08-28 22:05:23	usegalaxy-eu	infrastructure
2020-08-28 18:06:15	usegalaxy-eu	infrastructure
2020-08-28 14:05:44	usegalaxy-eu	infrastructure
2020-08-28 10:05:24	usegalaxy-eu	infrastructure
2020-08-28 06:05:22	usegalaxy-eu	infrastructure
2020-08-28 02:05:22	usegalaxy-eu	infrastructure
2020-08-27 22:05:20	usegalaxy-eu	infrastructure
2020-08-27 18:05:20	usegalaxy-eu	infrastructure
2020-08-27 14:05:30	usegalaxy-eu	infrastructure
2020-08-27 10:05:25	usegalaxy-eu	infrastructure
2020-08-27 06:05:32	usegalaxy-eu	infrastructure
2020-08-27 02:05:23	usegalaxy-eu	infrastructure
2020-08-26 22:05:23	usegalaxy-eu	infrastructure
2020-08-26 18:05:31	usegalaxy-eu	infrastructure
2020-08-26 16:02:25	usegalaxy-eu	infrastructure
2020-08-26 14:05:22	usegalaxy-eu	infrastructure
2020-08-26 10:05:24	usegalaxy-eu	infrastructure
2020-08-26 06:05:39	usegalaxy-eu	infrastructure
2020-08-26 02:05:22	usegalaxy-eu	infrastructure
2020-08-25 22:05:27	usegalaxy-eu	infrastructure
2020-08-25 18:05:26	usegalaxy-eu	infrastructure
2020-08-25 14:05:43	usegalaxy-eu	infrastructure
2020-08-25 10:05:25	usegalaxy-eu	infrastructure
2020-08-25 06:05:23	usegalaxy-eu	infrastructure
2020-08-25 02:05:24	usegalaxy-eu	infrastructure
2020-08-24 22:05:23	usegalaxy-eu	infrastructure
2020-08-24 18:05:43	usegalaxy-eu	infrastructure
2020-08-24 14:05:25	usegalaxy-eu	infrastructure
2020-08-24 10:05:32	usegalaxy-eu	infrastructure
2020-08-24 06:05:21	usegalaxy-eu	infrastructure
2020-08-24 02:05:35	usegalaxy-eu	infrastructure
2020-08-23 22:05:31	usegalaxy-eu	infrastructure
2020-08-23 18:05:23	usegalaxy-eu	infrastructure
2020-08-21 06:05:23	usegalaxy-eu	infrastructure
2020-08-21 02:05:26	usegalaxy-eu	infrastructure
2020-08-20 22:05:39	usegalaxy-eu	infrastructure
2020-08-20 18:05:41	usegalaxy-eu	infrastructure
2020-08-20 14:05:28	usegalaxy-eu	infrastructure
2020-08-20 10:05:43	usegalaxy-eu	infrastructure
2020-08-20 06:05:29	usegalaxy-eu	infrastructure
2020-08-20 02:05:31	usegalaxy-eu	infrastructure
2020-08-19 22:05:31	usegalaxy-eu	infrastructure
2020-08-19 18:05:34	usegalaxy-eu	infrastructure
2020-08-19 14:11:36	usegalaxy-eu	infrastructure
2020-08-19 10:05:25	usegalaxy-eu	infrastructure
2020-08-19 06:05:32	usegalaxy-eu	infrastructure
2020-08-19 02:05:28	usegalaxy-eu	infrastructure
2020-08-18 22:05:38	usegalaxy-eu	infrastructure
2020-08-18 18:05:30	usegalaxy-eu	infrastructure
2020-08-18 14:05:25	usegalaxy-eu	infrastructure
2020-08-18 10:05:27	usegalaxy-eu	infrastructure
2020-08-18 06:05:28	usegalaxy-eu	infrastructure
2020-08-18 02:05:30	usegalaxy-eu	infrastructure
2020-08-17 22:05:32	usegalaxy-eu	infrastructure
2020-08-17 18:05:30	usegalaxy-eu	infrastructure
2020-08-17 17:10:44	shiltemann	recipes
2020-08-17 14:05:25	usegalaxy-eu	infrastructure
2020-08-17 10:05:28	usegalaxy-eu	infrastructure
2020-08-17 06:05:20	usegalaxy-eu	infrastructure
2020-08-17 02:05:32	usegalaxy-eu	infrastructure
2020-08-16 22:05:47	usegalaxy-eu	infrastructure
2020-08-16 18:05:25	usegalaxy-eu	infrastructure
2020-08-16 14:05:31	usegalaxy-eu	infrastructure
2020-08-16 10:05:30	usegalaxy-eu	infrastructure
2020-08-16 06:05:22	usegalaxy-eu	infrastructure
2020-08-16 02:05:29	usegalaxy-eu	infrastructure
2020-08-15 22:05:27	usegalaxy-eu	infrastructure
2020-08-15 18:05:26	usegalaxy-eu	infrastructure
2020-08-15 14:05:38	usegalaxy-eu	infrastructure
2020-08-15 10:05:22	usegalaxy-eu	infrastructure
2020-08-15 08:41:59	usegalaxy-eu	usegalaxy-eu-tools
2020-08-15 06:15:45	usegalaxy-eu	infrastructure
2020-08-15 02:05:25	usegalaxy-eu	infrastructure
2020-08-14 22:05:40	usegalaxy-eu	infrastructure
2020-08-14 18:05:23	usegalaxy-eu	infrastructure
2020-08-14 14:05:45	usegalaxy-eu	infrastructure
2020-08-14 10:05:23	usegalaxy-eu	infrastructure
2020-08-14 06:05:46	usegalaxy-eu	infrastructure
2020-08-14 02:05:43	usegalaxy-eu	infrastructure
2020-08-13 22:05:35	usegalaxy-eu	infrastructure
2020-08-13 18:05:24	usegalaxy-eu	infrastructure
2020-08-13 14:05:28	usegalaxy-eu	infrastructure
2020-08-13 10:05:28	usegalaxy-eu	infrastructure
2020-08-13 06:05:26	usegalaxy-eu	infrastructure
2020-08-13 02:05:23	usegalaxy-eu	infrastructure
2020-08-12 22:05:51	usegalaxy-eu	infrastructure
2020-08-12 18:05:29	usegalaxy-eu	infrastructure
2020-08-12 14:05:32	usegalaxy-eu	infrastructure
2020-08-12 10:05:32	usegalaxy-eu	infrastructure
2020-08-12 07:11:38	hexylena	galaxyxml
2020-08-12 07:09:56	hexylena	galaxyxml
2020-08-12 06:05:40	usegalaxy-eu	infrastructure
2020-08-12 02:05:24	usegalaxy-eu	infrastructure
2020-08-11 22:05:36	usegalaxy-eu	infrastructure
2020-08-11 18:05:25	usegalaxy-eu	infrastructure
2020-08-11 14:52:33	hexylena	argparse2tool
2020-08-11 14:50:44	hexylena	galaxyxml
2020-08-11 14:42:47	hexylena	galaxyxml
2020-08-11 14:05:36	usegalaxy-eu	infrastructure
2020-08-11 10:05:23	usegalaxy-eu	infrastructure
2020-08-11 06:05:27	usegalaxy-eu	infrastructure
2020-08-11 02:05:21	usegalaxy-eu	infrastructure
2020-08-10 22:05:25	usegalaxy-eu	infrastructure
2020-08-10 18:05:26	usegalaxy-eu	infrastructure
2020-08-10 14:05:21	usegalaxy-eu	infrastructure
2020-08-10 10:05:41	usegalaxy-eu	infrastructure
2020-08-10 06:05:25	usegalaxy-eu	infrastructure
2020-08-10 02:05:32	usegalaxy-eu	infrastructure
2020-08-09 22:05:23	usegalaxy-eu	infrastructure
2020-08-09 18:05:25	usegalaxy-eu	infrastructure
2020-08-09 14:05:30	usegalaxy-eu	infrastructure
2020-08-09 10:05:25	usegalaxy-eu	infrastructure
2020-08-09 06:05:30	usegalaxy-eu	infrastructure
2020-08-09 02:05:21	usegalaxy-eu	infrastructure
2020-08-08 22:05:25	usegalaxy-eu	infrastructure
2020-08-08 18:05:26	usegalaxy-eu	infrastructure
2020-08-08 14:05:20	usegalaxy-eu	infrastructure
2020-08-08 10:05:26	usegalaxy-eu	infrastructure
2020-08-08 06:05:48	usegalaxy-eu	infrastructure
2020-08-08 02:05:23	usegalaxy-eu	infrastructure
2020-08-08 01:38:18	usegalaxy-eu	usegalaxy-eu-tools
2020-08-07 22:05:25	usegalaxy-eu	infrastructure
2020-08-07 18:05:23	usegalaxy-eu	infrastructure
2020-08-07 14:05:22	usegalaxy-eu	infrastructure
2020-08-07 10:05:35	usegalaxy-eu	infrastructure
2020-08-07 06:05:25	usegalaxy-eu	infrastructure
2020-08-07 02:05:27	usegalaxy-eu	infrastructure
2020-08-07 01:44:40	usegalaxy-eu	shared-data
2020-08-06 22:05:42	usegalaxy-eu	infrastructure
2020-08-06 18:05:40	usegalaxy-eu	infrastructure
2020-08-06 16:10:18	hexylena	dotfiles
2020-08-06 14:05:44	usegalaxy-eu	infrastructure
2020-08-06 10:37:52	usegalaxy-eu	gxadmin
2020-08-06 10:05:26	usegalaxy-eu	infrastructure
2020-08-06 08:50:54	usegalaxy-eu	gxadmin
2020-08-06 06:05:19	usegalaxy-eu	infrastructure
2020-08-06 02:05:33	usegalaxy-eu	infrastructure
2020-08-05 22:05:30	usegalaxy-eu	infrastructure
2020-08-05 18:05:33	usegalaxy-eu	infrastructure
2020-08-05 14:05:32	usegalaxy-eu	infrastructure
2020-08-05 10:05:38	usegalaxy-eu	infrastructure
2020-08-05 06:19:07	usegalaxy-eu	infrastructure
2020-08-05 02:05:38	usegalaxy-eu	infrastructure
2020-08-04 22:05:27	usegalaxy-eu	infrastructure
2020-08-04 21:25:07	usegalaxy-eu	infrastructure
2020-08-04 21:23:43	usegalaxy-eu	infrastructure
2020-08-04 14:26:07	hexylena	training-material
2020-08-04 14:23:24	usegalaxy-eu	gxadmin
2020-08-03 09:15:33	usegalaxy-eu	infrastructure-playbook
2020-08-03 06:05:22	usegalaxy-eu	infrastructure
2020-08-03 02:05:31	usegalaxy-eu	infrastructure
2020-08-02 22:05:30	usegalaxy-eu	infrastructure
2020-08-02 18:05:31	usegalaxy-eu	infrastructure
2020-08-02 14:05:28	usegalaxy-eu	infrastructure
2020-08-02 10:21:46	usegalaxy-eu	infrastructure
2020-08-01 01:49:17	usegalaxy-eu	usegalaxy-eu-tools
2020-07-31 09:01:23	hexylena	galaxy_tools
2020-07-31 08:50:35	hexylena	galaxy
2020-07-31 07:53:13	hexylena	galaxy_tools
2020-07-31 06:39:40	hexylena	galaxy
2020-07-30 14:30:09	GMOD	jbrowse-registry
2020-07-30 14:28:10	hexylena	galaxy
2020-07-30 14:05:35	usegalaxy-eu	infrastructure
2020-07-30 10:05:44	usegalaxy-eu	infrastructure
2020-07-30 08:34:40	hexylena	galaxyxml
2020-07-30 08:21:02	hexylena	galaxyxml
2020-07-30 08:20:27	fubar2	galaxyxml
2020-07-30 06:05:46	usegalaxy-eu	infrastructure
2020-07-30 02:07:33	usegalaxy-eu	infrastructure
2020-07-29 22:05:32	usegalaxy-eu	infrastructure
2020-07-29 19:01:10	shiltemann	recipes
2020-07-29 18:05:27	usegalaxy-eu	infrastructure
2020-07-29 16:54:40	galaxyproject	training-material
2020-07-29 15:08:17	hexylena	training-material
2020-07-29 14:07:46	usegalaxy-eu	infrastructure
2020-07-29 13:26:46	galaxyproject	tools-iuc
2020-07-29 12:42:15	galaxyproject	training-material
2020-07-29 10:05:38	usegalaxy-eu	infrastructure
2020-07-29 06:05:34	usegalaxy-eu	infrastructure
2020-07-29 02:05:33	usegalaxy-eu	infrastructure
2020-07-28 22:08:15	usegalaxy-eu	infrastructure
2020-07-28 18:05:31	usegalaxy-eu	infrastructure
2020-07-28 16:35:17	usegalaxy-eu	gxadmin
2020-07-28 14:05:47	usegalaxy-eu	infrastructure
2020-07-28 13:48:52	bernt-matthias	argparse2tool
2020-07-28 11:51:19	hexylena	training-material
2020-07-28 10:06:00	usegalaxy-eu	infrastructure
2020-07-28 09:04:46	hexylena	training-material
2020-07-28 08:18:59	usegalaxy-eu	infrastructure-playbook
2020-07-28 08:18:02	galaxyproject	training-material
2020-07-28 06:05:37	usegalaxy-eu	infrastructure
2020-07-28 02:05:27	usegalaxy-eu	infrastructure
2020-07-27 22:05:57	usegalaxy-eu	infrastructure
2020-07-27 18:07:26	usegalaxy-eu	infrastructure
2020-07-27 15:50:26	usegalaxy-eu	infrastructure-playbook
2020-07-27 15:49:17	usegalaxy-eu	infrastructure-playbook
2020-07-27 15:45:00	usegalaxy-eu	infrastructure-playbook
2020-07-27 15:39:29	galaxyproject	planemo
2020-07-27 15:39:21	usegalaxy-eu	infrastructure-playbook
2020-07-27 14:32:04	shiltemann	planemo
2020-07-27 14:07:57	usegalaxy-eu	infrastructure
2020-07-27 13:43:49	shiltemann	planemo
2020-07-27 12:10:06	hexylena	galaxy
2020-07-27 12:06:53	hexylena	training-material
2020-07-27 12:05:54	hexylena	training-material
2020-07-27 11:59:08	hexylena	galaxy
2020-07-27 11:49:08	hexylena	galaxy
2020-07-27 11:48:12	hexylena	training-material
2020-07-27 10:59:00	hexylena	galaxy
2020-07-27 10:51:09	hexylena	galaxy
2020-07-27 10:38:46	hexylena	training-material
2020-07-27 10:36:49	galaxyproject	training-material
2020-07-27 10:20:09	galaxyproject	tools-iuc
2020-07-27 10:12:39	hexylena	training-material
2020-07-27 10:05:58	usegalaxy-eu	infrastructure
2020-07-27 10:05:21	galaxyproject	tools-iuc
2020-07-27 10:04:30	galaxyproject	tools-iuc
2020-07-27 10:02:00	galaxyproject	tools-iuc
2020-07-27 09:57:37	galaxyproject	tools-iuc
2020-07-27 09:57:08	galaxyproject	tools-iuc
2020-07-27 09:48:17	Slugger70	training-material
2020-07-27 06:18:48	usegalaxy-eu	infrastructure
2020-07-27 02:05:29	usegalaxy-eu	infrastructure
2020-07-26 22:05:37	usegalaxy-eu	infrastructure
2020-07-26 18:05:30	usegalaxy-eu	infrastructure
2020-07-26 14:05:54	usegalaxy-eu	infrastructure
2020-07-26 10:05:37	usegalaxy-eu	infrastructure
2020-07-26 09:11:16	usegalaxy-eu	tiaas-stats
2020-07-26 09:11:03	usegalaxy-eu	tiaas-stats
2020-07-26 06:08:49	usegalaxy-eu	infrastructure
2020-07-26 02:05:28	usegalaxy-eu	infrastructure
2020-07-25 22:05:46	usegalaxy-eu	infrastructure
2020-07-25 18:05:31	usegalaxy-eu	infrastructure
2020-07-25 14:13:33	usegalaxy-eu	infrastructure
2020-07-25 10:08:33	hexylena	argparse2tool
2020-07-25 10:05:48	usegalaxy-eu	infrastructure
2020-07-25 06:22:13	usegalaxy-eu	infrastructure
2020-07-25 02:05:37	usegalaxy-eu	infrastructure
2020-07-25 01:31:11	usegalaxy-eu	usegalaxy-eu-tools
2020-07-24 22:05:48	usegalaxy-eu	infrastructure
2020-07-24 18:06:15	usegalaxy-eu	infrastructure
2020-07-24 14:46:42	hexylena	argparse2tool
2020-07-24 14:44:26	hexylena	argparse2tool
2020-07-24 14:37:47	bernt-matthias	argparse2tool
2020-07-24 14:34:33	hexylena	argparse2tool
2020-07-24 14:05:33	usegalaxy-eu	infrastructure
2020-07-24 12:59:27	hexylena	galaxyxml
2020-07-24 10:05:42	usegalaxy-eu	infrastructure
2020-07-24 09:50:26	usegalaxy-eu	gxadmin
2020-07-24 07:56:55	hexylena	galaxy
2020-07-24 06:09:07	usegalaxy-eu	infrastructure
2020-07-24 02:05:36	usegalaxy-eu	infrastructure
2020-07-23 22:05:41	usegalaxy-eu	infrastructure
2020-07-23 18:06:12	usegalaxy-eu	infrastructure
2020-07-23 14:06:05	usegalaxy-eu	infrastructure
2020-07-23 10:05:52	usegalaxy-eu	infrastructure
2020-07-23 10:02:52	Slugger70	training-material
2020-07-23 09:53:40	hexylena	galaxy
2020-07-23 09:07:45	hexylena	training-material
2020-07-23 08:21:43	galaxyproject	training-material
2020-07-23 08:18:56	hexylena	galaxyxml
2020-07-23 08:17:14	hexylena	galaxyxml
2020-07-23 08:10:17	hexylena	galaxyxml
2020-07-23 08:08:53	hexylena	galaxyxml
2020-07-23 08:05:41	hexylena	galaxyxml
2020-07-23 08:04:18	hexylena	galaxyxml
2020-07-23 08:03:16	hexylena	galaxyxml
2020-07-23 08:00:11	hexylena	galaxyxml
2020-07-23 07:57:32	hexylena	galaxyxml
2020-07-23 07:45:29	hexylena	galaxyxml
2020-07-23 07:43:00	hexylena	galaxyxml
2020-07-23 07:40:31	bernt-matthias	galaxyxml
2020-07-22 20:09:54	hexylena	galaxy
2020-07-22 16:54:45	hexylena	training-material
2020-07-22 15:48:46	usegalaxy-eu	gxadmin
2020-07-22 15:44:23	hexylena	galaxy
2020-07-22 15:27:56	hexylena	galaxy
2020-07-22 15:24:27	hexylena	galaxy
2020-07-22 13:00:56	hexylena	training-material
2020-07-22 09:02:37	hexylena	galaxy
2020-07-22 06:05:33	usegalaxy-eu	infrastructure
2020-07-22 02:06:35	usegalaxy-eu	infrastructure
2020-07-21 22:05:25	usegalaxy-eu	infrastructure
2020-07-21 20:45:22	usegalaxy-eu	usegalaxy-eu-tools
2020-07-21 18:05:38	usegalaxy-eu	infrastructure
2020-07-21 14:05:43	usegalaxy-eu	infrastructure
2020-07-21 10:05:35	usegalaxy-eu	infrastructure
2020-07-21 06:05:34	usegalaxy-eu	infrastructure
2020-07-21 02:05:28	usegalaxy-eu	infrastructure
2020-07-20 22:05:25	usegalaxy-eu	infrastructure
2020-07-20 18:05:28	usegalaxy-eu	infrastructure
2020-07-20 15:24:22	usegalaxy-eu	gxadmin
2020-07-20 14:16:18	usegalaxy-eu	infrastructure
2020-07-20 13:23:29	usegalaxy-eu	infrastructure
2020-07-20 10:08:26	usegalaxy-eu	gxadmin
2020-07-20 10:06:56	natefoo	gxadmin
2020-07-20 10:05:22	natefoo	gxadmin
2020-07-18 14:06:40	usegalaxy-eu	infrastructure
2020-07-18 10:31:04	usegalaxy-eu	infrastructure
2020-07-18 10:15:03	usegalaxy-eu	infrastructure
2020-07-18 08:24:16	galaxyproject	admin-training
2020-07-18 08:22:51	galaxyproject	admin-training
2020-07-18 07:54:02	galaxyproject	admin-training
2020-07-18 07:30:32	galaxyproject	admin-training
2020-07-18 07:09:13	hexylena	training-material
2020-07-18 07:07:16	hexylena	training-material
2020-07-18 05:46:48	galaxyproject	tools-iuc
2020-07-18 04:50:10	galaxyproject	admin-training
2020-07-18 01:29:31	usegalaxy-eu	usegalaxy-eu-tools
2020-07-17 15:58:37	galaxyproject	training-material
2020-07-17 15:14:42	usegalaxy-eu	gxadmin
2020-07-17 14:22:18	galaxyproject	admin-training
2020-07-17 14:07:14	usegalaxy-eu	infrastructure
2020-07-17 13:20:49	galaxyproject	admin-training
2020-07-17 12:53:39	galaxyproject	admin-training
2020-07-17 12:46:41	galaxyproject	admin-training
2020-07-17 10:44:45	galaxyproject	training-material
2020-07-17 10:13:29	usegalaxy-eu	infrastructure
2020-07-17 09:55:21	galaxyproject	training-material
2020-07-17 07:16:56	usegalaxy-eu	infrastructure
2020-07-17 06:44:22	usegalaxy-eu	infrastructure
2020-07-17 06:38:12	usegalaxy-eu	infrastructure
2020-07-17 06:27:40	GMOD	jbrowse-registry
2020-07-17 06:11:49	usegalaxy-eu	infrastructure
2020-07-17 01:44:37	usegalaxy-eu	shared-data
2020-07-16 19:41:35	galaxyproject	training-material
2020-07-16 18:07:00	usegalaxy-eu	infrastructure
2020-07-16 16:20:09	galaxyproject	training-material
2020-07-16 16:19:07	galaxyproject	training-material
2020-07-16 14:57:55	galaxyproject	admin-training
2020-07-16 14:53:42	galaxyproject	admin-training
2020-07-16 14:29:22	galaxyproject	admin-training
2020-07-16 14:21:19	galaxyproject	admin-training
2020-07-16 14:18:02	usegalaxy-eu	infrastructure
2020-07-16 12:56:20	usegalaxy-eu	infrastructure
2020-07-16 12:35:28	usegalaxy-eu	infrastructure
2020-07-16 12:20:47	usegalaxy-eu	infrastructure
2020-07-16 08:31:05	usegalaxy-eu	galaxy
2020-07-16 07:51:41	galaxyproject	admin-training
2020-07-15 17:22:28	hexylena	training-material
2020-07-15 17:18:49	galaxyproject	admin-training
2020-07-15 16:30:22	usegalaxy-eu	shared-data
2020-07-15 13:45:45	usegalaxy-eu	ansible-galaxy-systemd
2020-07-15 11:44:57	galaxyproject	admin-training
2020-07-15 11:43:39	hexylena	infrastructure-playbook
2020-07-15 10:14:22	hexylena	training-material
2020-07-15 10:12:07	hexylena	training-material
2020-07-15 09:55:26	hexylena	training-material
2020-07-15 09:35:03	galaxyproject	galaxy-hub
2020-07-14 14:40:12	usegalaxy-eu	gxadmin
2020-07-14 14:35:43	usegalaxy-eu	gxadmin
2020-07-14 14:07:12	usegalaxy-eu	infrastructure
2020-07-14 12:46:16	hexylena	training-material
2020-07-14 10:06:37	usegalaxy-eu	infrastructure
2020-07-14 09:48:33	galaxyproject	ansible-galaxy
2020-07-14 08:18:25	galaxyproject	admin-training
2020-07-14 08:15:10	usegalaxy-eu	infrastructure
2020-07-14 08:05:45	usegalaxy-eu	infrastructure
2020-07-13 19:39:50	usegalaxy-eu	usegalaxy-eu-tools
2020-07-13 17:29:06	galaxyproject	tools-iuc
2020-07-13 17:21:52	galaxyproject	tools-iuc
2020-07-13 17:12:12	galaxyproject	tools-iuc
2020-07-13 11:26:53	galaxyproject	admin-training
2020-07-13 11:23:27	galaxyproject	admin-training
2020-07-13 10:05:57	hexylena	training-material
2020-07-13 08:59:01	galaxyproject	training-material
2020-07-13 08:57:37	shiltemann	training-material
2020-07-13 08:52:45	galaxyproject	training-material
2020-07-13 08:12:24	galaxyproject	admin-training
2020-07-12 20:25:35	usegalaxy-eu	usegalaxy-eu-tools
2020-07-11 12:56:04	usegalaxy-eu	gxadmin
2020-07-10 16:12:51	galaxyproject	galaxy-hub
2020-07-10 09:01:45	usegalaxy-eu	shared-data
2020-07-09 18:08:02	galaxyproject	admin-training
2020-07-09 14:44:11	usegalaxy-eu	ansible-galaxy-systemd
2020-07-09 14:07:03	usegalaxy-eu	infrastructure
2020-07-09 13:54:39	galaxyproject	admin-training
2020-07-09 13:37:49	usegalaxy-eu	infrastructure
2020-07-09 13:31:28	usegalaxy-eu	infrastructure
2020-07-09 12:37:25	hexylena	training-material
2020-07-09 10:36:39	hexylena	training-material
2020-07-09 09:01:25	hexylena	training-material
2020-07-09 08:59:12	hexylena	training-material
2020-07-09 08:56:45	hexylena	training-material
2020-07-09 08:53:56	usegalaxy-eu	infrastructure
2020-07-09 08:46:00	galaxyproject	admin-training
2020-07-09 07:46:35	usegalaxy-eu	infrastructure
2020-07-09 07:43:17	usegalaxy-eu	infrastructure
2020-07-08 15:00:54	hexylena	training-material
2020-07-08 14:49:14	hexylena	training-material
2020-07-08 13:35:57	galaxyproject	ansible-galaxy
2020-07-08 12:33:53	hexylena	training-material
2020-07-08 11:17:20	galaxyproject	admin-training
2020-07-08 06:06:15	usegalaxy-eu	infrastructure
2020-07-08 02:06:25	usegalaxy-eu	infrastructure
2020-07-07 22:10:14	usegalaxy-eu	infrastructure
2020-07-07 18:09:47	usegalaxy-eu	infrastructure
2020-07-07 14:09:51	usegalaxy-eu	infrastructure
2020-07-07 11:08:02	usegalaxy-eu	infrastructure
2020-07-07 09:43:09	usegalaxy-eu	infrastructure
2020-07-07 09:30:54	usegalaxy-eu	infrastructure
2020-07-07 09:21:28	usegalaxy-eu	infrastructure
2020-07-07 09:15:52	usegalaxy-eu	infrastructure
2020-07-07 09:11:01	usegalaxy-eu	infrastructure
2020-07-07 08:53:36	usegalaxy-eu	infrastructure
2020-07-07 08:39:26	usegalaxy-eu	infrastructure
2020-07-07 08:39:07	usegalaxy-eu	infrastructure
2020-07-07 07:56:58	usegalaxy-eu	infrastructure
2020-07-07 07:56:43	usegalaxy-eu	infrastructure
2020-07-07 07:54:04	usegalaxy-eu	infrastructure
2020-07-07 07:52:14	usegalaxy-eu	infrastructure
2020-07-07 07:36:03	hexylena	tools-iuc
2020-07-07 07:25:03	hexylena	tools-iuc
2020-07-07 06:05:40	usegalaxy-eu	infrastructure
2020-07-07 02:05:55	usegalaxy-eu	infrastructure
2020-07-06 22:05:28	usegalaxy-eu	infrastructure
2020-07-06 18:05:46	usegalaxy-eu	infrastructure
2020-07-06 17:10:26	hexylena	tools-iuc
2020-07-06 16:19:19	hexylena	tools-iuc
2020-07-06 15:56:56	hexylena	tools-iuc
2020-07-06 15:46:11	hexylena	tools-iuc
2020-07-06 15:00:48	hexylena	tools-iuc
2020-07-06 14:05:35	usegalaxy-eu	infrastructure
2020-07-06 10:20:44	usegalaxy-eu	gxadmin
2020-07-06 10:05:46	usegalaxy-eu	infrastructure
2020-07-06 06:05:35	usegalaxy-eu	infrastructure
2020-07-06 02:05:32	usegalaxy-eu	infrastructure
2020-07-05 22:05:26	usegalaxy-eu	infrastructure
2020-07-05 18:05:29	usegalaxy-eu	infrastructure
2020-07-05 14:05:31	usegalaxy-eu	infrastructure
2020-07-05 10:05:34	usegalaxy-eu	infrastructure
2020-07-05 06:05:31	usegalaxy-eu	infrastructure
2020-07-05 02:05:41	usegalaxy-eu	infrastructure
2020-07-04 22:05:36	usegalaxy-eu	infrastructure
2020-07-04 18:05:32	usegalaxy-eu	infrastructure
2020-07-04 14:05:25	usegalaxy-eu	infrastructure
2020-07-04 10:05:34	usegalaxy-eu	infrastructure
2020-07-04 06:05:37	usegalaxy-eu	infrastructure
2020-07-04 02:05:32	usegalaxy-eu	infrastructure
2020-07-03 22:05:45	usegalaxy-eu	infrastructure
2020-07-03 18:05:46	usegalaxy-eu	infrastructure
2020-07-03 14:05:35	usegalaxy-eu	infrastructure
2020-07-03 10:05:59	usegalaxy-eu	infrastructure
2020-07-03 06:05:34	usegalaxy-eu	infrastructure
2020-07-03 02:05:34	usegalaxy-eu	infrastructure
2020-07-02 22:05:26	usegalaxy-eu	infrastructure
2020-07-02 18:05:32	usegalaxy-eu	infrastructure
2020-07-02 14:05:29	usegalaxy-eu	infrastructure
2020-07-02 12:02:46	hexylena	training-material
2020-07-02 12:01:13	hexylena	training-material
2020-07-02 10:05:30	usegalaxy-eu	infrastructure
2020-07-02 08:08:00	usegalaxy-eu	gxadmin
2020-07-02 06:05:28	usegalaxy-eu	infrastructure
2020-07-02 02:05:41	usegalaxy-eu	infrastructure
2020-07-01 22:05:26	usegalaxy-eu	infrastructure
2020-07-01 22:00:13	usegalaxy-eu	grafana-dashboards
2020-07-01 18:06:08	usegalaxy-eu	infrastructure
2020-07-01 16:50:50	galaxyproject	galaxy-hub
2020-07-01 16:13:16	galaxyproject	galaxy-hub
2020-07-01 14:05:26	usegalaxy-eu	infrastructure
2020-07-01 13:18:40	usegalaxy-eu	gxadmin
2020-07-01 13:00:33	usegalaxy-eu	gxadmin
2020-07-01 12:50:25	usegalaxy-eu	gxadmin
2020-07-01 12:28:40	usegalaxy-eu	gxadmin
2020-07-01 12:25:08	usegalaxy-eu	gxadmin
2020-07-01 11:11:38	galaxyproject	training-material
2020-07-01 10:27:31	usegalaxy-eu	gxadmin
2020-07-01 10:05:30	usegalaxy-eu	infrastructure
2020-07-01 10:03:52	usegalaxy-eu	gxadmin
2020-07-01 09:53:56	usegalaxy-eu	gxadmin
2020-07-01 08:53:04	galaxyproject	galaxy-hub
2020-07-01 06:23:15	usegalaxy-eu	infrastructure
2020-07-01 02:05:47	usegalaxy-eu	infrastructure
2020-06-30 22:05:48	usegalaxy-eu	infrastructure
2020-06-30 18:05:38	usegalaxy-eu	infrastructure
2020-06-30 14:05:30	usegalaxy-eu	infrastructure
2020-06-30 10:06:20	usegalaxy-eu	infrastructure
2020-06-30 06:05:32	usegalaxy-eu	infrastructure
2020-06-30 02:05:41	usegalaxy-eu	infrastructure
2020-06-29 22:05:42	usegalaxy-eu	infrastructure
2020-06-29 18:05:35	usegalaxy-eu	infrastructure
2020-06-29 17:43:19	hexylena	training-material
2020-06-29 17:38:19	hexylena	training-material
2020-06-29 15:38:39	shiltemann	training-material
2020-06-29 15:34:20	shiltemann	training-material
2020-06-29 15:29:39	shiltemann	training-material
2020-06-29 15:04:13	shiltemann	training-material
2020-06-29 14:05:34	usegalaxy-eu	infrastructure
2020-06-29 07:21:45	usegalaxy-eu	ansible-gxadmin
2020-06-29 06:06:17	usegalaxy-eu	infrastructure
2020-06-29 02:05:27	usegalaxy-eu	infrastructure
2020-06-28 22:05:50	usegalaxy-eu	infrastructure
2020-06-28 18:05:43	usegalaxy-eu	infrastructure
2020-06-28 14:05:31	usegalaxy-eu	infrastructure
2020-06-28 12:18:18	shiltemann	recipes
2020-06-28 10:05:33	usegalaxy-eu	infrastructure
2020-06-28 06:05:28	usegalaxy-eu	infrastructure
2020-06-28 02:05:20	usegalaxy-eu	infrastructure
2020-06-27 22:05:50	usegalaxy-eu	infrastructure
2020-06-27 18:05:37	usegalaxy-eu	infrastructure
2020-06-27 14:05:44	usegalaxy-eu	infrastructure
2020-06-27 10:05:55	usegalaxy-eu	infrastructure
2020-06-27 06:05:45	usegalaxy-eu	infrastructure
2020-06-27 02:05:26	usegalaxy-eu	infrastructure
2020-06-26 22:05:37	usegalaxy-eu	infrastructure
2020-06-26 18:05:35	usegalaxy-eu	infrastructure
2020-06-26 14:05:44	usegalaxy-eu	infrastructure
2020-06-26 13:23:15	usegalaxy-eu	infrastructure
2020-06-26 12:59:03	usegalaxy-eu	infrastructure
2020-06-26 12:37:49	usegalaxy-eu	gxadmin
2020-06-26 12:33:42	usegalaxy-eu	gxadmin
2020-06-26 12:24:02	usegalaxy-eu	infrastructure
2020-06-26 10:49:34	usegalaxy-eu	gxadmin
2020-06-26 10:08:13	usegalaxy-eu	gxadmin
2020-06-26 10:05:56	usegalaxy-eu	infrastructure
2020-06-26 09:12:44	innovate-invent	tools-iuc
2020-06-26 09:00:16	innovate-invent	tools-iuc
2020-06-26 08:42:52	usegalaxy-eu	infrastructure
2020-06-26 08:29:48	usegalaxy-eu	gxadmin
2020-06-26 08:24:03	usegalaxy-eu	infrastructure
2020-06-26 07:51:43	usegalaxy-eu	infrastructure
2020-06-26 06:05:34	usegalaxy-eu	infrastructure
2020-06-26 02:05:23	usegalaxy-eu	infrastructure
2020-06-26 01:45:20	usegalaxy-eu	shared-data
2020-06-25 22:05:22	usegalaxy-eu	infrastructure
2020-06-25 18:05:50	usegalaxy-eu	infrastructure
2020-06-25 15:40:32	usegalaxy-eu	infrastructure
2020-06-25 14:05:39	usegalaxy-eu	infrastructure
2020-06-25 11:40:45	usegalaxy-eu	infrastructure
2020-06-25 11:39:10	usegalaxy-eu	infrastructure
2020-06-25 02:05:31	usegalaxy-eu	infrastructure
2020-06-24 18:05:41	usegalaxy-eu	infrastructure
2020-06-24 14:05:31	usegalaxy-eu	infrastructure
2020-06-24 11:41:50	galaxyproject	training-material
2020-06-24 10:05:32	usegalaxy-eu	infrastructure
2020-06-24 06:05:41	usegalaxy-eu	infrastructure
2020-06-24 02:05:43	usegalaxy-eu	infrastructure
2020-06-23 22:05:37	usegalaxy-eu	infrastructure
2020-06-23 18:05:24	usegalaxy-eu	infrastructure
2020-06-23 14:05:31	usegalaxy-eu	infrastructure
2020-06-23 10:05:34	usegalaxy-eu	infrastructure
2020-06-23 06:05:42	usegalaxy-eu	infrastructure
2020-06-23 02:05:26	usegalaxy-eu	infrastructure
2020-06-22 22:05:49	usegalaxy-eu	infrastructure
2020-06-22 18:05:42	usegalaxy-eu	infrastructure
2020-06-22 16:27:41	hexylena	training-material
2020-06-22 14:05:48	usegalaxy-eu	infrastructure
2020-06-22 10:12:03	usegalaxy-eu	infrastructure
2020-06-22 09:25:28	galaxyproject	galaxy-hub
2020-06-22 06:05:42	usegalaxy-eu	infrastructure
2020-06-22 02:05:34	usegalaxy-eu	infrastructure
2020-06-21 22:05:31	usegalaxy-eu	infrastructure
2020-06-21 18:05:25	usegalaxy-eu	infrastructure
2020-06-21 14:05:37	usegalaxy-eu	infrastructure
2020-06-21 10:05:29	usegalaxy-eu	infrastructure
2020-06-21 06:05:27	usegalaxy-eu	infrastructure
2020-06-21 02:05:28	usegalaxy-eu	infrastructure
2020-06-20 22:05:22	usegalaxy-eu	infrastructure
2020-06-20 18:05:26	usegalaxy-eu	infrastructure
2020-06-20 14:05:30	usegalaxy-eu	infrastructure
2020-06-20 10:05:34	usegalaxy-eu	infrastructure
2020-06-20 06:14:52	usegalaxy-eu	infrastructure
2020-06-20 02:09:20	usegalaxy-eu	infrastructure
2020-06-20 01:29:12	usegalaxy-eu	usegalaxy-eu-tools
2020-06-19 22:05:27	usegalaxy-eu	infrastructure
2020-06-19 18:11:01	usegalaxy-eu	infrastructure
2020-06-19 14:05:43	usegalaxy-eu	infrastructure
2020-06-19 09:07:08	usegalaxy-eu	shared-data
2020-06-19 09:01:15	usegalaxy-eu	infrastructure-playbook
2020-06-19 08:34:48	usegalaxy-eu	infrastructure-playbook
2020-06-19 07:59:31	GMOD	jbrowse-registry
2020-06-19 07:58:12	GMOD	jbrowse-registry
2020-06-19 06:23:01	usegalaxy-eu	infrastructure
2020-06-19 02:05:33	usegalaxy-eu	infrastructure
2020-06-18 22:06:06	usegalaxy-eu	infrastructure
2020-06-18 22:00:11	usegalaxy-eu	grafana-dashboards
2020-06-18 18:05:35	usegalaxy-eu	infrastructure
2020-06-18 14:05:25	usegalaxy-eu	infrastructure
2020-06-18 12:54:42	galaxyproject	training-material
2020-06-18 10:05:40	usegalaxy-eu	infrastructure
2020-06-18 06:54:39	usegalaxy-eu	temporary-tools
2020-06-18 06:06:12	usegalaxy-eu	infrastructure
2020-06-18 02:08:17	usegalaxy-eu	infrastructure
2020-06-17 22:05:53	usegalaxy-eu	infrastructure
2020-06-17 18:05:48	usegalaxy-eu	infrastructure
2020-06-17 14:05:30	usegalaxy-eu	infrastructure
2020-06-17 13:46:42	hexylena	training-material
2020-06-17 10:05:23	usegalaxy-eu	infrastructure
2020-06-17 07:41:38	hexylena	training-material
2020-06-17 07:19:23	hexylena	training-material
2020-06-17 07:10:53	usegalaxy-eu	tiaas2
2020-06-17 07:07:44	usegalaxy-eu	tiaas2
2020-06-17 06:05:35	usegalaxy-eu	infrastructure
2020-06-17 02:05:27	usegalaxy-eu	infrastructure
2020-06-16 22:05:33	usegalaxy-eu	infrastructure
2020-06-16 18:05:29	usegalaxy-eu	infrastructure
2020-06-16 14:21:18	hexylena	training-material
2020-06-16 14:05:27	usegalaxy-eu	infrastructure
2020-06-16 11:18:41	hexylena	training-material
2020-06-16 10:05:48	usegalaxy-eu	infrastructure
2020-06-16 08:34:45	hexylena	training-material
2020-06-16 06:27:13	usegalaxy-eu	infrastructure
2020-06-16 02:05:33	usegalaxy-eu	infrastructure
2020-06-15 22:05:31	usegalaxy-eu	infrastructure
2020-06-15 21:30:15	usegalaxy-eu	usegalaxy-eu-tools
2020-06-15 18:05:28	usegalaxy-eu	infrastructure
2020-06-15 14:05:24	usegalaxy-eu	infrastructure
2020-06-15 10:06:19	usegalaxy-eu	infrastructure
2020-06-15 09:53:59	hexylena	training-material
2020-06-15 06:05:50	usegalaxy-eu	infrastructure
2020-06-15 02:05:40	usegalaxy-eu	infrastructure
2020-06-14 22:05:29	usegalaxy-eu	infrastructure
2020-06-14 18:05:37	usegalaxy-eu	infrastructure
2020-06-14 14:59:50	usegalaxy-eu	infrastructure
2020-06-13 15:25:21	usegalaxy-eu	usegalaxy-eu-tools
2020-06-12 22:00:10	usegalaxy-eu	grafana-dashboards
2020-06-12 14:11:53	galaxyproject	tools-iuc
2020-06-12 14:07:04	usegalaxy-eu	gxadmin
2020-06-12 13:24:12	galaxyproject	tools-iuc
2020-06-12 13:23:57	galaxyproject	tools-iuc
2020-06-12 13:20:03	galaxyproject	training-material
2020-06-12 11:42:12	galaxyproject	training-material
2020-06-12 11:39:28	usegalaxy-eu	gxadmin
2020-06-12 11:16:15	simonbray	training-material
2020-06-12 11:03:48	galaxyproject	training-material
2020-06-12 10:45:25	hexylena	dotfiles
2020-06-12 10:42:34	usegalaxy-eu	gxadmin
2020-06-12 10:37:41	usegalaxy-eu	gxadmin
2020-06-12 10:37:31	bruggerk	gxadmin
2020-06-12 10:34:37	shiltemann	training-material
2020-06-12 10:18:18	shiltemann	training-material
2020-06-12 07:53:57	hexylena	galaxy
2020-06-12 02:05:32	usegalaxy-eu	infrastructure
2020-06-11 22:05:24	usegalaxy-eu	infrastructure
2020-06-11 22:00:11	usegalaxy-eu	grafana-dashboards
2020-06-11 18:05:22	usegalaxy-eu	infrastructure
2020-06-11 14:05:29	usegalaxy-eu	infrastructure
2020-06-11 11:43:36	hexylena	training-material
2020-06-11 10:56:41	hexylena	training-material
2020-06-11 10:17:47	hexylena	training-material
2020-06-11 10:10:41	hexylena	training-material
2020-06-11 10:05:53	usegalaxy-eu	infrastructure
2020-06-11 10:04:49	hexylena	training-material
2020-06-11 09:22:23	hexylena	training-material
2020-06-11 09:06:37	usegalaxy-eu	gxadmin
2020-06-11 09:04:23	usegalaxy-eu	infrastructure-playbook
2020-06-11 09:03:07	usegalaxy-eu	gxadmin
2020-06-11 08:53:22	usegalaxy-eu	gxadmin
2020-06-11 08:40:00	usegalaxy-eu	gxadmin
2020-06-11 08:38:01	usegalaxy-eu	gxadmin
2020-06-11 08:35:45	usegalaxy-eu	infrastructure-playbook
2020-06-11 08:34:53	usegalaxy-eu	gxadmin
2020-06-11 07:47:48	usegalaxy-eu	sorting-hat
2020-06-11 07:44:18	usegalaxy-eu	infrastructure-playbook
2020-06-11 06:16:34	usegalaxy-eu	infrastructure
2020-06-11 02:07:24	usegalaxy-eu	infrastructure
2020-06-10 10:51:48	galaxyproject	training-material
2020-06-10 10:36:32	usegalaxy-eu	infrastructure
2020-06-10 10:06:04	usegalaxy-eu	tiaas2
2020-06-10 06:05:40	usegalaxy-eu	infrastructure
2020-06-10 02:05:24	usegalaxy-eu	infrastructure
2020-06-09 22:05:29	usegalaxy-eu	infrastructure
2020-06-09 18:05:29	usegalaxy-eu	infrastructure
2020-06-09 14:05:53	usegalaxy-eu	infrastructure
2020-06-09 10:50:40	usegalaxy-eu	infrastructure
2020-06-09 10:05:25	usegalaxy-eu	infrastructure
2020-06-09 06:05:28	usegalaxy-eu	infrastructure
2020-06-09 02:05:24	usegalaxy-eu	infrastructure
2020-06-08 22:05:41	usegalaxy-eu	infrastructure
2020-06-08 18:05:37	usegalaxy-eu	infrastructure
2020-06-08 14:05:41	usegalaxy-eu	infrastructure
2020-06-08 10:05:44	usegalaxy-eu	infrastructure
2020-06-08 08:41:27	GMOD	jbrowse-registry
2020-06-08 08:38:26	usegalaxy-eu	shared-data
2020-06-08 06:05:34	usegalaxy-eu	infrastructure
2020-06-08 02:05:28	usegalaxy-eu	infrastructure
2020-06-07 22:05:44	usegalaxy-eu	infrastructure
2020-06-07 18:05:37	usegalaxy-eu	infrastructure
2020-06-07 14:05:32	usegalaxy-eu	infrastructure
2020-06-07 10:05:24	usegalaxy-eu	infrastructure
2020-06-07 06:05:33	usegalaxy-eu	infrastructure
2020-06-07 02:05:37	usegalaxy-eu	infrastructure
2020-06-06 22:05:33	usegalaxy-eu	infrastructure
2020-06-06 18:05:23	usegalaxy-eu	infrastructure
2020-06-06 14:05:29	usegalaxy-eu	infrastructure
2020-06-06 10:05:26	usegalaxy-eu	infrastructure
2020-06-06 06:05:26	usegalaxy-eu	infrastructure
2020-06-06 02:05:24	usegalaxy-eu	infrastructure
2020-06-06 01:30:26	usegalaxy-eu	usegalaxy-eu-tools
2020-06-05 22:05:40	usegalaxy-eu	infrastructure
2020-06-05 18:05:27	usegalaxy-eu	infrastructure
2020-06-05 14:18:04	usegalaxy-eu	infrastructure
2020-06-05 13:43:50	galaxyproject	training-material
2020-06-05 10:39:11	usegalaxy-eu	gxadmin
2020-06-05 10:37:46	usegalaxy-eu	gxadmin
2020-06-05 10:34:55	usegalaxy-eu	gxadmin
2020-06-05 10:33:43	usegalaxy-eu	gxadmin
2020-06-05 09:31:59	galaxyproject	galaxy-hub
2020-06-04 09:20:04	galaxyproject	training-material
2020-06-04 09:04:14	jmchilton	training-material
2020-06-03 13:32:26	galaxyproject	GTN-community-paper-2020
2020-06-03 13:24:39	shiltemann	GTN-community-paper-2020
2020-06-03 13:19:10	shiltemann	GTN-community-paper-2020
2020-06-03 13:16:15	shiltemann	GTN-community-paper-2020
2020-06-03 12:06:01	shiltemann	GTN-community-paper-2020
2020-06-03 11:56:04	galaxyproject	galaxy
2020-05-30 01:30:28	usegalaxy-eu	usegalaxy-eu-tools
2020-05-29 18:55:07	usegalaxy-eu	usegalaxy-eu-tools
2020-05-29 10:05:22	usegalaxy-eu	infrastructure
2020-05-29 08:54:54	hexylena	training-material
2020-05-29 08:52:25	galaxyproject	training-material
2020-05-29 08:29:20	hexylena	training-material
2020-05-29 06:05:26	usegalaxy-eu	infrastructure
2020-05-29 02:05:25	usegalaxy-eu	infrastructure
2020-05-29 01:44:32	usegalaxy-eu	shared-data
2020-05-28 22:05:43	usegalaxy-eu	infrastructure
2020-05-28 18:05:45	usegalaxy-eu	infrastructure
2020-05-28 16:17:25	hexylena	training-material
2020-05-28 16:15:50	hexylena	training-material
2020-05-28 15:12:29	hexylena	training-material
2020-05-28 15:11:33	hexylena	training-material
2020-05-28 15:08:33	galaxyproject	training-material
2020-05-28 14:05:35	usegalaxy-eu	infrastructure
2020-05-28 13:40:39	galaxyproject	training-material
2020-05-28 13:32:19	galaxyproject	training-material
2020-05-28 13:28:58	galaxyproject	training-material
2020-05-28 13:17:43	galaxyproject	training-material
2020-05-28 13:15:30	galaxyproject	training-material
2020-05-28 12:26:53	galaxyproject	training-material
2020-05-28 12:04:55	shiltemann	training-material
2020-05-28 12:01:49	shiltemann	training-material
2020-05-28 10:05:27	usegalaxy-eu	infrastructure
2020-05-28 07:58:02	hexylena	training-material
2020-05-28 06:05:41	usegalaxy-eu	infrastructure
2020-05-28 02:05:22	usegalaxy-eu	infrastructure
2020-05-27 22:05:24	usegalaxy-eu	infrastructure
2020-05-27 18:05:30	usegalaxy-eu	infrastructure
2020-05-27 15:24:43	hexylena	hexylena.github.io
2020-05-27 15:24:38	erasche	erasche.github.io
2020-05-27 14:05:48	usegalaxy-eu	infrastructure
2020-05-27 10:05:27	usegalaxy-eu	infrastructure
2020-05-27 06:05:34	usegalaxy-eu	infrastructure
2020-05-27 02:05:32	usegalaxy-eu	infrastructure
2020-05-26 22:05:27	usegalaxy-eu	infrastructure
2020-05-26 18:05:49	usegalaxy-eu	infrastructure
2020-05-26 14:05:44	usegalaxy-eu	infrastructure
2020-05-26 10:05:25	usegalaxy-eu	infrastructure
2020-05-26 06:05:48	usegalaxy-eu	infrastructure
2020-05-26 02:05:27	usegalaxy-eu	infrastructure
2020-05-25 22:05:40	usegalaxy-eu	infrastructure
2020-05-25 16:06:38	hexylena	dotfiles
2020-05-25 14:20:31	hexylena	tools-iuc
2020-05-25 14:06:32	usegalaxy-eu	infrastructure
2020-05-25 10:05:33	usegalaxy-eu	infrastructure
2020-05-25 06:05:22	usegalaxy-eu	infrastructure
2020-05-25 02:05:27	usegalaxy-eu	infrastructure
2020-05-24 22:05:22	usegalaxy-eu	infrastructure
2020-05-24 18:05:47	usegalaxy-eu	infrastructure
2020-05-24 15:24:21	usegalaxy-eu	usegalaxy-eu-tools
2020-05-24 14:05:31	usegalaxy-eu	infrastructure
2020-05-24 10:09:33	usegalaxy-eu	infrastructure
2020-05-24 06:05:40	usegalaxy-eu	infrastructure
2020-05-24 02:05:36	usegalaxy-eu	infrastructure
2020-05-23 22:05:35	usegalaxy-eu	infrastructure
2020-05-23 18:10:47	usegalaxy-eu	usegalaxy-eu-tools
2020-05-23 18:05:58	usegalaxy-eu	infrastructure
2020-05-23 14:05:27	usegalaxy-eu	infrastructure
2020-05-23 10:05:32	usegalaxy-eu	infrastructure
2020-05-23 06:05:41	usegalaxy-eu	infrastructure
2020-05-23 02:10:21	usegalaxy-eu	infrastructure
2020-05-22 22:05:28	usegalaxy-eu	infrastructure
2020-05-22 22:00:11	usegalaxy-eu	grafana-dashboards
2020-05-22 18:05:41	usegalaxy-eu	infrastructure
2020-05-22 14:09:52	usegalaxy-eu	infrastructure
2020-05-22 10:05:26	usegalaxy-eu	infrastructure
2020-05-22 06:05:38	usegalaxy-eu	infrastructure
2020-05-22 02:05:30	usegalaxy-eu	infrastructure
2020-05-21 22:05:29	usegalaxy-eu	infrastructure
2020-05-21 18:05:24	usegalaxy-eu	infrastructure
2020-05-21 14:05:49	usegalaxy-eu	infrastructure
2020-05-21 10:06:06	usegalaxy-eu	infrastructure
2020-05-21 06:05:25	usegalaxy-eu	infrastructure
2020-05-21 02:05:26	usegalaxy-eu	infrastructure
2020-05-20 22:07:11	usegalaxy-eu	infrastructure
2020-05-20 22:00:10	usegalaxy-eu	grafana-dashboards
2020-05-20 18:05:31	usegalaxy-eu	infrastructure
2020-05-20 14:05:39	usegalaxy-eu	infrastructure
2020-05-20 10:05:34	usegalaxy-eu	infrastructure
2020-05-20 06:05:28	usegalaxy-eu	infrastructure
2020-05-20 02:05:27	usegalaxy-eu	infrastructure
2020-05-19 22:05:28	usegalaxy-eu	infrastructure
2020-05-19 18:05:41	usegalaxy-eu	infrastructure
2020-05-19 14:05:30	usegalaxy-eu	infrastructure
2020-05-19 10:05:35	usegalaxy-eu	infrastructure
2020-05-19 02:05:28	usegalaxy-eu	infrastructure
2020-05-18 22:05:43	usegalaxy-eu	infrastructure
2020-05-18 18:05:25	usegalaxy-eu	infrastructure
2020-05-18 14:05:38	usegalaxy-eu	infrastructure
2020-05-18 10:05:36	usegalaxy-eu	infrastructure
2020-05-18 06:07:24	usegalaxy-eu	infrastructure
2020-05-18 02:05:25	usegalaxy-eu	infrastructure
2020-05-17 22:05:22	usegalaxy-eu	infrastructure
2020-05-17 18:05:27	usegalaxy-eu	infrastructure
2020-05-17 14:05:28	usegalaxy-eu	infrastructure
2020-05-17 10:05:25	usegalaxy-eu	infrastructure
2020-05-17 06:14:30	usegalaxy-eu	infrastructure
2020-05-17 02:28:39	usegalaxy-eu	infrastructure
2020-05-16 22:05:27	usegalaxy-eu	infrastructure
2020-05-16 18:05:36	usegalaxy-eu	infrastructure
2020-05-16 16:51:23	galaxy-genome-annotation	python-apollo
2020-05-16 14:06:05	usegalaxy-eu	infrastructure
2020-05-16 10:05:27	usegalaxy-eu	infrastructure
2020-05-16 06:05:33	usegalaxy-eu	infrastructure
2020-05-16 02:12:45	usegalaxy-eu	infrastructure
2020-05-16 01:29:24	usegalaxy-eu	usegalaxy-eu-tools
2020-05-15 22:05:46	usegalaxy-eu	infrastructure
2020-05-15 18:05:36	usegalaxy-eu	infrastructure
2020-05-15 14:05:37	usegalaxy-eu	infrastructure
2020-05-15 10:17:20	usegalaxy-eu	usegalaxy-eu-tools
2020-05-15 10:05:38	usegalaxy-eu	infrastructure
2020-05-15 08:41:18	galaxyproject	admin-training
2020-05-15 06:05:23	usegalaxy-eu	infrastructure
2020-05-15 03:14:10	usegalaxy-eu	infrastructure
2020-05-15 02:32:41	usegalaxy-eu	infrastructure
2020-05-15 01:44:33	usegalaxy-eu	shared-data
2020-05-14 15:57:44	galaxyproject	admin-training
2020-05-14 15:40:15	galaxyproject	admin-training
2020-05-14 10:10:20	usegalaxy-eu	infrastructure
2020-05-14 08:28:17	usegalaxy-eu	infrastructure
2020-05-14 06:08:11	usegalaxy-eu	infrastructure
2020-05-14 02:05:28	usegalaxy-eu	infrastructure
2020-05-13 22:14:35	usegalaxy-eu	infrastructure
2020-05-13 18:05:36	usegalaxy-eu	infrastructure
2020-05-13 14:05:24	usegalaxy-eu	infrastructure
2020-05-13 10:05:20	usegalaxy-eu	infrastructure
2020-05-13 06:06:26	usegalaxy-eu	infrastructure
2020-05-13 02:05:27	usegalaxy-eu	infrastructure
2020-05-12 21:29:40	usegalaxy-eu	usegalaxy-eu-tools
2020-05-11 22:34:52	usegalaxy-eu	grafana-dashboards
2020-05-11 10:25:30	usegalaxy-eu	grafana-dashboards
2020-05-09 02:05:26	usegalaxy-eu	infrastructure
2020-05-08 22:05:29	usegalaxy-eu	infrastructure
2020-05-08 18:05:35	usegalaxy-eu	infrastructure
2020-05-08 14:05:38	usegalaxy-eu	infrastructure
2020-05-08 10:05:28	usegalaxy-eu	infrastructure
2020-05-08 07:02:56	usegalaxy-eu	tiaas2
2020-05-08 06:05:42	usegalaxy-eu	infrastructure
2020-05-08 02:05:47	usegalaxy-eu	infrastructure
2020-05-07 22:05:24	usegalaxy-eu	infrastructure
2020-05-07 18:05:25	usegalaxy-eu	infrastructure
2020-05-07 14:05:25	usegalaxy-eu	infrastructure
2020-05-07 13:50:44	usegalaxy-eu	gxadmin
2020-05-07 10:05:35	usegalaxy-eu	infrastructure
2020-05-07 06:05:47	usegalaxy-eu	infrastructure
2020-05-07 02:05:33	usegalaxy-eu	infrastructure
2020-05-06 22:05:30	usegalaxy-eu	infrastructure
2020-05-06 18:05:30	usegalaxy-eu	infrastructure
2020-05-06 14:05:23	usegalaxy-eu	infrastructure
2020-05-06 10:05:51	usegalaxy-eu	infrastructure
2020-05-06 09:36:42	hexylena	training-material
2020-05-06 09:35:31	hexylena	training-material
2020-05-06 06:05:46	usegalaxy-eu	infrastructure
2020-05-06 02:05:33	usegalaxy-eu	infrastructure
2020-05-05 22:05:42	usegalaxy-eu	infrastructure
2020-05-05 18:05:38	usegalaxy-eu	infrastructure
2020-05-05 14:05:24	usegalaxy-eu	infrastructure
2020-05-05 10:05:51	usegalaxy-eu	infrastructure
2020-05-04 22:05:50	usegalaxy-eu	infrastructure
2020-05-04 18:05:33	usegalaxy-eu	infrastructure
2020-05-04 14:49:36	hexylena	hexylena.github.io
2020-05-04 14:49:33	erasche	erasche.github.io
2020-05-04 14:05:30	usegalaxy-eu	infrastructure
2020-05-04 10:05:33	usegalaxy-eu	infrastructure
2020-05-04 07:12:47	galaxyproject	training-material
2020-05-04 06:05:28	usegalaxy-eu	infrastructure
2020-05-04 02:05:25	usegalaxy-eu	infrastructure
2020-05-03 22:05:30	usegalaxy-eu	infrastructure
2020-05-03 18:05:45	usegalaxy-eu	infrastructure
2020-05-03 14:05:24	usegalaxy-eu	infrastructure
2020-05-03 10:05:30	usegalaxy-eu	infrastructure
2020-05-03 06:05:28	usegalaxy-eu	infrastructure
2020-05-03 02:05:37	usegalaxy-eu	infrastructure
2020-05-02 22:05:28	usegalaxy-eu	infrastructure
2020-05-02 18:05:26	usegalaxy-eu	infrastructure
2020-05-02 14:05:36	usegalaxy-eu	infrastructure
2020-05-02 10:05:33	usegalaxy-eu	infrastructure
2020-05-02 06:05:24	usegalaxy-eu	infrastructure
2020-05-02 02:05:23	usegalaxy-eu	infrastructure
2020-05-02 01:32:34	usegalaxy-eu	usegalaxy-eu-tools
2020-05-01 22:05:30	usegalaxy-eu	infrastructure
2020-05-01 18:05:29	usegalaxy-eu	infrastructure
2020-05-01 14:05:26	usegalaxy-eu	infrastructure
2020-05-01 10:45:28	galaxyproject	galaxy-hub
2020-05-01 10:19:23	hexylena	tools-iuc
2020-05-01 10:05:49	hexylena	tools-iuc
2020-05-01 10:05:30	usegalaxy-eu	infrastructure
2020-05-01 10:05:12	hexylena	tools-iuc
2020-05-01 06:05:34	usegalaxy-eu	infrastructure
2020-05-01 02:05:35	usegalaxy-eu	infrastructure
2020-05-01 01:44:41	usegalaxy-eu	shared-data
2020-04-30 22:05:25	usegalaxy-eu	infrastructure
2020-04-30 14:05:23	usegalaxy-eu	infrastructure
2020-04-30 13:55:07	yvanlebras	GAPARS_Galaxy
2020-04-30 11:16:23	hexylena	tools-iuc
2020-04-30 11:02:51	hexylena	tools-iuc
2020-04-30 10:35:01	hexylena	tools-iuc
2020-04-30 10:05:52	usegalaxy-eu	infrastructure
2020-04-30 09:51:10	hexylena	tools-iuc
2020-04-30 09:42:56	hexylena	tools-iuc
2020-04-30 09:26:06	hexylena	tools-iuc
2020-04-30 06:06:18	usegalaxy-eu	infrastructure
2020-04-30 02:05:31	usegalaxy-eu	infrastructure
2020-04-29 22:05:25	usegalaxy-eu	infrastructure
2020-04-29 18:05:43	usegalaxy-eu	infrastructure
2020-04-29 14:05:28	usegalaxy-eu	infrastructure
2020-04-29 10:18:35	galaxyproject	training-material
2020-04-29 10:05:50	usegalaxy-eu	infrastructure
2020-04-29 06:05:25	usegalaxy-eu	infrastructure
2020-04-29 02:05:26	usegalaxy-eu	infrastructure
2020-04-28 22:05:34	usegalaxy-eu	infrastructure
2020-04-28 18:05:22	usegalaxy-eu	infrastructure
2020-04-28 14:05:20	usegalaxy-eu	infrastructure
2020-04-28 11:26:15	galaxyproject	tools-iuc
2020-04-28 10:05:27	usegalaxy-eu	infrastructure
2020-04-28 02:05:30	usegalaxy-eu	infrastructure
2020-04-27 22:05:30	usegalaxy-eu	infrastructure
2020-04-27 18:05:28	usegalaxy-eu	infrastructure
2020-04-27 14:05:27	usegalaxy-eu	infrastructure
2020-04-27 10:05:45	usegalaxy-eu	infrastructure
2020-04-27 02:05:36	usegalaxy-eu	infrastructure
2020-04-26 22:05:24	usegalaxy-eu	infrastructure
2020-04-26 18:05:37	usegalaxy-eu	infrastructure
2020-04-26 14:05:50	usegalaxy-eu	infrastructure
2020-04-26 10:05:43	usegalaxy-eu	infrastructure
2020-04-26 06:05:25	usegalaxy-eu	infrastructure
2020-04-26 02:05:21	usegalaxy-eu	infrastructure
2020-04-25 22:05:27	usegalaxy-eu	infrastructure
2020-04-25 18:05:21	usegalaxy-eu	infrastructure
2020-04-25 14:05:42	usegalaxy-eu	infrastructure
2020-04-25 10:05:32	usegalaxy-eu	infrastructure
2020-04-25 06:05:26	usegalaxy-eu	infrastructure
2020-04-25 02:05:39	usegalaxy-eu	infrastructure
2020-04-25 01:29:05	usegalaxy-eu	usegalaxy-eu-tools
2020-04-24 22:05:27	usegalaxy-eu	infrastructure
2020-04-24 18:05:21	usegalaxy-eu	infrastructure
2020-04-24 14:05:24	usegalaxy-eu	infrastructure
2020-04-24 10:05:30	usegalaxy-eu	infrastructure
2020-04-24 06:05:22	usegalaxy-eu	infrastructure
2020-04-24 02:05:27	usegalaxy-eu	infrastructure
2020-04-23 22:05:31	usegalaxy-eu	infrastructure
2020-04-23 22:00:16	usegalaxy-eu	grafana-dashboards
2020-04-23 18:05:36	usegalaxy-eu	infrastructure
2020-04-23 10:05:44	usegalaxy-eu	infrastructure
2020-04-23 06:05:20	usegalaxy-eu	infrastructure
2020-04-23 02:05:22	usegalaxy-eu	infrastructure
2020-04-22 22:05:25	usegalaxy-eu	infrastructure
2020-04-22 18:05:27	usegalaxy-eu	infrastructure
2020-04-22 14:05:42	usegalaxy-eu	infrastructure
2020-04-21 02:05:34	usegalaxy-eu	infrastructure
2020-04-20 22:05:27	usegalaxy-eu	infrastructure
2020-04-20 18:05:26	usegalaxy-eu	infrastructure
2020-04-20 15:53:48	galaxyproject	galaxy
2020-04-20 15:03:09	gmauro	galaxy
2020-04-20 14:05:33	usegalaxy-eu	infrastructure
2020-04-20 10:05:51	usegalaxy-eu	infrastructure
2020-04-20 08:34:19	hexylena	tools-iuc
2020-04-20 07:46:03	hexylena	tools-iuc
2020-04-20 07:39:36	hexylena	tools-iuc
2020-04-20 07:27:45	hexylena	galaxyxml
2020-04-20 07:27:16	hexylena	galaxyxml
2020-04-20 06:06:15	usegalaxy-eu	infrastructure
2020-04-20 02:05:48	usegalaxy-eu	infrastructure
2020-04-19 22:05:30	usegalaxy-eu	infrastructure
2020-04-19 18:05:36	usegalaxy-eu	infrastructure
2020-04-19 14:05:29	usegalaxy-eu	infrastructure
2020-04-19 10:05:24	usegalaxy-eu	infrastructure
2020-04-19 06:05:28	usegalaxy-eu	infrastructure
2020-04-19 02:05:26	usegalaxy-eu	infrastructure
2020-04-18 22:05:38	usegalaxy-eu	infrastructure
2020-04-18 18:05:25	usegalaxy-eu	infrastructure
2020-04-18 14:05:22	usegalaxy-eu	infrastructure
2020-04-18 10:05:33	usegalaxy-eu	infrastructure
2020-04-18 06:37:10	usegalaxy-eu	infrastructure
2020-04-18 06:05:28	usegalaxy-eu	infrastructure
2020-04-18 02:05:28	usegalaxy-eu	infrastructure
2020-04-18 01:28:12	usegalaxy-eu	usegalaxy-eu-tools
2020-04-17 22:05:30	usegalaxy-eu	infrastructure
2020-04-17 18:05:22	usegalaxy-eu	infrastructure
2020-04-17 14:05:32	usegalaxy-eu	infrastructure
2020-04-17 10:05:23	usegalaxy-eu	infrastructure
2020-04-17 08:59:49	galaxyproject	training-material
2020-04-17 06:05:29	usegalaxy-eu	infrastructure
2020-04-17 02:05:29	usegalaxy-eu	infrastructure
2020-04-16 22:05:29	usegalaxy-eu	infrastructure
2020-04-16 18:05:37	usegalaxy-eu	infrastructure
2020-04-16 14:05:45	usegalaxy-eu	infrastructure
2020-04-16 13:20:04	usegalaxy-eu	usegalaxy-eu-tools
2020-04-16 10:05:24	usegalaxy-eu	infrastructure
2020-04-16 09:40:28	galaxyproject	ansible-cvmfs
2020-04-16 06:05:36	usegalaxy-eu	infrastructure
2020-04-16 02:05:21	usegalaxy-eu	infrastructure
2020-04-15 22:05:29	usegalaxy-eu	infrastructure
2020-04-15 22:00:14	usegalaxy-eu	grafana-dashboards
2020-04-15 18:05:50	usegalaxy-eu	infrastructure
2020-04-15 14:05:37	usegalaxy-eu	infrastructure
2020-04-15 10:05:28	usegalaxy-eu	infrastructure
2020-04-15 09:46:06	galaxyproject	galaxy-hub
2020-04-15 06:05:37	usegalaxy-eu	infrastructure
2020-04-15 02:05:25	usegalaxy-eu	infrastructure
2020-04-14 22:05:41	usegalaxy-eu	infrastructure
2020-04-14 18:05:26	usegalaxy-eu	infrastructure
2020-04-14 17:25:30	usegalaxy-eu	infrastructure-playbook
2020-04-14 16:42:07	usegalaxy-eu	infrastructure-playbook
2020-04-14 15:40:03	hexylena	tools-iuc
2020-04-14 14:46:44	hexylena	tools-iuc
2020-04-14 14:17:22	galaxy-genome-annotation	galaxy-tools
2020-04-14 14:05:22	usegalaxy-eu	infrastructure
2020-04-14 10:05:22	usegalaxy-eu	infrastructure
2020-04-14 09:03:40	usegalaxy-eu	workflow-testing
2020-04-14 06:05:35	usegalaxy-eu	infrastructure
2020-04-14 02:05:21	usegalaxy-eu	infrastructure
2020-04-13 22:05:21	usegalaxy-eu	infrastructure
2020-04-13 18:05:21	usegalaxy-eu	infrastructure
2020-04-13 14:05:20	usegalaxy-eu	infrastructure
2020-04-13 10:05:20	usegalaxy-eu	infrastructure
2020-04-13 06:05:26	usegalaxy-eu	infrastructure
2020-04-13 02:05:27	usegalaxy-eu	infrastructure
2020-04-12 22:05:27	usegalaxy-eu	infrastructure
2020-04-12 18:05:37	usegalaxy-eu	infrastructure
2020-04-12 14:05:42	usegalaxy-eu	infrastructure
2020-04-12 10:05:41	usegalaxy-eu	infrastructure
2020-04-12 06:05:33	usegalaxy-eu	infrastructure
2020-04-12 02:05:28	usegalaxy-eu	infrastructure
2020-04-11 22:05:25	usegalaxy-eu	infrastructure
2020-04-11 18:05:30	usegalaxy-eu	infrastructure
2020-04-11 14:05:37	usegalaxy-eu	infrastructure
2020-04-11 10:05:29	usegalaxy-eu	infrastructure
2020-04-11 06:05:24	usegalaxy-eu	infrastructure
2020-04-11 02:05:53	usegalaxy-eu	infrastructure
2020-04-11 01:28:09	usegalaxy-eu	usegalaxy-eu-tools
2020-04-10 22:05:28	usegalaxy-eu	infrastructure
2020-04-10 18:05:27	usegalaxy-eu	infrastructure
2020-04-10 14:05:24	usegalaxy-eu	infrastructure
2020-04-10 10:05:32	usegalaxy-eu	infrastructure
2020-04-10 06:05:34	usegalaxy-eu	infrastructure
2020-04-10 02:05:44	usegalaxy-eu	infrastructure
2020-04-09 22:05:22	usegalaxy-eu	infrastructure
2020-04-09 18:05:32	usegalaxy-eu	infrastructure
2020-04-09 14:05:32	usegalaxy-eu	infrastructure
2020-04-09 10:05:37	usegalaxy-eu	infrastructure
2020-04-09 08:59:45	usegalaxy-eu	usegalaxy-eu-tools
2020-04-09 07:48:06	usegalaxy-eu	gxadmin
2020-04-09 07:47:39	usegalaxy-eu	gxadmin
2020-04-09 07:47:28	natefoo	gxadmin
2020-04-09 06:12:03	usegalaxy-eu	infrastructure
2020-04-09 02:05:22	usegalaxy-eu	infrastructure
2020-04-08 22:05:29	usegalaxy-eu	infrastructure
2020-04-08 22:00:10	usegalaxy-eu	grafana-dashboards
2020-04-08 19:17:50	usegalaxy-eu	infrastructure
2020-04-08 19:16:13	usegalaxy-eu	infrastructure
2020-04-08 19:15:16	usegalaxy-eu	infrastructure-playbook
2020-04-08 19:14:39	usegalaxy-eu	infrastructure
2020-04-08 19:13:02	usegalaxy-eu	infrastructure
2020-04-08 19:11:29	usegalaxy-eu	infrastructure
2020-04-08 19:09:49	usegalaxy-eu	infrastructure
2020-04-08 19:08:01	usegalaxy-eu	infrastructure
2020-04-08 19:06:21	usegalaxy-eu	infrastructure
2020-04-08 19:04:49	usegalaxy-eu	infrastructure
2020-04-08 19:02:57	usegalaxy-eu	infrastructure
2020-04-08 19:01:25	usegalaxy-eu	infrastructure
2020-04-08 18:59:51	usegalaxy-eu	infrastructure
2020-04-08 18:36:41	usegalaxy-eu	infrastructure
2020-04-08 18:34:53	usegalaxy-eu	infrastructure
2020-04-08 18:32:52	usegalaxy-eu	infrastructure
2020-04-08 18:31:07	usegalaxy-eu	infrastructure
2020-04-08 18:29:36	usegalaxy-eu	infrastructure
2020-04-08 18:27:47	usegalaxy-eu	infrastructure
2020-04-08 18:26:13	usegalaxy-eu	infrastructure
2020-04-08 18:24:16	usegalaxy-eu	infrastructure
2020-04-08 18:22:44	usegalaxy-eu	infrastructure
2020-04-08 18:20:44	usegalaxy-eu	infrastructure
2020-04-08 18:18:59	usegalaxy-eu	infrastructure
2020-04-08 18:17:29	usegalaxy-eu	infrastructure
2020-04-08 18:15:37	usegalaxy-eu	infrastructure
2020-04-08 18:13:56	usegalaxy-eu	infrastructure
2020-04-08 18:12:30	usegalaxy-eu	infrastructure
2020-04-08 18:10:57	usegalaxy-eu	infrastructure
2020-04-08 18:09:11	usegalaxy-eu	infrastructure
2020-04-08 18:07:29	usegalaxy-eu	infrastructure
2020-04-08 18:05:51	usegalaxy-eu	infrastructure
2020-04-08 17:00:12	usegalaxy-eu	infrastructure
2020-04-08 16:58:13	usegalaxy-eu	infrastructure
2020-04-08 16:56:41	usegalaxy-eu	infrastructure
2020-04-08 16:55:09	usegalaxy-eu	infrastructure
2020-04-08 16:53:21	usegalaxy-eu	infrastructure
2020-04-08 16:51:34	usegalaxy-eu	infrastructure
2020-04-08 16:06:56	usegalaxy-eu	infrastructure
2020-04-08 15:56:04	usegalaxy-eu	infrastructure
2020-04-08 15:52:34	usegalaxy-eu	infrastructure
2020-04-08 15:50:41	usegalaxy-eu	infrastructure
2020-04-08 15:48:59	usegalaxy-eu	infrastructure
2020-04-08 15:47:21	usegalaxy-eu	infrastructure
2020-04-08 15:45:32	usegalaxy-eu	infrastructure
2020-04-08 15:43:33	usegalaxy-eu	infrastructure
2020-04-08 15:42:09	usegalaxy-eu	infrastructure
2020-04-08 15:40:39	usegalaxy-eu	infrastructure
2020-04-08 15:38:58	usegalaxy-eu	infrastructure
2020-04-08 15:37:27	usegalaxy-eu	infrastructure
2020-04-08 15:35:51	usegalaxy-eu	infrastructure
2020-04-08 15:34:24	usegalaxy-eu	infrastructure
2020-04-08 15:32:46	usegalaxy-eu	infrastructure
2020-04-08 15:31:04	usegalaxy-eu	infrastructure
2020-04-08 15:29:18	usegalaxy-eu	infrastructure
2020-04-08 15:27:25	usegalaxy-eu	infrastructure
2020-04-08 15:25:34	usegalaxy-eu	infrastructure
2020-04-08 15:23:56	usegalaxy-eu	infrastructure
2020-04-08 15:22:18	usegalaxy-eu	infrastructure
2020-04-08 15:20:39	usegalaxy-eu	infrastructure
2020-04-08 15:18:59	usegalaxy-eu	infrastructure
2020-04-08 15:17:12	usegalaxy-eu	infrastructure
2020-04-08 15:15:25	usegalaxy-eu	infrastructure
2020-04-08 15:13:45	usegalaxy-eu	infrastructure
2020-04-08 15:12:00	usegalaxy-eu	infrastructure
2020-04-08 15:10:06	usegalaxy-eu	infrastructure
2020-04-08 15:08:27	usegalaxy-eu	infrastructure
2020-04-08 15:06:32	usegalaxy-eu	infrastructure
2020-04-08 15:04:56	usegalaxy-eu	infrastructure
2020-04-08 15:03:26	usegalaxy-eu	infrastructure
2020-04-08 15:01:46	usegalaxy-eu	infrastructure
2020-04-08 15:00:14	usegalaxy-eu	infrastructure
2020-04-08 14:58:36	usegalaxy-eu	infrastructure
2020-04-08 14:56:46	usegalaxy-eu	infrastructure
2020-04-08 14:55:02	usegalaxy-eu	infrastructure
2020-04-08 14:53:35	usegalaxy-eu	infrastructure
2020-04-08 14:51:59	usegalaxy-eu	infrastructure
2020-04-08 14:50:25	usegalaxy-eu	infrastructure
2020-04-08 14:48:50	usegalaxy-eu	infrastructure
2020-04-08 14:47:01	usegalaxy-eu	infrastructure
2020-04-08 14:45:29	usegalaxy-eu	infrastructure
2020-04-08 14:43:56	usegalaxy-eu	infrastructure
2020-04-08 14:42:25	usegalaxy-eu	infrastructure
2020-04-08 14:40:45	usegalaxy-eu	infrastructure
2020-04-08 14:39:10	usegalaxy-eu	infrastructure
2020-04-08 14:37:17	usegalaxy-eu	infrastructure
2020-04-08 14:35:43	usegalaxy-eu	infrastructure
2020-04-08 14:34:09	usegalaxy-eu	infrastructure
2020-04-08 14:32:16	usegalaxy-eu	infrastructure
2020-04-08 14:30:35	usegalaxy-eu	infrastructure
2020-04-08 14:29:05	usegalaxy-eu	infrastructure
2020-04-08 14:27:32	usegalaxy-eu	infrastructure
2020-04-08 14:25:44	usegalaxy-eu	infrastructure
2020-04-08 14:24:15	usegalaxy-eu	infrastructure
2020-04-08 14:22:21	usegalaxy-eu	infrastructure
2020-04-08 14:20:27	usegalaxy-eu	infrastructure
2020-04-08 14:18:55	usegalaxy-eu	infrastructure
2020-04-08 14:17:12	usegalaxy-eu	infrastructure
2020-04-08 14:15:36	usegalaxy-eu	infrastructure
2020-04-08 14:13:53	usegalaxy-eu	infrastructure
2020-04-08 14:12:13	usegalaxy-eu	infrastructure
2020-04-08 14:10:42	usegalaxy-eu	infrastructure
2020-04-08 14:08:44	usegalaxy-eu	infrastructure
2020-04-08 14:07:03	usegalaxy-eu	infrastructure
2020-04-08 14:05:42	usegalaxy-eu	infrastructure
2020-04-08 14:03:54	usegalaxy-eu	infrastructure
2020-04-08 14:02:12	usegalaxy-eu	infrastructure
2020-04-08 14:00:40	usegalaxy-eu	infrastructure
2020-04-08 13:58:51	usegalaxy-eu	infrastructure
2020-04-08 13:57:24	usegalaxy-eu	infrastructure
2020-04-08 13:55:36	usegalaxy-eu	infrastructure
2020-04-08 13:53:51	usegalaxy-eu	infrastructure
2020-04-08 13:52:18	usegalaxy-eu	infrastructure
2020-04-08 13:50:47	usegalaxy-eu	infrastructure
2020-04-08 13:49:04	usegalaxy-eu	infrastructure
2020-04-08 13:47:14	usegalaxy-eu	infrastructure
2020-04-08 13:45:42	usegalaxy-eu	infrastructure
2020-04-08 13:44:07	usegalaxy-eu	infrastructure
2020-04-08 13:42:25	usegalaxy-eu	infrastructure
2020-04-08 13:40:51	usegalaxy-eu	infrastructure
2020-04-08 13:39:19	usegalaxy-eu	infrastructure
2020-04-08 13:37:37	usegalaxy-eu	infrastructure
2020-04-08 13:36:07	usegalaxy-eu	infrastructure
2020-04-08 13:34:33	usegalaxy-eu	infrastructure
2020-04-08 13:32:42	usegalaxy-eu	infrastructure
2020-04-08 13:31:00	usegalaxy-eu	infrastructure
2020-04-08 13:29:22	usegalaxy-eu	infrastructure
2020-04-08 13:27:25	usegalaxy-eu	infrastructure
2020-04-08 13:25:33	usegalaxy-eu	infrastructure
2020-04-08 13:23:49	usegalaxy-eu	infrastructure
2020-04-08 13:22:02	usegalaxy-eu	infrastructure
2020-04-08 13:20:24	usegalaxy-eu	infrastructure
2020-04-08 13:18:44	usegalaxy-eu	infrastructure
2020-04-08 13:16:55	usegalaxy-eu	infrastructure
2020-04-08 13:15:16	usegalaxy-eu	infrastructure
2020-04-08 13:13:28	usegalaxy-eu	infrastructure
2020-04-08 13:11:50	usegalaxy-eu	infrastructure
2020-04-08 13:09:54	usegalaxy-eu	infrastructure
2020-04-08 13:08:23	usegalaxy-eu	infrastructure
2020-04-08 13:06:38	usegalaxy-eu	infrastructure
2020-04-08 13:04:50	usegalaxy-eu	infrastructure
2020-04-08 13:03:19	usegalaxy-eu	infrastructure
2020-04-08 13:01:42	usegalaxy-eu	infrastructure
2020-04-08 13:00:04	usegalaxy-eu	infrastructure
2020-04-08 12:58:15	usegalaxy-eu	infrastructure
2020-04-08 12:56:36	usegalaxy-eu	infrastructure
2020-04-08 12:54:59	usegalaxy-eu	infrastructure
2020-04-08 12:53:23	usegalaxy-eu	infrastructure
2020-04-08 12:51:58	usegalaxy-eu	infrastructure
2020-04-08 12:49:56	usegalaxy-eu	infrastructure
2020-04-08 12:48:01	usegalaxy-eu	infrastructure
2020-04-08 12:46:16	usegalaxy-eu	infrastructure
2020-04-08 12:44:42	usegalaxy-eu	infrastructure
2020-04-08 12:43:11	usegalaxy-eu	infrastructure
2020-04-08 12:41:38	usegalaxy-eu	infrastructure
2020-04-08 12:32:12	usegalaxy-eu	infrastructure
2020-04-08 08:10:44	usegalaxy-eu	gxadmin
2020-04-07 22:00:09	usegalaxy-eu	grafana-dashboards
2020-04-07 10:29:01	hexylena	tools-iuc
2020-04-07 08:46:37	usegalaxy-eu	infrastructure-playbook
2020-04-07 08:26:45	usegalaxy-eu	infrastructure-playbook
2020-04-06 16:10:50	hexylena	tools-iuc
2020-04-06 14:54:47	hexylena	tools-iuc
2020-04-06 09:54:06	hexylena	tools-iuc
2020-04-04 20:36:40	usegalaxy-eu	usegalaxy-eu-tools
2020-04-04 20:21:13	hexylena	tools-iuc
2020-04-04 01:28:16	usegalaxy-eu	usegalaxy-eu-tools
2020-04-02 11:41:02	usegalaxy-eu	infrastructure
2020-04-02 11:38:24	usegalaxy-eu	infrastructure
2020-04-02 10:39:25	usegalaxy-eu	infrastructure
2020-04-02 10:36:48	usegalaxy-eu	infrastructure
2020-04-02 10:34:02	usegalaxy-eu	infrastructure
2020-04-02 06:08:48	usegalaxy-eu	usegalaxy-eu-tools
2020-03-31 13:14:16	usegalaxy-eu	gxadmin
2020-03-31 11:06:43	hexylena	tools-iuc
2020-03-30 17:06:27	hexylena	tools-iuc
2020-03-30 15:03:56	hexylena	tools-iuc
2020-03-30 14:07:00	hexylena	tools-iuc
2020-03-30 14:00:20	hexylena	tools-iuc
2020-03-30 12:15:59	hexylena	tools-iuc
2020-03-30 11:54:39	hexylena	tools-iuc
2020-03-30 10:28:01	hexylena	tools-iuc
2020-03-30 10:27:44	galaxyproject	tools-iuc
2020-03-30 10:26:56	galaxyproject	tools-iuc
2020-03-30 09:52:32	galaxyproject	tools-iuc
2020-03-30 09:43:55	galaxyproject	tools-iuc
2020-03-28 02:27:33	usegalaxy-eu	usegalaxy-eu-tools
2020-03-27 02:44:33	usegalaxy-eu	shared-data
2020-03-26 22:53:48	usegalaxy-eu	usegalaxy-eu-tools
2020-03-25 21:11:27	usegalaxy-eu	usegalaxy-eu-tools
2020-03-24 22:37:23	usegalaxy-eu	infrastructure
2020-03-24 22:34:48	usegalaxy-eu	infrastructure
2020-03-24 20:34:05	usegalaxy-eu	usegalaxy-eu-tools
2020-03-24 16:11:51	usegalaxy-eu	infrastructure
2020-03-24 16:09:15	usegalaxy-eu	infrastructure
2020-03-24 16:06:02	usegalaxy-eu	infrastructure
2020-03-24 15:09:41	usegalaxy-eu	infrastructure
2020-03-24 15:06:47	usegalaxy-eu	infrastructure
2020-03-23 09:54:36	usegalaxy-eu	ansible-certbot
2020-03-23 09:17:33	galaxy-carpentries	gallantries
2020-03-21 15:52:38	usegalaxy-eu	usegalaxy-eu-tools
2020-03-21 02:36:45	usegalaxy-eu	usegalaxy-eu-tools
2020-03-16 19:27:02	usegalaxy-eu	infrastructure
2020-03-16 19:23:47	usegalaxy-eu	infrastructure
2020-03-16 19:21:12	usegalaxy-eu	infrastructure
2020-03-16 08:27:11	yvanlebras	GAPARS_Galaxy
2020-03-16 08:26:48	GMOD	jbrowse-registry
2020-03-15 14:43:10	usegalaxy-eu	infrastructure
2020-03-15 14:40:27	usegalaxy-eu	infrastructure
2020-03-15 14:37:53	usegalaxy-eu	infrastructure
2020-03-14 02:27:25	usegalaxy-eu	usegalaxy-eu-tools
2020-03-13 12:01:07	usegalaxy-eu	gxadmin
2020-03-13 11:58:09	usegalaxy-eu	gxadmin
2020-03-13 11:56:32	usegalaxy-eu	gxadmin
2020-03-13 11:55:39	lldelisle	gxadmin
2020-03-12 04:20:59	usegalaxy-eu	usegalaxy-eu-tools
2020-03-11 15:15:59	galaxyproject	admin-training
2020-03-11 15:08:11	galaxyproject	admin-training
2020-03-10 20:26:00	usegalaxy-eu	usegalaxy-eu-tools
2020-03-10 16:52:45	hexylena	kami-solver
2020-03-10 09:41:02	usegalaxy-eu	ansible-gxadmin
2020-03-10 09:32:56	usegalaxy-eu	ansible-gxadmin
2020-03-07 10:54:35	usegalaxy-eu	usegalaxy-eu-tools
2020-03-06 15:54:32	galaxyproject	admin-training
2020-03-06 15:16:52	galaxyproject	training-material
2020-03-06 14:53:38	hexylena	training-material
2020-03-06 14:12:30	galaxyproject	admin-training
2020-03-06 14:10:23	galaxyproject	admin-training
2020-03-06 13:54:41	usegalaxy-eu	ansible-gxadmin
2020-03-06 13:49:01	hexylena	training-material
2020-03-06 13:42:27	hexylena	training-material
2020-03-06 12:06:05	galaxyproject	dagobah-training
2020-03-06 11:45:00	hexylena	training-material
2020-03-06 11:34:57	hexylena	training-material
2020-03-06 10:59:41	hexylena	training-material
2020-03-06 10:14:12	galaxyproject	training-material
2020-03-06 09:58:23	shiltemann	training-material
2020-03-06 09:51:56	galaxyproject	galaxy-hub
2020-03-06 09:04:20	galaxyproject	dagobah-training
2020-03-06 08:56:52	galaxyproject	dagobah-training
2020-03-06 08:49:11	galaxyproject	dagobah-training
2020-03-06 08:46:15	galaxyproject	dagobah-training
2020-03-06 08:45:22	galaxyproject	dagobah-training
2020-03-06 08:44:25	galaxyproject	dagobah-training
2020-03-06 08:34:47	galaxyproject	dagobah-training
2020-03-06 07:54:27	galaxyproject	dagobah-training
2020-03-06 02:44:32	usegalaxy-eu	shared-data
2020-03-05 16:57:33	hexylena	training-material
2020-03-05 16:56:06	galaxyproject	training-material
2020-03-05 16:55:18	galaxyproject	training-material
2020-03-05 16:54:58	natefoo	training-material
2020-03-05 16:26:12	usegalaxy-eu	gxadmin
2020-03-05 16:25:04	usegalaxy-eu	gxadmin
2020-03-05 14:24:30	galaxyproject	dagobah-training
2020-03-05 13:57:18	galaxyproject	training-material
2020-03-05 13:55:59	hexylena	training-material
2020-03-05 13:51:10	hexylena	training-material
2020-03-04 18:51:37	galaxyproject	training-material
2020-03-04 18:51:19	galaxyproject	training-material
2020-03-04 18:48:31	galaxyproject	training-material
2020-03-04 18:36:47	mvdbeek	training-material
2020-03-04 18:34:58	hexylena	training-material
2020-03-04 18:29:24	hexylena	training-material
2020-03-04 18:14:09	hexylena	training-material
2020-03-04 18:12:23	hexylena	training-material
2020-03-04 17:16:42	galaxyproject	training-material
2020-03-04 16:28:06	galaxyproject	training-material
2020-03-04 15:42:23	galaxyproject	training-material
2020-03-04 15:36:40	galaxyproject	training-material
2020-03-04 15:35:58	galaxyproject	training-material
2020-03-04 15:29:39	usegalaxy-eu	gxadmin
2020-03-04 12:59:29	galaxyproject	training-material
2020-03-04 12:56:30	hexylena	training-material
2020-03-04 12:47:55	galaxyproject	training-material
2020-03-04 08:43:30	hexylena	training-material
2020-03-04 08:21:58	hexylena	training-material
2020-03-04 08:07:58	hexylena	training-material
2020-03-04 07:59:01	hexylena	training-material
2020-03-04 07:57:52	hexylena	galaxy
2020-03-04 07:57:44	hexylena	galaxy
2020-03-03 18:17:51	hexylena	training-material
2020-03-03 17:30:22	hexylena	galaxy
2020-03-03 17:18:31	galaxyproject	dagobah-training
2020-03-03 17:10:18	galaxyproject	dagobah-training
2020-03-03 17:09:21	galaxyproject	dagobah-training
2020-03-03 16:44:59	galaxyproject	dagobah-training
2020-03-03 16:26:13	hexylena	galaxy
2020-03-03 15:45:27	galaxyproject	training-material
2020-03-03 15:15:54	galaxyproject	galaxy
2020-03-03 14:50:36	galaxyproject	dagobah-training
2020-03-03 08:26:22	hexylena	training-material
2020-03-03 08:14:57	galaxyproject	dagobah-training
2020-03-03 08:01:14	galaxyproject	training-material
2020-03-02 18:21:00	galaxyproject	training-material
2020-03-02 17:47:55	hexylena	galaxy
2020-03-02 08:39:39	galaxyproject	dagobah-training
2020-03-02 07:56:54	galaxyproject	dagobah-training
2020-03-02 07:40:00	galaxyproject	dagobah-training
2020-03-02 06:04:38	galaxyproject	training-material
2020-03-01 17:28:15	galaxyproject	ansible-pulsar
2020-03-01 16:55:15	hexylena	training-material
2020-03-01 16:41:46	hexylena	training-material
2020-03-01 16:40:44	hexylena	training-material
2020-03-01 16:20:11	galaxyproject	ansible-pulsar
2020-03-01 15:59:51	galaxyproject	training-material
2020-03-01 07:37:04	galaxyproject	dagobah-training
2020-03-01 07:09:31	usegalaxy-eu	infrastructure
2020-03-01 07:06:54	usegalaxy-eu	infrastructure
2020-03-01 07:04:15	usegalaxy-eu	infrastructure
2020-03-01 06:49:47	usegalaxy-eu	infrastructure
2020-02-29 19:48:21	galaxyproject	training-material
2020-02-29 07:18:24	hexylena	training-material
2020-02-29 02:26:59	usegalaxy-eu	usegalaxy-eu-tools
2020-02-28 19:17:40	galaxyproject	dagobah-training
2020-02-28 19:16:09	galaxyproject	training-material
2020-02-28 19:15:17	galaxyproject	training-material
2020-02-28 18:37:28	galaxyproject	training-material
2020-02-28 18:28:07	natefoo	training-material
2020-02-28 18:18:56	galaxyproject	dagobah-training
2020-02-28 18:13:48	hexylena	training-material
2020-02-28 18:04:18	galaxyproject	training-material
2020-02-28 18:00:08	galaxyproject	dagobah-training
2020-02-28 17:58:40	natefoo	training-material
2020-02-28 17:50:09	natefoo	training-material
2020-02-28 17:48:33	galaxyproject	dagobah-training
2020-02-28 17:42:15	galaxyproject	training-material
2020-02-28 17:38:03	natefoo	training-material
2020-02-28 17:35:57	hexylena	training-material
2020-02-28 17:12:30	galaxyproject	dagobah-training
2020-02-28 17:10:14	galaxyproject	dagobah-training
2020-02-28 15:58:48	hexylena	training-material
2020-02-28 12:01:58	galaxyproject	ansible-pulsar
2020-02-28 10:03:30	galaxyproject	training-material
2020-02-28 10:01:38	galaxyproject	dagobah-training
2020-02-27 20:24:21	galaxyproject	training-material
2020-02-27 15:57:51	galaxyproject	ansible-pulsar
2020-02-27 15:34:35	hexylena	training-material
2020-02-27 15:26:05	galaxyproject	ansible-pulsar
2020-02-27 15:21:31	galaxyproject	training-material
2020-02-27 13:44:53	natefoo	training-material
2020-02-27 13:26:24	natefoo	training-material
2020-02-27 12:56:03	usegalaxy-eu	infrastructure
2020-02-27 12:53:42	usegalaxy-eu	infrastructure
2020-02-27 12:51:52	usegalaxy-eu	infrastructure
2020-02-27 12:49:06	usegalaxy-eu	infrastructure
2020-02-27 09:32:38	usegalaxy-eu	tiaas2
2020-02-27 09:26:28	usegalaxy-eu	tiaas2
2020-02-27 09:10:45	usegalaxy-eu	tiaas2
2020-02-27 08:02:00	galaxyproject	training-material
2020-02-26 21:34:28	galaxyproject	training-material
2020-02-26 21:22:09	usegalaxy-eu	infrastructure-playbook
2020-02-26 21:22:04	usegalaxy-eu	shared-data
2020-02-26 14:54:30	galaxyproject	training-material
2020-02-26 13:52:12	usegalaxy-eu	tiaas2
2020-02-26 13:34:44	usegalaxy-eu	tiaas2
2020-02-26 13:28:43	usegalaxy-eu	tiaas2
2020-02-26 13:27:16	usegalaxy-eu	tiaas2
2020-02-26 13:24:36	usegalaxy-eu	tiaas2
2020-02-26 13:23:39	usegalaxy-eu	tiaas2
2020-02-26 13:22:02	usegalaxy-eu	tiaas2
2020-02-26 12:28:05	usegalaxy-eu	tiaas2
2020-02-26 12:22:45	usegalaxy-eu	tiaas2
2020-02-26 07:58:16	hexylena	training-material
2020-02-26 07:07:13	galaxyproject	dagobah-training
2020-02-26 06:35:21	natefoo	training-material
2020-02-26 06:24:40	galaxyproject	training-material
2020-02-26 06:23:42	nsoranzo	training-material
2020-02-26 06:19:10	galaxyproject	training-material
2020-02-26 06:18:04	natefoo	training-material
2020-02-25 19:29:16	galaxyproject	training-material
2020-02-25 13:28:56	usegalaxy-eu	tiaas2
2020-02-25 13:27:11	usegalaxy-eu	tiaas2
2020-02-25 12:35:16	usegalaxy-eu	tiaas2
2020-02-25 12:34:24	usegalaxy-eu	tiaas2
2020-02-25 10:23:37	usegalaxy-eu	infrastructure
2020-02-25 10:21:44	usegalaxy-eu	infrastructure
2020-02-25 10:18:17	usegalaxy-eu	infrastructure
2020-02-25 09:53:09	hexylena	galaxy
2020-02-25 09:48:34	usegalaxy-eu	infrastructure-playbook
2020-02-25 09:48:10	usegalaxy-eu	ansible-tiaas2
2020-02-25 09:36:49	usegalaxy-eu	tiaas2
2020-02-24 18:27:53	hexylena	training-material
2020-02-24 17:52:25	galaxyproject	dagobah-training
2020-02-24 17:35:36	galaxyproject	ansible-pulsar
2020-02-24 17:28:37	hexylena	training-material
2020-02-24 16:53:41	galaxyproject	training-material
2020-02-24 16:41:10	galaxyproject	ansible-pulsar
2020-02-24 16:26:12	galaxyproject	ansible-pulsar
2020-02-24 16:22:15	galaxyproject	ansible-pulsar
2020-02-24 16:16:05	galaxyproject	ansible-pulsar
2020-02-24 16:13:06	galaxyproject	ansible-pulsar
2020-02-24 15:30:24	hexylena	galaxy
2020-02-24 15:29:50	hexylena	galaxy
2020-02-24 14:36:27	hexylena	galaxy
2020-02-24 14:35:51	hexylena	galaxy
2020-02-24 14:34:14	hexylena	galaxy
2020-02-24 13:56:54	galaxyproject	ansible-pulsar
2020-02-24 13:36:49	galaxyproject	ansible-pulsar
2020-02-24 13:31:25	galaxyproject	ansible-pulsar
2020-02-24 11:45:31	galaxyproject	dagobah-training
2020-02-24 11:42:20	galaxyproject	dagobah-training
2020-02-24 10:09:59	hexylena	training-material
2020-02-24 10:07:45	hexylena	training-material
2020-02-24 09:34:30	galaxyproject	training-material
2020-02-24 09:32:21	nsoranzo	training-material
2020-02-24 09:28:24	hexylena	training-material
2020-02-23 14:23:12	usegalaxy-eu	usegalaxy-eu-tools
2020-02-22 02:26:15	usegalaxy-eu	usegalaxy-eu-tools
2020-02-20 23:44:51	usegalaxy-eu	usegalaxy-eu-tools
2020-02-20 22:59:20	usegalaxy-eu	usegalaxy-eu-tools
2020-02-20 22:04:55	usegalaxy-eu	usegalaxy-eu-tools
2020-02-18 19:52:12	usegalaxy-eu	infrastructure
2020-02-18 19:50:23	usegalaxy-eu	infrastructure
2020-02-17 21:50:52	usegalaxy-eu	infrastructure
2020-02-17 21:48:56	usegalaxy-eu	infrastructure
2020-02-17 21:47:19	usegalaxy-eu	infrastructure
2020-02-17 20:04:08	usegalaxy-eu	usegalaxy-eu-tools
2020-02-16 22:10:56	usegalaxy-eu	usegalaxy-eu-tools
2020-02-14 11:18:33	galaxyproject	training-material
2020-02-14 10:45:25	galaxyproject	training-material
2020-02-14 10:44:49	galaxyproject	training-material
2020-02-14 10:29:26	galaxyproject	training-material
2020-02-14 09:27:20	galaxyproject	dagobah-training
2020-02-14 09:26:12	galaxyproject	training-material
2020-02-14 08:01:50	shiltemann	training-material
2020-02-14 07:59:30	galaxyproject	training-material
2020-02-13 16:37:25	usegalaxy-eu	tiaas2
2020-02-13 16:25:05	galaxyproject	training-material
2020-02-13 16:24:35	mvdbeek	training-material
2020-02-13 16:22:08	galaxyproject	training-material
2020-02-13 16:20:42	galaxyproject	training-material
2020-02-13 16:16:11	usegalaxy-eu	operations
2020-02-13 16:11:06	usegalaxy-eu	vgcn-infrastructure
2020-02-13 15:58:45	usegalaxy-eu	infrastructure-playbook
2020-02-13 15:56:09	usegalaxy-eu	tiaas2
2020-02-13 15:55:17	usegalaxy-eu	infrastructure-playbook
2020-02-13 15:50:42	usegalaxy-eu	tiaas2
2020-02-13 15:42:39	usegalaxy-eu	tiaas2
2020-02-13 15:41:48	usegalaxy-eu	tiaas2
2020-02-13 15:10:45	usegalaxy-eu	ansible-gxadmin
2020-02-13 15:05:13	usegalaxy-eu	gxadmin
2020-02-13 13:56:07	galaxyproject	galaxy-hub
2020-02-13 13:50:24	galaxyproject	galaxy-hub
2020-02-13 13:50:03	galaxyproject	galaxy-hub
2020-02-13 13:38:12	galaxyproject	training-material
2020-02-13 13:32:03	hexylena	training-material
2020-02-13 12:51:05	usegalaxy-eu	ansible-galaxy-systemd
2020-02-13 12:40:13	hexylena	training-material
2020-02-13 10:21:36	usegalaxy-eu	tiaas2
2020-02-13 10:20:13	usegalaxy-eu	tiaas2
2020-02-13 10:10:05	usegalaxy-eu	tiaas2
2020-02-13 10:05:15	usegalaxy-eu	tiaas2
2020-02-13 09:53:34	usegalaxy-eu	infrastructure-playbook
2020-02-13 09:50:01	usegalaxy-eu	tiaas2
2020-02-13 09:44:25	usegalaxy-eu	ansible-influxdb
2020-02-13 09:32:52	usegalaxy-eu	ansible-tiaas2
2020-02-13 09:31:40	usegalaxy-eu	infrastructure-playbook
2020-02-13 09:27:06	usegalaxy-eu	infrastructure-playbook
2020-02-13 09:24:41	usegalaxy-eu	ansible-tiaas2
2020-02-13 09:21:41	usegalaxy-eu	tiaas2
2020-02-13 09:02:18	usegalaxy-eu	infrastructure-playbook
2020-02-13 07:49:28	usegalaxy-eu	infrastructure-playbook
2020-02-13 07:44:46	usegalaxy-eu	infrastructure-playbook
2020-02-13 07:43:54	usegalaxy-eu	ansible-tiaas2
2020-02-13 07:39:10	usegalaxy-eu	infrastructure-playbook
2020-02-13 07:38:48	usegalaxy-eu	infrastructure-playbook
2020-02-13 07:32:30	usegalaxy-eu	ansible-tiaas2
2020-02-12 20:54:56	usegalaxy-eu	infrastructure-playbook
2020-02-12 20:54:08	hexylena	training-material
2020-02-12 20:41:45	usegalaxy-eu	infrastructure-playbook
2020-02-12 19:07:43	usegalaxy-eu	infrastructure-playbook
2020-02-12 19:02:11	usegalaxy-eu	infrastructure-playbook
2020-02-12 18:58:42	usegalaxy-eu	infrastructure-playbook
2020-02-12 18:51:18	usegalaxy-eu	ansible-influxdb
2020-02-12 16:27:06	galaxyproject	galaxy-hub
2020-02-12 16:09:17	usegalaxy-eu	ansible-tiaas2
2020-02-12 16:07:03	usegalaxy-eu	infrastructure-playbook
2020-02-12 16:06:03	shiltemann	training-material
2020-02-12 16:05:33	usegalaxy-eu	ansible-influxdb
2020-02-12 16:04:07	shiltemann	training-material
2020-02-12 16:01:33	usegalaxy-eu	ansible-influxdb
2020-02-12 15:48:57	usegalaxy-eu	tiaas2
2020-02-12 13:24:18	hexylena	training-material
2020-02-12 13:06:53	hexylena	training-material
2020-02-12 13:03:43	hexylena	training-material
2020-02-12 10:53:38	hexylena	training-material
2020-02-12 09:58:08	usegalaxy-eu	gxadmin
2020-02-12 09:56:55	usegalaxy-eu	gxadmin
2020-02-12 09:52:44	usegalaxy-eu	ansible-gxadmin
2020-02-12 09:50:11	usegalaxy-eu	gxadmin
2020-02-12 09:49:21	usegalaxy-eu	gxadmin
2020-02-12 09:45:16	usegalaxy-eu	gxadmin
2020-02-12 09:36:55	usegalaxy-eu	gxadmin
2020-02-12 09:34:58	usegalaxy-eu	gxadmin
2020-02-12 09:33:29	usegalaxy-eu	gxadmin
2020-02-12 09:31:41	usegalaxy-eu	gxadmin
2020-02-12 09:29:56	hexylena	training-material
2020-02-11 23:00:11	usegalaxy-eu	grafana-dashboards
2020-02-10 13:12:04	hexylena	training-material
2020-02-10 08:23:24	galaxyproject	galaxy-hub
2020-02-10 07:56:59	hexylena	training-material
2020-02-08 02:26:09	usegalaxy-eu	usegalaxy-eu-tools
2020-02-07 15:41:11	galaxyproject	planemo
2020-02-07 13:30:08	hexylena	galaxy
2020-02-05 20:31:46	hexylena	dotfiles
2020-02-05 10:10:21	galaxyproject	dagobah-training
2020-02-05 10:05:55	hexylena	training-material
2020-02-05 09:42:53	usegalaxy-eu	tiaas2
2020-02-05 09:33:56	usegalaxy-eu	tiaas2
2020-02-05 09:30:45	usegalaxy-eu	tiaas2
2020-02-05 09:19:21	usegalaxy-eu	ansible-tiaas2
2020-02-04 16:40:36	usegalaxy-eu	ansible-tiaas2
2020-02-04 16:39:17	usegalaxy-eu	ansible-tiaas2
2020-02-04 16:37:20	usegalaxy-eu	ansible-tiaas2
2020-02-04 16:04:57	usegalaxy-eu	tiaas2
2020-02-04 15:34:56	usegalaxy-eu	infrastructure-playbook
2020-02-04 15:26:26	usegalaxy-eu	tiaas2
2020-02-04 14:48:15	usegalaxy-eu	tiaas2
2020-02-04 14:47:54	usegalaxy-eu	ansible-tiaas2
2020-02-04 13:42:56	galaxyproject	dagobah-training
2020-02-04 13:41:38	galaxyproject	dagobah-training
2020-02-03 14:38:55	hexylena	training-material
2020-02-03 14:06:13	hexylena	training-material
2020-02-03 13:59:40	hexylena	training-material
2020-02-03 13:30:55	hexylena	galaxy
2020-02-03 13:22:36	galaxyproject	dagobah-training
2020-02-03 13:22:24	galaxyproject	dagobah-training
2020-02-03 11:30:17	usegalaxy-eu	ansible-galaxy-systemd
2020-02-03 11:00:00	usegalaxy-eu	ansible-galaxy-systemd
2020-02-03 10:57:59	usegalaxy-eu	ansible-galaxy-systemd
2020-02-03 10:55:55	usegalaxy-eu	ansible-certbot
2020-02-03 10:48:42	usegalaxy-eu	ansible-certbot
2020-02-03 10:37:48	usegalaxy-eu	ansible-galaxy-systemd
2020-02-03 10:18:44	galaxyproject	dagobah-training
2020-02-01 02:26:18	usegalaxy-eu	usegalaxy-eu-tools
2020-01-31 23:44:31	usegalaxy-eu	shared-data
2020-01-30 09:58:59	usegalaxy-eu	ansible-certbot
2020-01-29 16:01:30	usegalaxy-eu	vgcn-infrastructure
2020-01-29 14:55:12	hexylena	CircosThreadTone
2020-01-28 17:09:29	galaxyproject	tools-iuc
2020-01-28 08:48:12	usegalaxy-eu	infrastructure
2020-01-28 08:46:25	usegalaxy-eu	infrastructure
2020-01-25 10:36:50	usegalaxy-eu	usegalaxy-eu-tools
2020-01-24 10:47:12	hexylena	training-material
2020-01-24 09:42:23	usegalaxy-eu	ansible-certbot
2020-01-23 14:07:19	galaxyproject	dagobah-training
2020-01-23 12:54:04	shiltemann	training-material
2020-01-23 12:25:42	shiltemann	training-material
2020-01-23 10:22:53	galaxyproject	training-material
2020-01-21 16:12:42	usegalaxy-eu	usegalaxy-eu-tools
2020-01-19 23:16:52	usegalaxy-eu	usegalaxy-eu-tools
2020-01-19 05:23:11	GMOD	jbrowse-registry
2020-01-18 02:25:34	usegalaxy-eu	usegalaxy-eu-tools
2020-01-17 02:50:33	GMOD	jbrowse-registry
2020-01-17 02:29:38	GMOD	jbrowse-registry
2020-01-16 10:22:09	galaxyproject	training-material
2020-01-15 10:25:27	galaxyproject	dagobah-training
2020-01-14 11:02:10	galaxyproject	training-material
2020-01-11 07:50:41	usegalaxy-eu	usegalaxy-eu-tools
2020-01-10 21:17:10	usegalaxy-eu	infrastructure-playbook
2020-01-10 17:18:31	usegalaxy-eu	infrastructure-playbook
2020-01-10 11:22:56	galaxyproject	galaxy-hub
2020-01-10 11:05:09	galaxyproject	galaxy-hub
2020-01-10 09:50:47	nathandunn	training-material
2020-01-09 17:46:00	hexylena	training-material
2020-01-09 17:30:05	hexylena	galaxy
2020-01-09 16:32:15	hexylena	galaxy
2020-01-09 13:53:30	hexylena	hexylena.github.io
2020-01-09 13:53:27	erasche	erasche.github.io
2020-01-09 13:00:52	galaxyproject	tools-iuc
2020-01-09 12:56:55	galaxyproject	tools-iuc
2020-01-09 12:56:32	hexylena	training-material
2020-01-09 12:46:42	galaxyproject	tools-iuc
2020-01-09 09:39:31	galaxyproject	tools-iuc
2020-01-08 16:54:11	galaxyproject	dagobah-training
2020-01-08 16:30:29	galaxyproject	tools-iuc
2020-01-08 14:47:19	hexylena	training-material
2020-01-08 14:43:02	hexylena	training-material
2020-01-07 08:36:31	galaxyproject	galaxy-hub
2020-01-07 08:35:32	hexylena	galaxy-video-viz-plugin
2020-01-05 22:06:30	usegalaxy-eu	infrastructure
2020-01-05 22:04:50	usegalaxy-eu	infrastructure
2020-01-05 22:03:04	usegalaxy-eu	infrastructure
2019-12-28 02:25:52	usegalaxy-eu	usegalaxy-eu-tools
2019-12-23 16:21:01	erasche	training-material
2019-12-23 14:21:55	galaxyproject	tools-iuc
2019-12-23 12:40:47	usegalaxy-eu	tiaas-group-join
2019-12-23 12:36:12	usegalaxy-eu	tiaas-group-join
2019-12-21 02:25:33	usegalaxy-eu	usegalaxy-eu-tools
2019-12-19 14:33:00	galaxyproject	training-material
2019-12-19 11:58:06	erasche	docker-rstudio-notebook
2019-12-16 22:46:02	usegalaxy-eu	usegalaxy-eu-tools
2019-12-16 11:52:38	usegalaxy-eu	infrastructure
2019-12-16 11:51:07	usegalaxy-eu	infrastructure
2019-12-14 13:37:39	usegalaxy-eu	usegalaxy-eu-tools
2019-12-13 16:06:20	galaxyproject	training-material
2019-12-12 12:08:08	shiltemann	recipes
2019-12-12 11:42:44	shiltemann	recipes
2019-12-12 11:38:19	shiltemann	recipes
2019-12-12 11:38:00	shiltemann	recipes
2019-12-12 09:38:59	galaxyproject	training-material
2019-12-11 23:00:08	usegalaxy-eu	grafana-dashboards
2019-12-11 15:43:44	erasche	erasche.github.io
2019-12-10 09:49:30	galaxyproject	training-material
2019-12-10 07:29:44	galaxyproject	training-material
2019-12-09 14:24:08	galaxy-carpentries	gallantries
2019-12-09 14:23:44	galaxy-carpentries	gallantries
2019-12-09 14:15:00	galaxy-carpentries	gallantries
2019-12-09 13:18:01	erasche	training-material
2019-12-09 13:15:38	galaxyproject	galaxy-hub
2019-12-09 12:44:23	galaxy-carpentries	gallantries
2019-12-09 12:42:10	galaxy-carpentries	gallantries
2019-12-09 12:41:31	galaxy-carpentries	gallantries
2019-12-09 12:40:04	galaxy-carpentries	gallantries
2019-12-09 12:35:13	galaxy-carpentries	gallantries
2019-12-09 10:50:43	usegalaxy-eu	infrastructure-playbook
2019-12-09 08:52:26	galaxy-carpentries	gallantries-extras
2019-12-07 07:45:34	galaxyproject	training-material
2019-12-07 02:25:13	usegalaxy-eu	usegalaxy-eu-tools
2019-12-06 16:10:37	usegalaxy-eu	gxadmin
2019-12-05 23:00:08	usegalaxy-eu	grafana-dashboards
2019-12-04 23:00:07	usegalaxy-eu	grafana-dashboards
2019-12-04 11:16:11	usegalaxy-eu	workflow-testing
2019-12-02 09:27:59	bernt-matthias	tools-iuc
2019-11-30 23:44:31	usegalaxy-eu	shared-data
2019-11-30 02:24:47	usegalaxy-eu	usegalaxy-eu-tools
2019-11-29 13:17:11	erasche	erasche.github.io
2019-11-29 10:48:05	erasche	erasche.github.io
2019-11-23 02:25:19	usegalaxy-eu	usegalaxy-eu-tools
2019-11-22 23:00:08	usegalaxy-eu	grafana-dashboards
2019-11-22 18:14:22	usegalaxy-eu	infrastructure-playbook
2019-11-22 12:50:59	erasche	woordschaap
2019-11-22 12:25:09	galaxyproject	galaxy-hub
2019-11-22 11:25:52	galaxyproject	galaxy-hub
2019-11-22 09:43:12	usegalaxy-eu	shared-data
2019-11-22 09:42:32	usegalaxy-eu	shared-data
2019-11-22 09:37:28	usegalaxy-eu	shared-data
2019-11-22 09:32:45	usegalaxy-eu	infrastructure-playbook
2019-11-22 09:29:23	usegalaxy-eu	infrastructure-playbook
2019-11-22 09:28:39	usegalaxy-eu	infrastructure-playbook
2019-11-22 09:18:44	galaxyproject	training-material
2019-11-22 09:07:31	usegalaxy-eu	gxadmin
2019-11-21 23:00:09	usegalaxy-eu	grafana-dashboards
2019-11-21 18:11:23	erasche	training-material
2019-11-21 16:59:13	galaxyproject	training-material
2019-11-21 16:56:04	galaxyproject	training-material
2019-11-21 14:56:33	erasche	galaxy
2019-11-21 14:06:14	shiltemann	training-material
2019-11-21 13:25:24	erasche	training-material
2019-11-21 13:24:17	erasche	training-material
2019-11-21 13:21:45	erasche	training-material
2019-11-21 13:20:30	erasche	training-material
2019-11-21 12:55:10	erasche	training-material
2019-11-21 11:11:20	erasche	training-material
2019-11-21 10:54:29	erasche	training-material
2019-11-21 10:44:02	erasche	training-material
2019-11-21 10:41:34	erasche	training-material
2019-11-21 08:36:02	usegalaxy-eu	infrastructure
2019-11-21 08:31:50	usegalaxy-eu	infrastructure
2019-11-21 08:30:03	usegalaxy-eu	infrastructure
2019-11-21 08:24:22	galaxyproject	training-material
2019-11-21 07:31:40	galaxyproject	training-material
2019-11-21 07:29:45	galaxyproject	training-material
2019-11-21 07:28:23	galaxyproject	training-material
2019-11-21 07:28:14	galaxyproject	training-material
2019-11-21 07:19:41	galaxyproject	training-material
2019-11-21 07:14:38	galaxyproject	training-material
2019-11-21 07:14:23	galaxyproject	training-material
2019-11-21 07:13:00	galaxyproject	training-material
2019-11-21 07:05:42	GMOD	jbrowse-registry
2019-11-21 07:03:41	GMOD	jbrowse-registry
2019-11-20 23:00:08	usegalaxy-eu	grafana-dashboards
2019-11-20 21:16:49	GMOD	jbrowse-registry
2019-11-20 21:10:34	GMOD	jbrowse-registry
2019-11-20 17:48:06	erasche	training-material
2019-11-20 17:23:48	usegalaxy-eu	ansible-galaxy-systemd
2019-11-20 17:17:07	galaxyproject	training-material
2019-11-20 17:12:23	erasche	training-material
2019-11-20 17:08:06	usegalaxy-eu	ansible-galaxy-systemd
2019-11-20 17:05:57	usegalaxy-eu	ansible-galaxy-systemd
2019-11-20 16:29:09	galaxyproject	training-material
2019-11-20 16:13:06	shiltemann	training-material
2019-11-20 16:11:13	erasche	training-material
2019-11-20 16:10:51	erasche	training-material
2019-11-20 16:05:01	erasche	training-material
2019-11-20 16:04:23	erasche	training-material
2019-11-20 15:55:19	usegalaxy-eu	gxadmin
2019-11-20 15:53:51	usegalaxy-eu	gxadmin
2019-11-20 15:53:04	usegalaxy-eu	gxadmin
2019-11-20 13:23:56	galaxy-carpentries	workshop-template
2019-11-20 13:22:50	galaxy-carpentries	workshop-template
2019-11-20 10:48:17	galaxy-carpentries	workshop-template
2019-11-20 09:38:13	usegalaxy-eu	ansible-certbot
2019-11-19 17:41:45	erasche	galaxy
2019-11-19 14:25:13	galaxyproject	dagobah-training
2019-11-19 14:19:58	usegalaxy-eu	ansible-certbot
2019-11-19 11:04:12	erasche	erasche.github.io
2019-11-19 08:36:22	usegalaxy-eu	vgcn-infrastructure
2019-11-18 13:38:07	erasche	training-material
2019-11-18 13:01:11	erasche	training-material
2019-11-18 12:59:09	usegalaxy-eu	ansible-role-supervisor
2019-11-17 09:58:55	erasche	erasche.github.io
2019-11-16 15:13:59	usegalaxy-eu	infrastructure-playbook
2019-11-16 15:09:00	erasche	erasche.github.io
2019-11-16 15:08:50	erasche	erasche.github.io
2019-11-16 14:17:11	erasche	erasche.github.io
2019-11-16 13:56:33	erasche	erasche.github.io
2019-11-16 02:26:43	usegalaxy-eu	usegalaxy-eu-tools
2019-11-15 10:56:49	erasche	woordschaap
2019-11-15 10:56:34	erasche	woordschaap
2019-11-14 22:15:59	usegalaxy-eu	usegalaxy-eu-tools
2019-11-14 13:08:37	usegalaxy-eu	infrastructure
2019-11-14 13:07:34	erasche	MultiScaleTruchet
2019-11-14 13:06:51	usegalaxy-eu	infrastructure
2019-11-14 12:38:26	erasche	woordschaap
2019-11-14 10:54:23	erasche	MultiScaleTruchet
2019-11-14 10:34:33	erasche	MultiScaleTruchet
2019-11-14 10:28:09	erasche	MultiScaleTruchet
2019-11-14 10:22:57	erasche	MultiScaleTruchet
2019-11-14 10:19:40	erasche	MultiScaleTruchet
2019-11-13 17:19:31	usegalaxy-eu	infrastructure
2019-11-13 17:17:46	usegalaxy-eu	infrastructure
2019-11-11 19:36:54	usegalaxy-eu	infrastructure
2019-11-11 19:35:11	usegalaxy-eu	infrastructure
2019-11-11 19:33:27	usegalaxy-eu	infrastructure
2019-11-10 22:41:20	usegalaxy-eu	usegalaxy-eu-tools
2019-11-09 22:45:34	usegalaxy-eu	usegalaxy-eu-tools
2019-11-09 02:23:57	usegalaxy-eu	usegalaxy-eu-tools
2019-11-08 23:00:07	usegalaxy-eu	grafana-dashboards
2019-11-08 12:11:48	shiltemann	recipes
2019-11-08 12:10:45	shiltemann	recipes
2019-11-07 08:54:59	usegalaxy-eu	infrastructure
2019-11-07 08:53:26	usegalaxy-eu	infrastructure
2019-11-06 12:27:41	erasche	training-material
2019-11-05 17:21:59	erasche	bioconda-recipes
2019-11-05 11:25:23	GMOD	Apollo
2019-11-05 11:05:45	GMOD	Apollo
2019-11-05 11:03:29	GMOD	Apollo
2019-11-05 10:33:26	GMOD	Apollo
2019-11-05 10:12:11	GMOD	Apollo
2019-11-05 09:38:50	GMOD	Apollo
2019-11-05 09:07:17	GMOD	Apollo
2019-11-04 18:26:27	erasche	Apollo
2019-11-04 18:24:18	shiltemann	recipes
2019-11-04 18:17:04	shiltemann	recipes
2019-11-04 15:32:06	shiltemann	recipes
2019-11-04 15:17:58	shiltemann	recipes
2019-11-02 21:29:12	usegalaxy-eu	usegalaxy-eu-tools
2019-10-30 11:03:57	erasche	docker-rstudio-notebook
2019-10-30 07:14:18	usegalaxy-eu	gie-nodejs-proxy
2019-10-29 12:59:29	galaxyproject	dagobah-training
2019-10-28 10:00:13	erasche	woordschaap
2019-10-25 22:24:30	usegalaxy-eu	usegalaxy-eu-tools
2019-10-23 11:51:45	usegalaxy-eu	infrastructure
2019-10-23 11:49:09	usegalaxy-eu	infrastructure
2019-10-22 22:00:07	usegalaxy-eu	grafana-dashboards
2019-10-22 13:58:40	usegalaxy-eu	usegalaxy-eu-tools
2019-10-22 13:47:46	usegalaxy-eu	infrastructure
2019-10-22 13:45:46	usegalaxy-eu	infrastructure
2019-10-22 13:43:15	usegalaxy-eu	infrastructure
2019-10-22 09:28:13	usegalaxy-eu	infrastructure-playbook
2019-10-21 16:54:09	galaxyproject	training-material
2019-10-20 11:39:45	erasche	training-material
2019-10-20 11:37:23	erasche	woordschaap
2019-10-20 11:16:35	erasche	woordschaap
2019-10-20 11:14:50	erasche	woordschaap
2019-10-20 10:54:56	erasche	woordschaap
2019-10-19 15:21:02	erasche	woordschaap
2019-10-19 15:20:37	erasche	woordschaap
2019-10-19 15:11:43	erasche	woordschaap
2019-10-19 14:53:58	erasche	woordschaap
2019-10-19 01:24:14	usegalaxy-eu	usegalaxy-eu-tools
2019-10-18 09:29:31	galaxyproject	training-material
2019-10-17 14:48:23	galaxyproject	training-material
2019-10-17 09:58:08	usegalaxy-eu	galaxy
2019-10-17 08:28:48	galaxyproject	training-material
2019-10-17 08:19:02	erasche	woordschaap
2019-10-17 08:02:32	erasche	training-material
2019-10-16 16:46:29	usegalaxy-eu	usegalaxy-eu-tools
2019-10-16 11:20:44	erasche	woordschaap
2019-10-16 10:51:07	erasche	woordschaap
2019-10-16 10:31:42	erasche	woordschaap
2019-10-16 10:10:17	erasche	woordschaap
2019-10-16 09:06:26	nathandunn	training-material
2019-10-15 12:36:54	erasche	woordschaap
2019-10-15 12:34:32	erasche	woordschaap
2019-10-15 12:33:12	erasche	woordschaap
2019-10-15 12:32:15	erasche	woordschaap
2019-10-15 12:29:39	erasche	woordfuun
2019-10-15 08:06:34	erasche	woordfuun
2019-10-15 07:36:35	usegalaxy-eu	infrastructure
2019-10-15 07:34:52	usegalaxy-eu	infrastructure
2019-10-15 07:33:06	usegalaxy-eu	infrastructure
2019-10-14 15:02:00	erasche	woordfuun
2019-10-14 08:57:33	usegalaxy-eu	infrastructure-playbook
2019-10-14 08:37:25	usegalaxy-eu	infrastructure-playbook
2019-10-12 11:07:48	usegalaxy-eu	usegalaxy-eu-tools
2019-10-09 22:00:07	usegalaxy-eu	grafana-dashboards
2019-10-09 19:55:21	galaxy-iuc	parsec
2019-10-09 17:44:52	GMOD	jbrowse-registry
2019-10-09 14:52:40	usegalaxy-eu	infrastructure-playbook
2019-10-09 14:26:02	usegalaxy-eu	gxadmin
2019-10-09 09:34:16	usegalaxy-eu	infrastructure-playbook
2019-10-09 09:30:09	usegalaxy-eu	gxadmin
2019-10-09 09:03:02	usegalaxy-eu	gxadmin
2019-10-09 08:30:27	usegalaxy-eu	gxadmin
2019-10-09 08:28:56	usegalaxy-eu	gxadmin
2019-10-08 22:00:07	usegalaxy-eu	grafana-dashboards
2019-10-08 20:24:32	erasche	training-material
2019-10-08 19:52:24	usegalaxy-eu	infrastructure-playbook
2019-10-08 19:44:03	erasche	docker-rstudio-notebook
2019-10-08 19:30:02	usegalaxy-eu	infrastructure-playbook
2019-10-08 19:17:46	usegalaxy-eu	infrastructure-playbook
2019-10-08 19:08:38	usegalaxy-eu	gxadmin
2019-10-08 18:35:50	usegalaxy-eu	galaxy
2019-10-08 15:10:57	usegalaxy-eu	gxadmin
2019-10-08 14:48:46	usegalaxy-eu	galaxy
2019-10-08 14:05:31	usegalaxy-eu	tiaas-group-join
2019-10-08 13:56:29	usegalaxy-eu	gxadmin
2019-10-08 13:35:24	usegalaxy-eu	infrastructure-playbook
2019-10-08 12:59:42	usegalaxy-eu	galaxy
2019-10-08 12:53:35	usegalaxy-eu	galaxy
2019-10-08 12:52:58	usegalaxy-eu	galaxy
2019-10-08 12:51:44	usegalaxy-eu	galaxy
2019-10-08 12:48:51	usegalaxy-eu	gie-nodejs-proxy
2019-10-08 12:47:32	usegalaxy-eu	infrastructure-playbook
2019-10-08 12:01:36	usegalaxy-eu	infrastructure-playbook
2019-10-08 11:53:03	usegalaxy-eu	infrastructure-playbook
2019-10-08 11:50:19	usegalaxy-eu	infrastructure-playbook
2019-10-08 09:37:45	usegalaxy-eu	infrastructure-playbook
2019-10-08 07:53:34	usegalaxy-eu	infrastructure-playbook
2019-10-07 22:00:07	usegalaxy-eu	grafana-dashboards
2019-10-07 17:05:48	usegalaxy-eu	infrastructure-playbook
2019-10-07 16:47:58	usegalaxy-eu	infrastructure-playbook
2019-10-07 14:15:37	usegalaxy-eu	infrastructure-playbook
2019-10-07 11:10:22	usegalaxy-eu	tiaas-group-join
2019-10-06 22:00:07	usegalaxy-eu	grafana-dashboards
2019-10-06 10:03:47	usegalaxy-eu	infrastructure-playbook
2019-10-06 10:03:23	usegalaxy-eu	vgcn-infrastructure
2019-10-06 09:23:54	erasche	training-material
2019-10-06 09:22:08	erasche	training-material
2019-10-06 09:20:39	erasche	training-material
2019-10-05 01:23:22	usegalaxy-eu	usegalaxy-eu-tools
2019-10-03 22:00:06	usegalaxy-eu	grafana-dashboards
2019-10-03 18:45:28	jmchilton	galaxy
2019-10-03 17:25:40	usegalaxy-eu	infrastructure-playbook
2019-10-03 17:18:11	usegalaxy-eu	infrastructure-playbook
2019-10-03 16:52:09	usegalaxy-eu	galaxy
2019-10-03 16:45:11	usegalaxy-eu	infrastructure-playbook
2019-10-03 16:07:45	usegalaxy-eu	infrastructure-playbook
2019-10-03 15:10:13	erasche	galaxy
2019-10-03 15:09:48	usegalaxy-eu	galaxy
2019-10-03 11:40:38	usegalaxy-eu	galaxy
2019-10-03 11:32:27	usegalaxy-eu	infrastructure-playbook
2019-10-03 07:05:05	usegalaxy-eu	galaxy
2019-10-03 07:03:49	usegalaxy-eu	galaxy
2019-10-02 14:59:27	usegalaxy-eu	gxadmin
2019-10-02 13:07:28	usegalaxy-eu	infrastructure-playbook
2019-10-02 13:05:29	erasche	galaxy
2019-10-02 12:59:45	usegalaxy-eu	infrastructure-playbook
2019-10-02 12:57:58	erasche	galaxy
2019-10-02 12:49:16	galaxyproject	ansible-nginx
2019-10-02 12:41:43	usegalaxy-eu	infrastructure-playbook
2019-10-02 12:25:56	usegalaxy-eu	infrastructure-playbook
2019-10-02 11:32:46	galaxyproject	ansible-nginx
2019-10-02 11:18:18	usegalaxy-eu	infrastructure-playbook
2019-10-02 09:28:45	usegalaxy-eu	infrastructure-playbook
2019-10-01 08:45:36	galaxyproject	tools-devteam
2019-10-01 06:00:06	galaxyproject	tools-devteam
2019-09-30 12:55:17	galaxyproject	tools-devteam
2019-09-28 01:23:25	usegalaxy-eu	usegalaxy-eu-tools
2019-09-27 22:00:07	usegalaxy-eu	grafana-dashboards
2019-09-27 14:42:17	galaxyproject	usegalaxy-tools
2019-09-27 12:45:13	galaxyproject	usegalaxy-tools
2019-09-27 12:42:09	usegalaxy-eu	usegalaxy-eu-tools
2019-09-27 11:48:30	usegalaxy-eu	infrastructure-playbook
2019-09-27 11:46:01	usegalaxy-eu	infrastructure-playbook
2019-09-26 14:58:38	erasche	training-material
2019-09-26 13:50:59	erasche	training-material
2019-09-26 13:46:07	erasche	training-material
2019-09-26 12:36:45	erasche	galaxy
2019-09-26 12:35:53	erasche	galaxy
2019-09-26 12:11:04	usegalaxy-eu	gxadmin
2019-09-26 11:58:49	usegalaxy-eu	infrastructure-playbook
2019-09-26 11:48:52	galaxyproject	tools-iuc
2019-09-26 11:47:24	galaxyproject	usegalaxy-tools
2019-09-26 11:42:45	erasche	galaxy
2019-09-26 10:12:31	erasche	galaxy
2019-09-26 09:53:28	usegalaxy-eu	galaxy
2019-09-26 08:33:48	erasche	training-material
2019-09-26 08:30:25	erasche	training-material
2019-09-26 08:29:10	erasche	training-material
2019-09-24 16:58:44	shiltemann	training-material
2019-09-24 16:48:50	galaxyproject	training-material
2019-09-24 15:29:08	galaxyproject	training-material
2019-09-24 14:30:04	usegalaxy-eu	gxadmin
2019-09-23 12:35:09	usegalaxy-eu	gxadmin
2019-09-21 01:23:38	usegalaxy-eu	usegalaxy-eu-tools
2019-09-19 13:08:14	usegalaxy-eu	infrastructure
2019-09-19 13:06:31	usegalaxy-eu	infrastructure
2019-09-19 13:04:50	usegalaxy-eu	infrastructure
2019-09-19 13:01:19	usegalaxy-eu	infrastructure
2019-09-19 12:58:47	usegalaxy-eu	infrastructure
2019-09-18 14:25:29	usegalaxy-eu	infrastructure
2019-09-18 14:23:54	usegalaxy-eu	infrastructure
2019-09-18 14:22:13	usegalaxy-eu	infrastructure
2019-09-18 12:33:15	usegalaxy-eu	infrastructure
2019-09-18 11:14:19	usegalaxy-eu	infrastructure-playbook
2019-09-18 10:46:09	usegalaxy-eu	infrastructure
2019-09-18 10:45:03	usegalaxy-eu	infrastructure-playbook
2019-09-18 10:43:31	usegalaxy-eu	infrastructure
2019-09-18 10:41:53	usegalaxy-eu	infrastructure
2019-09-18 10:38:45	usegalaxy-eu	infrastructure-playbook
2019-09-18 09:51:52	usegalaxy-eu	infrastructure-playbook
2019-09-18 09:13:55	galaxy-carpentries	gallantries-extras
2019-09-17 22:00:06	usegalaxy-eu	grafana-dashboards
2019-09-17 15:42:13	usegalaxy-eu	usegalaxy-eu-tools
2019-09-17 15:27:52	galaxyproject	tools-iuc
2019-09-17 15:24:05	erasche	training-material
2019-09-17 14:27:02	erasche	training-material
2019-09-17 14:15:29	galaxyproject	tools-iuc
2019-09-17 12:21:12	erasche	training-material
2019-09-17 08:19:53	erasche	training-material
2019-09-16 15:34:41	usegalaxy-eu	sorting-hat
2019-09-16 15:34:10	usegalaxy-eu	sorting-hat
2019-09-16 09:17:11	usegalaxy-eu	infrastructure-playbook
2019-09-16 08:56:59	usegalaxy-eu	infrastructure
2019-09-16 08:55:40	usegalaxy-eu	infrastructure
2019-09-16 08:42:07	usegalaxy-eu	infrastructure-playbook
2019-09-16 08:30:56	usegalaxy-eu	infrastructure
2019-09-16 08:29:26	usegalaxy-eu	infrastructure
2019-09-16 08:29:18	usegalaxy-eu	infrastructure-playbook
2019-09-16 08:28:24	usegalaxy-eu	infrastructure-playbook
2019-09-16 08:27:40	usegalaxy-eu	infrastructure
2019-09-16 08:25:29	usegalaxy-eu	infrastructure
2019-09-16 08:23:34	usegalaxy-eu	infrastructure
2019-09-16 08:23:13	usegalaxy-eu	infrastructure
2019-09-16 08:21:45	usegalaxy-eu	infrastructure
2019-09-16 08:18:26	usegalaxy-eu	infrastructure
2019-09-16 08:02:16	galaxyproject	training-material
2019-09-16 06:48:40	usegalaxy-eu	infrastructure
2019-09-16 06:47:24	usegalaxy-eu	infrastructure
2019-09-16 06:45:43	usegalaxy-eu	infrastructure
2019-09-16 06:43:52	usegalaxy-eu	infrastructure
2019-09-16 06:41:30	usegalaxy-eu	infrastructure
2019-09-16 06:30:56	galaxyproject	training-material
2019-09-16 06:30:04	galaxyproject	training-material
2019-09-16 06:28:57	usegalaxy-eu	infrastructure-playbook
2019-09-16 06:21:00	usegalaxy-eu	infrastructure-playbook
2019-09-14 01:22:55	usegalaxy-eu	usegalaxy-eu-tools
2019-09-13 22:00:07	usegalaxy-eu	grafana-dashboards
2019-09-13 21:53:24	galaxyproject	training-material
2019-09-13 15:20:48	galaxyproject	training-material
2019-09-13 12:21:17	galaxyproject	training-material
2019-09-13 12:21:05	erasche	training-material
2019-09-13 11:34:50	usegalaxy-eu	infrastructure-playbook
2019-09-13 11:22:07	galaxyproject	training-material
2019-09-13 11:14:36	galaxyproject	training-material
2019-09-13 10:06:42	usegalaxy-eu	infrastructure-playbook
2019-09-13 10:00:22	usegalaxy-eu	infrastructure-playbook
2019-09-13 09:54:17	usegalaxy-eu	infrastructure-playbook
2019-09-13 09:52:52	usegalaxy-eu	infrastructure-playbook
2019-09-13 09:38:19	usegalaxy-eu	infrastructure-playbook
2019-09-13 09:37:19	galaxyproject	training-material
2019-09-11 12:42:14	galaxyproject	tools-iuc
2019-09-11 09:53:11	galaxyproject	tools-iuc
2019-09-11 09:49:08	galaxyproject	tools-devteam
2019-09-11 09:46:20	galaxyproject	tools-iuc
2019-09-11 09:43:01	galaxyproject	tools-devteam
2019-09-11 09:37:21	galaxyproject	tools-devteam
2019-09-11 09:34:22	usegalaxy-eu	infrastructure-playbook
2019-09-11 09:23:22	galaxyproject	tools-iuc
2019-09-11 09:18:51	usegalaxy-eu	infrastructure-playbook
2019-09-11 09:17:51	usegalaxy-eu	infrastructure-playbook
2019-09-11 09:05:29	galaxyproject	tools-iuc
2019-09-11 08:47:52	yvanlebras	GAPARS_Galaxy
2019-09-11 08:47:32	yvanlebras	GAPARS_Galaxy
2019-09-10 15:09:07	bgruening	galaxytools
2019-09-10 15:00:57	galaxyproject	tools-iuc
2019-09-10 14:26:27	bgruening	galaxytools
2019-09-10 13:38:48	galaxyproject	tools-iuc
2019-09-10 13:34:51	galaxyproject	tools-iuc
2019-09-10 13:33:44	galaxyproject	tools-iuc
2019-09-10 13:17:55	bgruening	galaxytools
2019-09-10 12:30:32	galaxyproject	tools-iuc
2019-09-10 12:22:30	galaxyproject	tools-iuc
2019-09-10 10:30:57	erasche	galaxy
2019-09-10 09:59:48	bgruening	galaxytools
2019-09-10 08:04:41	usegalaxy-eu	infrastructure
2019-09-10 08:03:25	usegalaxy-eu	infrastructure
2019-09-09 15:28:09	galaxyproject	tools-iuc
2019-09-09 13:27:38	galaxyproject	tools-iuc
2019-09-09 12:30:22	galaxyproject	tools-iuc
2019-09-09 12:24:06	usegalaxy-eu	infrastructure-playbook
2019-09-09 12:22:38	usegalaxy-eu	vgcn-infrastructure
2019-09-09 12:05:32	usegalaxy-eu	gxadmin
2019-09-09 10:22:23	usegalaxy-eu	vgcn-infrastructure
2019-09-09 10:16:34	usegalaxy-eu	vgcn-infrastructure
2019-09-09 10:04:57	usegalaxy-eu	gxadmin
2019-09-09 09:48:27	usegalaxy-eu	infrastructure-playbook
2019-09-09 09:47:15	usegalaxy-eu	gxadmin
2019-09-09 08:40:04	usegalaxy-eu	infrastructure-playbook
2019-09-09 08:22:06	usegalaxy-eu	operations
2019-09-07 01:22:58	usegalaxy-eu	usegalaxy-eu-tools
2019-09-06 18:08:57	usegalaxy-eu	infrastructure
2019-09-06 18:07:32	usegalaxy-eu	infrastructure
2019-09-06 18:06:09	usegalaxy-eu	infrastructure
2019-09-06 16:28:51	galaxyproject	tools-iuc
2019-09-06 12:20:49	usegalaxy-eu	infrastructure-playbook
2019-09-06 12:20:00	yvanlebras	GAPARS_Galaxy
2019-09-06 12:07:23	yvanlebras	GAPARS_Galaxy
2019-09-06 11:17:54	erasche	training-material
2019-09-06 11:11:49	erasche	training-material
2019-09-06 11:08:38	erasche	training-material
2019-09-06 11:05:04	erasche	training-material
2019-09-06 10:21:41	galaxyproject	tools-iuc
2019-09-06 09:54:59	usegalaxy-eu	infrastructure
2019-09-06 09:53:47	usegalaxy-eu	infrastructure
2019-09-06 09:39:08	usegalaxy-eu	ansible-galaxy-systemd
2019-09-05 22:00:07	usegalaxy-eu	grafana-dashboards
2019-09-05 13:13:53	galaxyproject	tools-iuc
2019-09-05 09:01:09	galaxyproject	tools-iuc
2019-09-05 09:01:01	galaxyproject	tools-iuc
2019-09-05 08:19:06	galaxyproject	galaxy
2019-09-04 12:36:43	yvanlebras	GAPARS_Galaxy
2019-09-03 15:55:22	galaxyproject	tools-iuc
2019-09-03 15:16:36	galaxyproject	tools-iuc
2019-09-03 13:13:38	usegalaxy-eu	galaxy
2019-09-03 12:37:50	usegalaxy-eu	galaxy
2019-09-03 12:19:15	galaxyproject	tools-iuc
2019-09-03 11:32:08	galaxyproject	tools-iuc
2019-09-03 10:23:59	yvanlebras	GAPARS_Galaxy
2019-09-03 10:21:39	yvanlebras	GAPARS_Galaxy
2019-09-03 09:41:33	usegalaxy-eu	infrastructure-playbook
2019-09-03 09:38:15	yvanlebras	GAPARS_Galaxy
2019-09-03 09:32:30	yvanlebras	GAPARS_Galaxy
2019-09-03 09:30:41	usegalaxy-eu	infrastructure-playbook
2019-09-03 09:30:05	usegalaxy-eu	infrastructure-playbook
2019-09-03 09:19:21	usegalaxy-eu	infrastructure-playbook
2019-09-03 09:11:46	usegalaxy-eu	infrastructure-playbook
2019-09-03 09:10:17	usegalaxy-eu	infrastructure-playbook
2019-09-03 09:08:03	usegalaxy-eu	infrastructure-playbook
2019-09-03 09:07:11	yvanlebras	GAPARS_Galaxy
2019-09-03 08:14:04	yvanlebras	GAPARS_Galaxy
2019-09-02 11:45:36	yvanlebras	GAPARS_Galaxy
2019-09-02 11:34:15	yvanlebras	GAPARS_Galaxy
2019-09-02 11:33:57	yvanlebras	GAPARS_Galaxy
2019-09-02 11:19:44	yvanlebras	GAPARS_Galaxy
2019-08-31 01:23:28	usegalaxy-eu	usegalaxy-eu-tools
2019-08-30 22:00:07	usegalaxy-eu	grafana-dashboards
2019-08-30 18:02:26	erasche	training-material
2019-08-30 17:45:28	erasche	training-material
2019-08-30 16:56:20	erasche	training-material
2019-08-30 16:07:47	galaxyproject	tools-iuc
2019-08-30 15:56:43	erasche	training-material
2019-08-30 15:44:42	erasche	training-material
2019-08-30 15:40:52	galaxyproject	tools-iuc
2019-08-30 15:31:53	galaxyproject	tools-iuc
2019-08-30 15:26:56	erasche	training-material
2019-08-30 14:32:45	usegalaxy-eu	galaxy
2019-08-30 13:58:00	galaxyproject	tools-iuc
2019-08-30 13:53:30	galaxyproject	tools-iuc
2019-08-30 13:46:41	erasche	training-material
2019-08-30 08:38:00	usegalaxy-eu	usegalaxy-eu-tools
2019-08-29 22:00:06	usegalaxy-eu	grafana-dashboards
2019-08-29 15:58:15	galaxyproject	tools-iuc
2019-08-29 15:02:15	galaxyproject	tools-iuc
2019-08-29 15:00:50	galaxyproject	tools-iuc
2019-08-29 13:09:40	usegalaxy-eu	infrastructure-playbook
2019-08-29 10:09:46	erasche	training-material
2019-08-29 08:00:24	usegalaxy-eu	infrastructure-playbook
2019-08-28 22:00:07	usegalaxy-eu	grafana-dashboards
2019-08-28 13:29:25	usegalaxy-eu	tiaas-group-join
2019-08-28 09:54:50	usegalaxy-eu	tiaas-group-join
2019-08-28 07:59:46	usegalaxy-eu	tiaas-group-join
2019-08-28 07:07:48	galaxyproject	galaxy
2019-08-27 22:00:07	usegalaxy-eu	grafana-dashboards
2019-08-27 15:48:13	martenson	public-galaxy-servers
2019-08-27 15:46:37	erasche	galaxy_tools
2019-08-27 15:20:03	usegalaxy-eu	infrastructure-playbook
2019-08-27 15:19:28	usegalaxy-eu	infrastructure-playbook
2019-08-27 14:01:22	usegalaxy-eu	infrastructure-playbook
2019-08-27 14:00:55	usegalaxy-eu	vgcn-infrastructure
2019-08-27 08:50:18	erasche	training-material
2019-08-27 08:23:43	usegalaxy-eu	infrastructure
2019-08-27 08:22:00	usegalaxy-eu	infrastructure
2019-08-26 22:00:09	usegalaxy-eu	grafana-dashboards
2019-08-26 11:17:22	usegalaxy-eu	vgcn-infrastructure
2019-08-26 11:02:44	usegalaxy-eu	infrastructure-playbook
2019-08-26 11:02:41	usegalaxy-eu	vgcn-infrastructure
2019-08-26 10:59:55	usegalaxy-eu	infrastructure-playbook
2019-08-26 10:50:32	usegalaxy-eu	infrastructure-playbook
2019-08-26 10:34:12	usegalaxy-eu	infrastructure-playbook
2019-08-26 09:54:29	usegalaxy-eu	infrastructure-playbook
2019-08-26 08:26:24	usegalaxy-eu	gxadmin
2019-08-25 22:00:06	usegalaxy-eu	grafana-dashboards
2019-08-24 01:22:54	usegalaxy-eu	usegalaxy-eu-tools
2019-08-23 11:17:16	usegalaxy-eu	infrastructure-playbook
2019-08-22 16:18:27	usegalaxy-eu	operations
2019-08-22 15:18:22	erasche	galaxy
2019-08-22 14:51:58	usegalaxy-eu	vgcn-infrastructure
2019-08-22 13:37:04	usegalaxy-eu	infrastructure
2019-08-22 13:35:51	usegalaxy-eu	infrastructure
2019-08-22 13:34:38	usegalaxy-eu	infrastructure
2019-08-22 09:27:27	usegalaxy-eu	vgcn-infrastructure
2019-08-22 09:07:42	usegalaxy-eu	vgcn-infrastructure
2019-08-22 09:01:46	usegalaxy-eu	vgcn-infrastructure
2019-08-21 10:51:01	nathandunn	training-material
2019-08-21 08:35:39	nathandunn	training-material
2019-08-20 22:00:07	usegalaxy-eu	grafana-dashboards
2019-08-20 07:57:15	usegalaxy-eu	infrastructure
2019-08-20 07:55:55	usegalaxy-eu	infrastructure
2019-08-20 07:54:27	usegalaxy-eu	quota-sync
2019-08-20 07:54:09	usegalaxy-eu	infrastructure
2019-08-19 22:00:07	usegalaxy-eu	grafana-dashboards
2019-08-19 18:06:43	usegalaxy-eu	infrastructure
2019-08-19 18:05:24	usegalaxy-eu	infrastructure
2019-08-17 22:00:06	usegalaxy-eu	grafana-dashboards
2019-08-17 21:27:34	usegalaxy-eu	usegalaxy-eu-tools
2019-08-17 09:19:02	usegalaxy-eu	usegalaxy-eu-tools
2019-08-17 01:26:10	usegalaxy-eu	usegalaxy-eu-tools
2019-08-16 22:00:07	usegalaxy-eu	grafana-dashboards
2019-08-16 14:57:44	erasche	training-material
2019-08-16 14:53:10	usegalaxy-eu	infrastructure-playbook
2019-08-16 14:30:08	erasche	galaxy
2019-08-16 14:14:02	usegalaxy-eu	gxadmin
2019-08-16 12:14:44	usegalaxy-eu	infrastructure
2019-08-16 12:13:06	usegalaxy-eu	infrastructure
2019-08-16 12:11:42	usegalaxy-eu	infrastructure
2019-08-16 11:50:33	usegalaxy-eu	infrastructure-playbook
2019-08-16 09:49:59	usegalaxy-eu	gxadmin
2019-08-16 09:07:39	usegalaxy-eu	infrastructure-playbook
2019-08-15 22:00:07	usegalaxy-eu	grafana-dashboards
2019-08-15 16:30:07	erasche	galaxy
2019-08-15 16:29:11	usegalaxy-eu	infrastructure-playbook
2019-08-15 12:31:04	erasche	galaxy
2019-08-14 14:41:15	erasche	galaxy
2019-08-14 14:15:53	erasche	galaxy
2019-08-14 14:08:09	erasche	galaxy
2019-08-14 10:46:12	usegalaxy-eu	gxadmin
2019-08-14 09:19:24	usegalaxy-eu	gxadmin
2019-08-14 09:18:48	usegalaxy-eu	gxadmin
2019-08-14 08:46:44	usegalaxy-eu	infrastructure-playbook
2019-08-14 07:22:18	usegalaxy-eu	infrastructure-playbook
2019-08-14 05:56:53	usegalaxy-eu	gxadmin
2019-08-13 22:00:13	usegalaxy-eu	grafana-dashboards
2019-08-13 14:29:46	usegalaxy-eu	gxadmin
2019-08-13 14:20:08	erasche	galaxy
2019-08-13 12:40:54	erasche	galaxy
2019-08-13 12:30:51	usegalaxy-eu	infrastructure-playbook
2019-08-13 12:30:05	erasche	galaxy
2019-08-13 11:48:12	usegalaxy-eu	infrastructure-playbook
2019-08-13 09:50:03	usegalaxy-eu	infrastructure-playbook
2019-08-13 08:48:46	usegalaxy-eu	quota-sync
2019-08-13 08:47:22	usegalaxy-eu	quota-sync
2019-08-13 08:45:11	usegalaxy-eu	quota-sync
2019-08-12 22:00:11	usegalaxy-eu	grafana-dashboards
2019-08-12 14:46:11	usegalaxy-eu	gxadmin
2019-08-12 13:51:53	usegalaxy-eu	infrastructure-playbook
2019-08-12 13:07:14	usegalaxy-eu	infrastructure-playbook
2019-08-12 12:47:00	usegalaxy-eu	infrastructure-playbook
2019-08-12 09:35:08	galaxyproject	galaxy-hub
2019-08-12 09:12:30	galaxy-iuc	parsec
2019-08-12 08:58:06	usegalaxy-eu	infrastructure-playbook
2019-08-09 22:00:15	usegalaxy-eu	grafana-dashboards
2019-08-09 14:20:07	erasche	training-material
2019-08-09 14:14:39	erasche	galaxy
2019-08-09 13:32:17	usegalaxy-eu	infrastructure-playbook
2019-08-09 13:09:36	usegalaxy-eu	ansible-galaxy-systemd
2019-08-09 12:59:19	usegalaxy-eu	usegalaxy-eu-tools
2019-08-09 11:46:41	usegalaxy-eu	usegalaxy-eu-tools
2019-08-09 10:35:15	usegalaxy-eu	gxadmin
2019-08-09 10:35:04	usegalaxy-eu	gxadmin
2019-08-09 09:50:02	usegalaxy-eu	gxadmin
2019-08-09 09:35:38	usegalaxy-eu	infrastructure-playbook
2019-08-09 08:37:55	usegalaxy-eu	gxadmin
2019-08-09 08:34:29	usegalaxy-eu	gxadmin
2019-08-09 07:01:10	usegalaxy-eu	gxadmin
2019-08-09 07:00:28	usegalaxy-eu	gxadmin
2019-08-09 06:56:35	usegalaxy-eu	gxadmin
2019-08-08 22:00:12	usegalaxy-eu	grafana-dashboards
2019-08-08 16:52:33	usegalaxy-eu	gxadmin
2019-08-08 15:29:52	usegalaxy-eu	infrastructure
2019-08-08 13:48:16	usegalaxy-eu	infrastructure-playbook
2019-08-08 13:47:18	usegalaxy-eu	infrastructure-playbook
2019-08-08 13:43:25	galaxyproject	galaxy-hub
2019-08-08 13:35:33	galaxyproject	galaxy-hub
2019-08-08 13:33:32	usegalaxy-eu	gxadmin
2019-08-08 12:30:40	usegalaxy-eu	infrastructure-playbook
2019-08-08 12:28:59	usegalaxy-eu	infrastructure-playbook
2019-08-08 11:55:37	usegalaxy-eu	gxadmin
2019-08-08 10:12:13	usegalaxy-eu	infrastructure-playbook
2019-08-08 10:06:07	usegalaxy-eu	gxadmin
2019-08-08 09:48:13	usegalaxy-eu	gxadmin
2019-08-08 09:31:47	usegalaxy-eu	infrastructure-playbook
2019-08-08 09:23:58	usegalaxy-eu	infrastructure-playbook
2019-08-08 09:23:31	usegalaxy-eu	infrastructure-playbook
2019-08-08 09:12:27	usegalaxy-eu	gxadmin
2019-08-08 06:26:01	usegalaxy-eu	gxadmin
2019-08-08 06:25:29	usegalaxy-eu	gxadmin
2019-08-07 16:01:40	erasche	training-material
2019-08-07 13:04:07	usegalaxy-eu	infrastructure-playbook
2019-08-07 12:54:47	usegalaxy-eu	infrastructure-playbook
2019-08-07 12:49:14	erasche	training-material
2019-08-07 12:45:35	erasche	bioblend
2019-08-07 12:42:21	usegalaxy-eu	infrastructure-playbook
2019-08-07 12:24:26	usegalaxy-eu	infrastructure-playbook
2019-08-07 10:30:12	erasche	galaxy
2019-08-07 10:27:18	usegalaxy-eu	galaxy
2019-08-07 09:47:50	usegalaxy-eu	infrastructure-playbook
2019-08-07 09:46:36	usegalaxy-eu	infrastructure-playbook
2019-08-07 09:40:28	usegalaxy-eu	infrastructure-playbook
2019-08-07 09:31:44	usegalaxy-eu	operations
2019-08-07 09:08:44	usegalaxy-eu	galaxy
2019-08-07 08:57:45	usegalaxy-eu	infrastructure-playbook
2019-08-06 22:00:12	usegalaxy-eu	grafana-dashboards
2019-08-06 15:07:02	usegalaxy-eu	infrastructure-playbook
2019-08-06 15:06:09	usegalaxy-eu	gxadmin
2019-08-06 14:08:09	usegalaxy-eu	gxadmin
2019-08-06 13:48:11	usegalaxy-eu	gxadmin
2019-08-06 13:31:04	usegalaxy-eu	gxadmin
2019-08-06 13:18:57	usegalaxy-eu	infrastructure-playbook
2019-08-06 12:43:15	usegalaxy-eu	gxadmin
2019-08-06 12:41:01	usegalaxy-eu	gxadmin
2019-08-06 12:36:49	usegalaxy-eu	infrastructure-playbook
2019-08-06 12:14:20	usegalaxy-eu	infrastructure-playbook
2019-08-06 11:39:14	usegalaxy-eu	infrastructure-playbook
2019-08-06 10:12:32	erasche	training-material
2019-08-06 09:39:52	erasche	training-material
2019-08-05 22:00:17	usegalaxy-eu	grafana-dashboards
2019-08-05 14:57:15	usegalaxy-eu	infrastructure-playbook
2019-08-05 14:54:14	usegalaxy-eu	infrastructure-playbook
2019-08-05 14:20:58	usegalaxy-eu	infrastructure-playbook
2019-08-05 14:05:58	usegalaxy-eu	infrastructure
2019-08-05 13:33:33	galaxy-iuc	parsec
2019-08-05 13:22:59	usegalaxy-eu	infrastructure-playbook
2019-08-05 13:03:37	usegalaxy-eu	infrastructure
2019-08-05 13:01:45	usegalaxy-eu	infrastructure
2019-08-05 12:02:38	usegalaxy-eu	infrastructure-playbook
2019-08-05 10:26:09	usegalaxy-eu	infrastructure-playbook
2019-08-05 10:23:55	usegalaxy-eu	infrastructure-playbook
2019-08-05 10:20:18	galaxyproject	training-material
2019-08-05 09:44:03	usegalaxy-eu	infrastructure
2019-08-05 09:41:56	usegalaxy-eu	infrastructure
2019-08-05 09:39:17	usegalaxy-eu	infrastructure
2019-08-03 01:21:28	usegalaxy-eu	usegalaxy-eu-tools
2019-08-02 22:00:12	usegalaxy-eu	grafana-dashboards
2019-08-02 17:27:14	usegalaxy-eu	infrastructure
2019-08-02 17:25:58	usegalaxy-eu	infrastructure
2019-08-02 14:37:42	usegalaxy-eu	infrastructure-playbook
2019-08-02 14:24:23	usegalaxy-eu	infrastructure-playbook
2019-08-02 14:08:41	usegalaxy-eu	infrastructure-playbook
2019-08-02 14:07:24	usegalaxy-eu	infrastructure-playbook
2019-08-02 14:03:51	usegalaxy-eu	infrastructure-playbook
2019-08-02 13:50:23	usegalaxy-eu	vgcn-infrastructure
2019-08-02 13:46:43	usegalaxy-eu	infrastructure-playbook
2019-08-02 13:44:40	usegalaxy-eu	infrastructure-playbook
2019-08-02 13:41:46	usegalaxy-eu	infrastructure-playbook
2019-08-02 13:39:11	usegalaxy-eu	infrastructure-playbook
2019-08-02 13:27:17	usegalaxy-eu	infrastructure-playbook
2019-08-02 13:23:33	usegalaxy-eu	infrastructure-playbook
2019-08-02 13:22:31	usegalaxy-eu	infrastructure-playbook
2019-08-02 13:17:00	galaxyproject	ansible-nginx
2019-08-02 12:56:25	usegalaxy-eu	infrastructure-playbook
2019-08-02 12:49:56	usegalaxy-eu	vgcn-infrastructure
2019-08-02 12:30:03	usegalaxy-eu	infrastructure
2019-08-02 12:29:25	usegalaxy-eu	infrastructure-playbook
2019-08-02 12:27:29	usegalaxy-eu	infrastructure
2019-08-02 11:43:06	usegalaxy-eu	infrastructure
2019-08-02 10:09:50	usegalaxy-eu	vgcn-infrastructure
2019-08-02 10:09:25	usegalaxy-eu	vgcn-infrastructure
2019-08-02 10:08:20	usegalaxy-eu	vgcn-infrastructure
2019-08-02 09:53:50	usegalaxy-eu	infrastructure
2019-08-02 09:52:14	usegalaxy-eu	infrastructure
2019-08-02 09:50:57	usegalaxy-eu	infrastructure
2019-08-02 09:48:28	usegalaxy-eu	infrastructure
2019-08-02 09:21:08	usegalaxy-eu	vgcn-infrastructure
2019-08-02 09:18:36	usegalaxy-eu	vgcn-infrastructure
2019-08-02 09:15:41	usegalaxy-eu	infrastructure-playbook
2019-08-02 08:48:06	usegalaxy-eu	infrastructure
2019-08-02 08:45:18	usegalaxy-eu	infrastructure-playbook
2019-08-02 08:06:18	usegalaxy-eu	infrastructure-playbook
2019-08-02 07:53:52	galaxyproject	galaxy
2019-08-01 22:00:14	usegalaxy-eu	grafana-dashboards
2019-08-01 15:38:06	usegalaxy-eu	infrastructure-playbook
2019-08-01 15:22:16	usegalaxy-eu	infrastructure-playbook
2019-08-01 15:14:23	usegalaxy-eu	infrastructure-playbook
2019-08-01 14:37:03	usegalaxy-eu	operations
2019-08-01 13:18:13	usegalaxy-eu	infrastructure
2019-08-01 13:11:11	usegalaxy-eu	infrastructure
2019-08-01 13:01:21	usegalaxy-eu	infrastructure-playbook
2019-08-01 12:50:01	usegalaxy-eu	infrastructure-playbook
2019-08-01 12:49:11	usegalaxy-eu	infrastructure-playbook
2019-08-01 12:37:21	usegalaxy-eu	infrastructure
2019-08-01 12:34:41	usegalaxy-eu	infrastructure
2019-08-01 12:30:21	usegalaxy-eu	infrastructure-playbook
2019-08-01 12:26:12	usegalaxy-eu	infrastructure
2019-08-01 12:20:20	usegalaxy-eu	infrastructure
2019-08-01 11:52:18	erasche	training-material
2019-08-01 11:50:50	galaxyproject	training-material
2019-08-01 10:22:12	usegalaxy-eu	infrastructure-playbook
2019-08-01 10:13:52	usegalaxy-eu	infrastructure
2019-08-01 10:00:14	usegalaxy-eu	infrastructure
2019-08-01 09:54:47	usegalaxy-eu	infrastructure
2019-08-01 09:53:08	usegalaxy-eu	infrastructure
2019-08-01 09:46:34	usegalaxy-eu	infrastructure
2019-08-01 09:38:46	usegalaxy-eu	infrastructure-playbook
2019-08-01 09:25:20	usegalaxy-eu	infrastructure-playbook
2019-08-01 08:34:34	usegalaxy-eu	infrastructure-playbook
2019-08-01 06:58:11	usegalaxy-eu	infrastructure-playbook
2019-07-31 14:10:42	usegalaxy-eu	gxadmin
2019-07-31 14:04:36	usegalaxy-eu	gxadmin
2019-07-31 13:21:59	usegalaxy-eu	gxadmin
2019-07-31 12:59:07	erasche	training-material
2019-07-31 10:21:21	usegalaxy-eu	infrastructure
2019-07-31 10:20:15	usegalaxy-eu	infrastructure
2019-07-31 09:52:15	erasche	training-material
2019-07-31 09:48:56	galaxyproject	training-material
2019-07-31 09:24:20	usegalaxy-eu	infrastructure
2019-07-31 09:23:08	usegalaxy-eu	infrastructure
2019-07-31 09:17:43	galaxyproject	galaxy-hub
2019-07-31 09:10:48	erasche	training-material
2019-07-31 06:53:54	usegalaxy-eu	jenkins-worker
2019-07-31 06:53:18	usegalaxy-eu	denbi-generic-image
2019-07-31 05:11:15	erasche	training-material
2019-07-30 22:00:11	usegalaxy-eu	grafana-dashboards
2019-07-30 16:06:52	erasche	training-material
2019-07-30 14:00:30	galaxy-iuc	parsec
2019-07-30 12:09:06	usegalaxy-eu	infrastructure-playbook
2019-07-30 11:37:41	usegalaxy-eu	infrastructure-playbook
2019-07-30 11:29:01	usegalaxy-eu	infrastructure-playbook
2019-07-30 09:33:27	usegalaxy-eu	operations
2019-07-30 09:02:18	usegalaxy-eu	infrastructure-playbook
2019-07-30 09:01:15	usegalaxy-eu	operations
2019-07-30 08:59:20	usegalaxy-eu	operations
2019-07-30 08:11:34	usegalaxy-eu	gxadmin
2019-07-30 08:11:02	usegalaxy-eu	gxadmin
2019-07-30 08:10:10	usegalaxy-eu	gxadmin
2019-07-30 08:09:33	usegalaxy-eu	gxadmin
2019-07-30 08:05:49	usegalaxy-eu	gxadmin
2019-07-29 22:00:14	usegalaxy-eu	grafana-dashboards
2019-07-29 15:59:36	usegalaxy-eu	grafana-dashboards
2019-07-29 09:03:29	usegalaxy-eu	gxadmin
2019-07-29 09:02:34	usegalaxy-eu	gxadmin
2019-07-29 09:02:24	selten	gxadmin
2019-07-29 09:01:16	selten	gxadmin
2019-07-27 01:22:18	usegalaxy-eu	usegalaxy-eu-tools
2019-07-24 10:06:55	usegalaxy-eu	usegalaxy-eu-tools
2019-07-24 09:51:09	usegalaxy-eu	gxadmin
2019-07-24 09:27:35	usegalaxy-eu	galaxy
2019-07-24 09:26:40	usegalaxy-eu	galaxy
2019-07-24 08:53:55	usegalaxy-eu	shared-data
2019-07-24 08:52:55	usegalaxy-eu	shared-data
2019-07-24 08:52:29	usegalaxy-eu	shared-data
2019-07-23 15:46:18	usegalaxy-eu	grafana-gitter-bridge
2019-07-23 13:54:03	usegalaxy-eu	infrastructure-playbook
2019-07-23 13:30:41	usegalaxy-eu	grafana-gitter-bridge
2019-07-23 13:16:56	usegalaxy-eu	grafana-gitter-bridge
2019-07-23 13:16:27	usegalaxy-eu	infrastructure-playbook
2019-07-23 13:13:55	usegalaxy-eu	infrastructure-playbook
2019-07-23 13:12:05	usegalaxy-eu	infrastructure-playbook
2019-07-23 13:09:47	usegalaxy-eu	infrastructure-playbook
2019-07-23 13:08:47	usegalaxy-eu	infrastructure-playbook
2019-07-23 13:04:18	usegalaxy-eu	infrastructure-playbook
2019-07-23 12:56:56	usegalaxy-eu	grafana-gitter-bridge
2019-07-22 13:37:15	usegalaxy-eu	infrastructure-playbook
2019-07-22 11:42:28	usegalaxy-eu	usegalaxy-eu-tools
2019-07-22 10:01:31	usegalaxy-eu	operations
2019-07-22 09:58:33	usegalaxy-eu	operations
2019-07-22 09:53:44	usegalaxy-eu	operations
2019-07-22 09:52:23	usegalaxy-eu	vgcn-infrastructure
2019-07-22 09:47:46	usegalaxy-eu	vgcn-infrastructure
2019-07-22 08:41:18	usegalaxy-eu	infrastructure-playbook
2019-07-22 08:41:02	usegalaxy-eu	vgcn-infrastructure
2019-07-22 06:58:38	usegalaxy-eu	infrastructure-playbook
2019-07-20 01:22:51	usegalaxy-eu	usegalaxy-eu-tools
2019-07-19 16:06:59	usegalaxy-eu	infrastructure-playbook
2019-07-19 15:53:07	usegalaxy-eu	infrastructure-playbook
2019-07-19 15:52:12	usegalaxy-eu	infrastructure-playbook
2019-07-19 15:44:22	usegalaxy-eu	infrastructure-playbook
2019-07-19 15:13:35	usegalaxy-eu	infrastructure-playbook
2019-07-19 14:53:38	usegalaxy-eu	gxadmin
2019-07-19 14:37:46	usegalaxy-eu	infrastructure-playbook
2019-07-19 14:33:34	selten	gxadmin
2019-07-19 14:18:03	usegalaxy-eu	gxadmin
2019-07-19 14:10:14	usegalaxy-eu	gxadmin
2019-07-19 14:07:56	usegalaxy-eu	gxadmin
2019-07-19 14:06:35	usegalaxy-eu	gxadmin
2019-07-19 14:03:25	usegalaxy-eu	gxadmin
2019-07-19 13:40:58	usegalaxy-eu	infrastructure-playbook
2019-07-19 13:37:07	usegalaxy-eu	infrastructure-playbook
2019-07-19 13:30:39	usegalaxy-eu	infrastructure-playbook
2019-07-19 13:01:52	usegalaxy-eu	infrastructure-playbook
2019-07-19 12:57:21	usegalaxy-eu	infrastructure-playbook
2019-07-19 12:50:24	usegalaxy-eu	infrastructure-playbook
2019-07-19 12:31:58	usegalaxy-eu	infrastructure-playbook
2019-07-19 12:17:26	usegalaxy-eu	infrastructure-playbook
2019-07-19 11:38:21	galaxy-genome-annotation	galaxy-tools
2019-07-19 11:36:21	galaxy-genome-annotation	galaxy-tools
2019-07-19 10:23:59	galaxy-genome-annotation	galaxy-tools
2019-07-19 07:21:03	usegalaxy-eu	infrastructure-playbook
2019-07-18 13:31:06	usegalaxy-eu	usegalaxy-eu-tools
2019-07-18 12:17:18	usegalaxy-eu	infrastructure-playbook
2019-07-18 11:46:19	usegalaxy-eu	vgcn
2019-07-18 11:27:18	usegalaxy-eu	infrastructure
2019-07-18 11:25:56	usegalaxy-eu	infrastructure
2019-07-18 11:24:23	usegalaxy-eu	infrastructure
2019-07-18 11:22:38	usegalaxy-eu	infrastructure
2019-07-18 11:18:01	usegalaxy-eu	tiaas-group-join
2019-07-18 09:54:19	galaxyproject	ansible-nginx
2019-07-18 09:45:11	usegalaxy-eu	infrastructure-playbook
2019-07-18 09:38:20	usegalaxy-eu	gxadmin
2019-07-18 09:35:41	usegalaxy-eu	gxadmin
2019-07-18 09:29:47	usegalaxy-eu	infrastructure
2019-07-18 09:29:07	usegalaxy-eu	gxadmin
2019-07-18 09:28:38	usegalaxy-eu	infrastructure
2019-07-17 15:57:41	usegalaxy-eu	infrastructure-playbook
2019-07-17 15:55:50	usegalaxy-eu	infrastructure
2019-07-17 15:54:30	usegalaxy-eu	infrastructure
2019-07-17 15:52:51	usegalaxy-eu	infrastructure
2019-07-17 15:34:34	usegalaxy-eu	infrastructure
2019-07-17 13:39:42	galaxyproject	training-material
2019-07-17 13:04:09	galaxyproject	training-material
2019-07-17 13:03:42	galaxyproject	training-material
2019-07-17 13:03:03	galaxyproject	training-material
2019-07-16 22:00:09	usegalaxy-eu	grafana-dashboards
2019-07-16 21:49:56	shiltemann	training-material
2019-07-16 21:32:31	erasche	training-material
2019-07-16 21:30:36	erasche	training-material
2019-07-16 21:12:32	erasche	training-material
2019-07-16 20:51:35	erasche	training-material
2019-07-16 20:48:42	erasche	training-material
2019-07-16 16:19:16	erasche	training-material
2019-07-16 16:18:35	erasche	training-material
2019-07-16 16:15:15	shiltemann	training-material
2019-07-16 16:14:26	shiltemann	training-material
2019-07-16 15:01:34	usegalaxy-eu	infrastructure-playbook
2019-07-16 14:59:36	galaxyproject	ansible-nginx
2019-07-16 14:44:34	natefoo	training-material
2019-07-16 14:31:36	usegalaxy-eu	infrastructure-playbook
2019-07-16 14:24:37	usegalaxy-eu	gxadmin
2019-07-16 14:24:25	usegalaxy-eu	gxadmin
2019-07-16 14:23:34	usegalaxy-eu	gxadmin
2019-07-16 14:03:00	usegalaxy-eu	tiaas-group-join
2019-07-16 13:55:43	usegalaxy-eu	tiaas-group-join
2019-07-16 13:55:15	usegalaxy-eu	infrastructure-playbook
2019-07-16 13:54:11	usegalaxy-eu	infrastructure-playbook
2019-07-16 13:50:49	usegalaxy-eu	infrastructure-playbook
2019-07-16 13:47:19	usegalaxy-eu	tiaas-group-join
2019-07-16 13:18:38	usegalaxy-eu	infrastructure-playbook
2019-07-16 12:55:03	usegalaxy-eu	infrastructure-playbook
2019-07-16 12:53:17	usegalaxy-eu	infrastructure-playbook
2019-07-16 12:49:41	erasche	galaxy
2019-07-16 12:14:15	usegalaxy-eu	gxadmin
2019-07-16 12:07:59	galaxyproject	ephemeris
2019-07-16 11:46:31	usegalaxy-eu	gxadmin
2019-07-16 11:46:08	usegalaxy-eu	gxadmin
2019-07-16 11:44:20	usegalaxy-eu	gxadmin
2019-07-16 11:35:48	usegalaxy-eu	gxadmin
2019-07-16 10:29:50	usegalaxy-eu	gxadmin
2019-07-16 10:27:41	usegalaxy-eu	gxadmin
2019-07-16 10:25:05	usegalaxy-eu	gxadmin
2019-07-16 10:24:45	usegalaxy-eu	gxadmin
2019-07-16 10:06:40	usegalaxy-eu	gxadmin
2019-07-16 09:54:56	natefoo	training-material
2019-07-16 08:46:35	galaxyproject	tools-iuc
2019-07-15 22:00:11	usegalaxy-eu	grafana-dashboards
2019-07-15 16:32:32	natefoo	training-material
2019-07-15 16:07:06	usegalaxy-eu	gxadmin
2019-07-15 15:02:58	usegalaxy-eu	shared-data
2019-07-15 14:48:32	usegalaxy-eu	infrastructure-playbook
2019-07-15 14:47:42	usegalaxy-eu	infrastructure-playbook
2019-07-15 14:31:02	usegalaxy-eu	infrastructure
2019-07-15 14:20:33	usegalaxy-eu	infrastructure
2019-07-15 13:53:55	usegalaxy-eu	galaxy
2019-07-15 13:48:41	usegalaxy-eu	galaxy
2019-07-15 13:47:20	usegalaxy-eu	galaxy
2019-07-15 13:21:52	usegalaxy-eu	ansible-tiaas-group-join
2019-07-15 13:20:26	usegalaxy-eu	ansible-tiaas-group-join
2019-07-15 13:19:19	usegalaxy-eu	ansible-tiaas-group-join
2019-07-15 10:20:52	usegalaxy-eu	tiaas-group-join
2019-07-15 09:44:38	erasche	training-material
2019-07-15 09:38:53	galaxyproject	training-material
2019-07-15 09:28:22	erasche	training-material
2019-07-15 09:04:15	natefoo	training-material
2019-07-13 16:03:19	erasche	training-material
2019-07-13 01:23:10	usegalaxy-eu	usegalaxy-eu-tools
2019-07-12 22:00:11	usegalaxy-eu	grafana-dashboards
2019-07-12 14:58:16	usegalaxy-eu	ansible-galaxy-systemd
2019-07-12 14:04:16	usegalaxy-eu	gxadmin
2019-07-12 12:00:35	galaxyproject	ansible-galaxy
2019-07-12 10:32:04	natefoo	training-material
2019-07-12 10:30:19	natefoo	training-material
2019-07-12 10:27:34	usegalaxy-eu	infrastructure-playbook
2019-07-12 10:17:55	natefoo	training-material
2019-07-12 09:56:31	usegalaxy-eu	infrastructure-playbook
2019-07-12 09:54:46	usegalaxy-eu	infrastructure-playbook
2019-07-12 09:40:55	usegalaxy-eu	infrastructure
2019-07-12 09:39:44	usegalaxy-eu	infrastructure
2019-07-12 09:37:22	usegalaxy-eu	infrastructure
2019-07-12 09:34:17	usegalaxy-eu	infrastructure-playbook
2019-07-12 08:42:03	galaxyproject	ansible-pulsar
2019-07-12 08:40:29	usegalaxy-eu	ansible-pulsar
2019-07-12 08:39:35	usegalaxy-eu	ansible-pulsar
2019-07-12 08:37:48	usegalaxy-eu	ansible-pulsar
2019-07-11 17:31:21	usegalaxy-eu	infrastructure-playbook
2019-07-11 13:17:29	usegalaxy-eu	infrastructure-playbook
2019-07-11 12:53:53	usegalaxy-eu	shared-data
2019-07-11 12:50:42	usegalaxy-eu	shared-data
2019-07-11 12:38:20	usegalaxy-eu	infrastructure-playbook
2019-07-11 10:44:29	usegalaxy-eu	infrastructure
2019-07-11 10:43:26	usegalaxy-eu	infrastructure
2019-07-11 10:42:25	usegalaxy-eu	infrastructure
2019-07-11 09:57:35	usegalaxy-eu	infrastructure
2019-07-11 09:56:33	usegalaxy-eu	infrastructure
2019-07-11 09:55:34	usegalaxy-eu	infrastructure
2019-07-11 09:54:16	usegalaxy-eu	infrastructure
2019-07-11 09:34:37	usegalaxy-eu	infrastructure
2019-07-11 09:33:33	usegalaxy-eu	infrastructure
2019-07-11 09:30:56	usegalaxy-eu	infrastructure
2019-07-11 09:28:14	usegalaxy-eu	vgcn-infrastructure
2019-07-11 09:23:21	usegalaxy-eu	infrastructure-playbook
2019-07-11 09:19:58	usegalaxy-eu	galaxy
2019-07-11 09:14:12	usegalaxy-eu	infrastructure-playbook
2019-07-11 09:12:28	usegalaxy-eu	infrastructure-playbook
2019-07-11 08:52:02	usegalaxy-eu	infrastructure-playbook
2019-07-11 08:46:06	usegalaxy-eu	infrastructure-playbook
2019-07-11 08:37:40	usegalaxy-eu	infrastructure-playbook
2019-07-10 11:02:56	usegalaxy-eu	infrastructure
2019-07-10 11:01:50	usegalaxy-eu	infrastructure
2019-07-10 10:59:27	usegalaxy-eu	infrastructure
2019-07-09 15:37:28	usegalaxy-eu	infrastructure-playbook
2019-07-09 15:35:53	usegalaxy-eu	infrastructure-playbook
2019-07-09 14:40:46	usegalaxy-eu	infrastructure-playbook
2019-07-09 13:23:46	usegalaxy-eu	shared-data
2019-07-09 12:09:14	usegalaxy-eu	infrastructure
2019-07-09 12:08:05	usegalaxy-eu	infrastructure
2019-07-09 12:06:45	usegalaxy-eu	infrastructure
2019-07-09 11:52:13	usegalaxy-eu	infrastructure
2019-07-09 11:36:52	usegalaxy-eu	shared-data
2019-07-09 11:33:15	usegalaxy-eu	shared-data
2019-07-09 11:28:24	usegalaxy-eu	shared-data
2019-07-09 09:34:39	usegalaxy-eu	infrastructure-playbook
2019-07-09 08:46:27	usegalaxy-eu	infrastructure-playbook
2019-07-08 14:59:15	usegalaxy-eu	infrastructure
2019-07-08 14:58:14	usegalaxy-eu	infrastructure
2019-07-08 14:57:13	usegalaxy-eu	infrastructure
2019-07-08 12:19:11	usegalaxy-eu	infrastructure
2019-07-08 12:18:10	usegalaxy-eu	infrastructure
2019-07-08 12:17:04	usegalaxy-eu	infrastructure
2019-07-08 12:14:36	usegalaxy-eu	infrastructure
2019-07-08 12:13:50	usegalaxy-eu	infrastructure
2019-07-08 12:09:58	usegalaxy-eu	infrastructure
2019-07-08 12:08:34	usegalaxy-eu	infrastructure
2019-07-08 12:04:10	usegalaxy-eu	infrastructure
2019-07-08 11:58:21	usegalaxy-eu	infrastructure
2019-07-08 09:50:19	galaxy-carpentries	gallantries
2019-07-08 09:07:45	galaxyproject	training-material
2019-07-08 09:07:20	galaxy-genome-annotation	galaxy-tools
2019-07-08 08:41:19	usegalaxy-eu	infrastructure-playbook
2019-07-08 08:16:33	usegalaxy-eu	infrastructure-playbook
2019-07-08 08:03:47	usegalaxy-eu	infrastructure-playbook
2019-07-06 15:20:52	natefoo	training-material
2019-07-06 11:21:03	galaxy-genome-annotation	python-chado
2019-07-06 01:22:07	usegalaxy-eu	usegalaxy-eu-tools
2019-07-05 15:10:17	galaxyproject	usegalaxy-tools
2019-07-05 14:41:00	galaxyproject	tools-iuc
2019-07-05 13:37:48	galaxyproject	dagobah-training
2019-07-05 13:35:23	usegalaxy-eu	usegalaxy-eu-tools
2019-07-05 13:21:50	usegalaxy-eu	infrastructure-playbook
2019-07-05 12:42:19	erasche	chado-schema-builder
2019-07-05 12:41:58	erasche	chado-schema-builder
2019-07-05 12:03:49	usegalaxy-eu	infrastructure
2019-07-05 12:02:46	usegalaxy-eu	infrastructure
2019-07-05 11:50:11	usegalaxy-eu	infrastructure
2019-07-05 09:03:52	usegalaxy-eu	infrastructure
2019-07-04 22:00:09	usegalaxy-eu	grafana-dashboards
2019-07-04 15:58:03	usegalaxy-eu	infrastructure-playbook
2019-07-04 14:17:16	usegalaxy-eu	galaxy
2019-07-04 09:14:48	martenson	public-galaxy-servers
2019-07-04 06:11:53	usegalaxy-eu	infrastructure
2019-07-04 06:09:04	usegalaxy-eu	infrastructure
2019-07-04 06:05:01	usegalaxy-eu	infrastructure
2019-07-04 06:01:57	usegalaxy-eu	infrastructure
2019-07-03 16:55:40	usegalaxy-eu	infrastructure
2019-07-03 16:52:59	usegalaxy-eu	infrastructure
2019-07-03 16:44:25	galaxyproject	dagobah-training
2019-07-03 16:18:55	usegalaxy-eu	infrastructure
2019-07-03 16:17:50	usegalaxy-eu	infrastructure
2019-07-03 09:51:40	usegalaxy-eu	usegalaxy-eu-tools
2019-07-03 09:48:52	erasche	docker-rstudio-notebook
2019-07-03 09:28:56	usegalaxy-eu	infrastructure-playbook
2019-07-03 09:28:19	usegalaxy-eu	usegalaxy-eu-tools
2019-07-03 09:26:43	usegalaxy-eu	usegalaxy-eu-tools
2019-07-03 07:18:54	usegalaxy-eu	infrastructure-playbook
2019-07-03 07:03:16	galaxyproject	galaxy
2019-07-02 18:40:36	usegalaxy-eu	infrastructure
2019-07-02 18:37:25	usegalaxy-eu	infrastructure
2019-07-02 18:34:26	usegalaxy-eu	infrastructure
2019-07-02 18:30:24	usegalaxy-eu	infrastructure
2019-07-02 18:29:21	usegalaxy-eu	infrastructure
2019-07-02 18:24:49	galaxyproject	training-material
2019-07-02 14:08:15	usegalaxy-eu	shared-data
2019-07-02 08:23:34	usegalaxy-eu	gxadmin
2019-07-02 07:31:13	galaxyproject	training-material
2019-07-02 07:15:54	usegalaxy-eu	galaxy
2019-07-01 15:22:35	galaxyproject	training-material
2019-07-01 15:17:11	galaxyproject	training-material
2019-07-01 15:16:42	galaxyproject	training-material
2019-07-01 15:15:54	galaxyproject	training-material
2019-07-01 13:46:19	usegalaxy-eu	infrastructure-playbook
2019-07-01 13:35:13	galaxyproject	training-material
2019-07-01 13:32:35	galaxyproject	training-material
2019-07-01 09:26:07	galaxyproject	dagobah-training
2019-07-01 09:19:42	galaxyproject	training-material
2019-07-01 08:59:18	galaxyproject	training-material
2019-07-01 08:30:17	erasche	galaxy
2019-07-01 07:25:44	usegalaxy-eu	infrastructure
2019-07-01 07:22:36	usegalaxy-eu	infrastructure
2019-07-01 07:18:53	usegalaxy-eu	infrastructure
2019-07-01 07:11:47	usegalaxy-eu	infrastructure
2019-07-01 06:55:05	nsoranzo	training-material
2019-07-01 06:03:57	galaxyproject	training-material
2019-07-01 05:28:08	natefoo	training-material
2019-07-01 05:22:27	galaxyproject	training-material
2019-07-01 05:21:07	galaxyproject	training-material
2019-07-01 05:03:35	usegalaxy-eu	galaxy
2019-06-30 06:52:52	usegalaxy-eu	usegalaxy-eu-tools
2019-06-30 06:45:14	usegalaxy-eu	gxadmin
2019-06-30 06:39:24	usegalaxy-eu	usegalaxy-eu-tools
2019-06-29 11:22:59	usegalaxy-eu	infrastructure-playbook
2019-06-29 09:05:47	usegalaxy-eu	infrastructure-playbook
2019-06-29 01:22:58	usegalaxy-eu	usegalaxy-eu-tools
2019-06-28 22:00:11	usegalaxy-eu	grafana-dashboards
2019-06-28 18:39:57	galaxyproject	training-material
2019-06-28 17:21:51	usegalaxy-eu	infrastructure-playbook
2019-06-28 16:07:49	martenson	public-galaxy-servers
2019-06-28 15:43:56	martenson	public-galaxy-servers
2019-06-28 15:28:59	usegalaxy-eu	infrastructure-playbook
2019-06-28 12:11:16	usegalaxy-eu	infrastructure-playbook
2019-06-28 12:10:33	usegalaxy-eu	infrastructure-playbook
2019-06-28 12:06:58	usegalaxy-eu	infrastructure-playbook
2019-06-28 11:50:29	usegalaxy-eu	gxadmin
2019-06-28 11:47:30	usegalaxy-eu	infrastructure
2019-06-28 11:44:51	usegalaxy-eu	infrastructure
2019-06-28 11:42:15	usegalaxy-eu	infrastructure
2019-06-28 11:38:26	usegalaxy-eu	infrastructure
2019-06-28 09:16:52	usegalaxy-eu	infrastructure
2019-06-28 09:13:59	usegalaxy-eu	infrastructure
2019-06-28 09:11:13	usegalaxy-eu	infrastructure
2019-06-28 09:07:18	usegalaxy-eu	infrastructure
2019-06-28 09:05:10	usegalaxy-eu	infrastructure
2019-06-27 22:00:11	usegalaxy-eu	grafana-dashboards
2019-06-27 17:36:16	galaxyproject	galaxy-hub
2019-06-27 17:34:38	galaxyproject	galaxy-hub
2019-06-27 17:17:04	usegalaxy-eu	galaxy
2019-06-27 17:12:03	usegalaxy-eu	galaxy
2019-06-27 16:47:43	galaxyproject	training-material
2019-06-27 16:29:05	mtekman	training-material
2019-06-27 13:31:41	usegalaxy-eu	infrastructure-playbook
2019-06-27 13:31:20	galaxy-iuc	command-engine
2019-06-27 13:12:09	usegalaxy-eu	usegalaxy-eu-tools
2019-06-27 12:09:09	usegalaxy-eu	galaxy
2019-06-27 12:08:54	usegalaxy-eu	galaxy
2019-06-27 11:14:30	mvdbeek	training-material
2019-06-27 11:07:31	usegalaxy-eu	infrastructure-playbook
2019-06-27 10:43:24	usegalaxy-eu	infrastructure-playbook
2019-06-27 10:35:17	usegalaxy-eu	galaxy
2019-06-27 10:34:48	usegalaxy-eu	infrastructure-playbook
2019-06-27 10:33:17	usegalaxy-eu	galaxy
2019-06-27 10:24:45	usegalaxy-eu	galaxy
2019-06-27 08:01:14	usegalaxy-eu	infrastructure-playbook
2019-06-26 18:27:21	usegalaxy-eu	galaxy
2019-06-26 18:24:56	usegalaxy-eu	gxadmin
2019-06-26 18:12:03	erasche	galaxy
2019-06-26 17:41:27	galaxyproject	galaxy-hub
2019-06-26 17:37:08	usegalaxy-eu	infrastructure-playbook
2019-06-26 17:08:01	usegalaxy-eu	infrastructure-playbook
2019-06-26 15:09:18	usegalaxy-eu	infrastructure-playbook
2019-06-26 15:08:10	usegalaxy-eu	infrastructure-playbook
2019-06-26 15:06:29	usegalaxy-eu	infrastructure-playbook
2019-06-26 14:51:59	usegalaxy-eu	infrastructure-playbook
2019-06-26 14:50:37	usegalaxy-eu	ansible-galaxy-systemd
2019-06-26 14:36:40	usegalaxy-eu	infrastructure-playbook
2019-06-26 13:26:51	usegalaxy-eu	gxadmin
2019-06-26 13:20:02	usegalaxy-eu	tiaas-group-join
2019-06-26 13:18:06	usegalaxy-eu	tiaas-group-join
2019-06-26 13:14:27	usegalaxy-eu	gxadmin
2019-06-26 12:48:18	usegalaxy-eu	tiaas-group-join
2019-06-26 12:39:13	usegalaxy-eu	infrastructure
2019-06-26 12:36:15	usegalaxy-eu	infrastructure
2019-06-26 12:33:36	usegalaxy-eu	infrastructure
2019-06-26 12:00:03	usegalaxy-eu	infrastructure-playbook
2019-06-26 11:48:44	usegalaxy-eu	infrastructure
2019-06-26 11:45:56	usegalaxy-eu	infrastructure
2019-06-26 11:42:54	usegalaxy-eu	infrastructure
2019-06-26 09:49:47	usegalaxy-eu	infrastructure-playbook
2019-06-26 09:47:09	usegalaxy-eu	infrastructure-playbook
2019-06-26 07:26:47	usegalaxy-eu	shared-data
2019-06-25 22:00:11	usegalaxy-eu	grafana-dashboards
2019-06-25 20:28:22	galaxyproject	training-material
2019-06-25 19:58:46	usegalaxy-eu	infrastructure
2019-06-25 19:56:14	usegalaxy-eu	infrastructure
2019-06-25 19:53:19	usegalaxy-eu	infrastructure
2019-06-25 19:45:44	usegalaxy-eu	infrastructure
2019-06-25 17:43:29	usegalaxy-eu	infrastructure
2019-06-25 17:41:31	usegalaxy-eu	infrastructure
2019-06-25 17:39:49	usegalaxy-eu	infrastructure
2019-06-25 17:33:50	usegalaxy-eu	infrastructure-playbook
2019-06-25 17:31:06	usegalaxy-eu	infrastructure
2019-06-25 17:22:27	usegalaxy-eu	infrastructure
2019-06-25 12:28:48	usegalaxy-eu	infrastructure-playbook
2019-06-25 11:58:09	usegalaxy-eu	infrastructure-playbook
2019-06-25 11:35:46	usegalaxy-eu	infrastructure-playbook
2019-06-25 11:25:58	usegalaxy-eu	infrastructure-playbook
2019-06-25 10:22:58	usegalaxy-eu	infrastructure-playbook
2019-06-25 08:46:33	usegalaxy-eu	ansible-cvmfs
2019-06-25 06:25:52	usegalaxy-eu	gxadmin
2019-06-25 06:16:36	mvdbeek	training-material
2019-06-25 05:29:24	galaxyproject	dagobah-training
2019-06-25 05:28:57	galaxyproject	dagobah-training
2019-06-25 05:28:15	galaxyproject	dagobah-training
2019-06-25 05:02:46	mvdbeek	training-material
2019-06-25 04:35:41	usegalaxy-eu	infrastructure-playbook
2019-06-25 04:28:53	usegalaxy-eu	gxadmin
2019-06-25 03:47:04	galaxyproject	usegalaxy-tools
2019-06-25 03:45:55	galaxyproject	training-material
2019-06-25 03:45:13	usegalaxy-eu	workflow-testing
2019-06-24 20:36:31	mvdbeek	training-material
2019-06-24 20:12:04	usegalaxy-eu	usegalaxy-eu-tools
2019-06-24 19:59:15	usegalaxy-eu	usegalaxy-eu-tools
2019-06-24 19:54:38	usegalaxy-eu	usegalaxy-eu-tools
2019-06-24 19:47:34	usegalaxy-eu	infrastructure-playbook
2019-06-24 15:57:54	usegalaxy-eu	usegalaxy-eu-tools
2019-06-24 15:25:21	usegalaxy-eu	usegalaxy-eu-tools
2019-06-24 09:35:29	usegalaxy-eu	gcc2019
2019-06-24 09:30:12	usegalaxy-eu	gcc2019
2019-06-24 09:18:41	usegalaxy-eu	gcc2019
2019-06-23 10:20:24	usegalaxy-eu	usegalaxy-eu-tools
2019-06-23 05:24:31	usegalaxy-eu	infrastructure-playbook
2019-06-22 01:22:49	usegalaxy-eu	usegalaxy-eu-tools
2019-06-21 22:00:10	usegalaxy-eu	grafana-dashboards
2019-06-21 17:13:52	erasche	training-material
2019-06-21 17:08:26	galaxyproject	ansible-galaxy
2019-06-21 16:47:07	usegalaxy-eu	infrastructure-playbook
2019-06-21 16:45:05	usegalaxy-eu	vgcn-infrastructure
2019-06-21 16:31:31	usegalaxy-eu	gxadmin
2019-06-21 16:29:50	usegalaxy-eu	gxadmin
2019-06-21 16:29:39	jmchilton	gxadmin
2019-06-21 15:40:06	usegalaxy-eu	infrastructure-playbook
2019-06-21 15:30:10	usegalaxy-eu	usegalaxy-eu-tools
2019-06-21 14:53:09	usegalaxy-eu	infrastructure-playbook
2019-06-21 14:50:55	usegalaxy-eu	infrastructure-playbook
2019-06-21 14:47:24	usegalaxy-eu	infrastructure-playbook
2019-06-21 14:26:10	usegalaxy-eu	infrastructure-playbook
2019-06-21 14:25:26	usegalaxy-eu	infrastructure-playbook
2019-06-21 14:24:14	usegalaxy-eu	infrastructure-playbook
2019-06-21 13:45:46	usegalaxy-eu	infrastructure-playbook
2019-06-21 13:06:31	usegalaxy-eu	infrastructure-playbook
2019-06-21 13:01:50	usegalaxy-eu	infrastructure-playbook
2019-06-21 12:50:26	usegalaxy-eu	infrastructure-playbook
2019-06-21 12:44:14	usegalaxy-eu	infrastructure-playbook
2019-06-21 09:47:36	usegalaxy-eu	usegalaxy-eu-tools
2019-06-21 09:28:07	usegalaxy-eu	usegalaxy-eu-tools
2019-06-21 08:56:23	usegalaxy-eu	infrastructure-playbook
2019-06-21 08:31:19	usegalaxy-eu	infrastructure
2019-06-21 08:30:21	usegalaxy-eu	infrastructure
2019-06-21 08:29:28	usegalaxy-eu	infrastructure
2019-06-21 08:26:53	usegalaxy-eu	infrastructure
2019-06-21 08:14:52	galaxyproject	training-material
2019-06-20 12:34:35	usegalaxy-eu	usegalaxy-eu-tools
2019-06-20 11:59:44	AnnaSyme	training-material
2019-06-20 11:25:44	AnnaSyme	training-material
2019-06-20 11:04:25	erasche	training-material
2019-06-20 10:58:40	erasche	training-material
2019-06-20 10:39:42	erasche	training-material
2019-06-20 10:16:35	usegalaxy-eu	shared-data
2019-06-20 10:14:37	erasche	training-material
2019-06-20 10:04:40	usegalaxy-eu	shared-data
2019-06-19 22:00:12	usegalaxy-eu	grafana-dashboards
2019-06-19 15:51:18	usegalaxy-eu	usegalaxy-eu-tools
2019-06-19 15:47:48	usegalaxy-eu	galaxy
2019-06-19 15:33:53	martenson	public-galaxy-servers
2019-06-19 15:14:08	usegalaxy-eu	shared-data
2019-06-19 15:11:25	galaxyproject	ephemeris
2019-06-19 15:07:51	usegalaxy-eu	shared-data
2019-06-19 15:05:21	usegalaxy-eu	shared-data
2019-06-19 14:58:05	galaxyproject	ephemeris
2019-06-19 14:30:11	erasche	galaxy
2019-06-19 13:23:22	usegalaxy-eu	operations
2019-06-19 13:20:45	usegalaxy-eu	galaxy
2019-06-19 13:11:38	galaxyproject	ephemeris
2019-06-19 12:13:28	erasche	training-material
2019-06-19 10:30:02	galaxyproject	ephemeris
2019-06-19 10:28:45	galaxyproject	ephemeris
2019-06-19 08:52:00	usegalaxy-eu	infrastructure
2019-06-19 08:51:03	usegalaxy-eu	infrastructure
2019-06-19 08:50:00	usegalaxy-eu	infrastructure
2019-06-19 08:14:58	erasche	training-material
2019-06-19 07:52:07	erasche	docker-rstudio-notebook
2019-06-18 22:00:10	usegalaxy-eu	grafana-dashboards
2019-06-18 15:49:57	erasche	training-material
2019-06-18 15:33:24	erasche	docker-rstudio-notebook
2019-06-18 15:13:12	usegalaxy-eu	tiaas-group-join
2019-06-18 14:50:21	usegalaxy-eu	gxadmin
2019-06-18 14:48:35	usegalaxy-eu	gxadmin
2019-06-18 14:13:58	usegalaxy-eu	infrastructure-playbook
2019-06-18 13:31:15	usegalaxy-eu	infrastructure
2019-06-18 13:30:25	usegalaxy-eu	infrastructure
2019-06-18 13:27:25	usegalaxy-eu	infrastructure
2019-06-18 13:18:15	galaxyproject	galaxy
2019-06-18 12:34:21	usegalaxy-eu	infrastructure-playbook
2019-06-18 11:52:48	erasche	training-material
2019-06-17 22:00:10	usegalaxy-eu	grafana-dashboards
2019-06-17 15:12:10	usegalaxy-eu	tiaas-group-join
2019-06-17 14:22:29	usegalaxy-eu	tiaas-group-join
2019-06-17 14:20:00	usegalaxy-eu	tiaas-group-join
2019-06-17 14:18:08	usegalaxy-eu	vgcn-infrastructure
2019-06-17 14:12:15	usegalaxy-eu	tiaas-group-join
2019-06-17 14:11:07	usegalaxy-eu	tiaas-group-join
2019-06-17 14:09:36	usegalaxy-eu	tiaas-group-join
2019-06-17 14:09:13	usegalaxy-eu	tiaas-group-join
2019-06-17 14:08:05	usegalaxy-eu	tiaas-group-join
2019-06-17 14:05:51	usegalaxy-eu	tiaas-group-join
2019-06-17 13:47:31	usegalaxy-eu	tiaas-group-join
2019-06-17 13:46:14	usegalaxy-eu	tiaas-group-join
2019-06-17 13:43:44	usegalaxy-eu	tiaas-group-join
2019-06-17 13:40:35	usegalaxy-eu	tiaas-group-join
2019-06-17 13:39:44	usegalaxy-eu	tiaas-group-join
2019-06-17 13:31:46	usegalaxy-eu	tiaas-group-join
2019-06-17 13:31:18	usegalaxy-eu	tiaas-group-join
2019-06-17 13:29:24	usegalaxy-eu	tiaas-group-join
2019-06-17 12:12:42	usegalaxy-eu	infrastructure-playbook
2019-06-17 11:09:33	usegalaxy-eu	infrastructure-playbook
2019-06-17 10:57:45	usegalaxy-eu	galaxy
2019-06-17 10:56:15	usegalaxy-eu	galaxy
2019-06-17 09:49:03	galaxyproject	training-material
2019-06-17 09:10:07	usegalaxy-eu	infrastructure-playbook
2019-06-17 09:00:44	usegalaxy-eu	infrastructure-playbook
2019-06-17 08:58:53	usegalaxy-eu	infrastructure-playbook
2019-06-17 07:59:25	usegalaxy-eu	infrastructure-playbook
2019-06-15 16:10:20	usegalaxy-eu	usegalaxy-eu-tools
2019-06-14 22:00:15	usegalaxy-eu	grafana-dashboards
2019-06-14 17:53:13	usegalaxy-eu	infrastructure-playbook
2019-06-14 14:53:49	usegalaxy-eu	infrastructure-playbook
2019-06-14 14:45:19	usegalaxy-eu	infrastructure-playbook
2019-06-14 14:30:52	usegalaxy-eu	infrastructure-playbook
2019-06-14 14:11:56	usegalaxy-eu	infrastructure-playbook
2019-06-14 14:00:57	usegalaxy-eu	infrastructure-playbook
2019-06-14 09:02:12	usegalaxy-eu	infrastructure-playbook
2019-06-14 08:34:18	usegalaxy-eu	infrastructure
2019-06-14 08:33:19	usegalaxy-eu	infrastructure
2019-06-14 08:32:10	usegalaxy-eu	infrastructure
2019-06-13 22:00:13	usegalaxy-eu	grafana-dashboards
2019-06-13 15:40:57	usegalaxy-eu	infrastructure-playbook
2019-06-13 15:40:08	usegalaxy-eu	infrastructure-playbook
2019-06-13 15:39:34	usegalaxy-eu	infrastructure-playbook
2019-06-13 15:03:47	usegalaxy-eu	infrastructure-playbook
2019-06-13 15:02:31	usegalaxy-eu	gxadmin
2019-06-13 14:42:28	usegalaxy-eu	infrastructure
2019-06-13 14:41:32	usegalaxy-eu	infrastructure
2019-06-13 14:39:43	usegalaxy-eu	infrastructure
2019-06-13 13:48:44	usegalaxy-eu	infrastructure-playbook
2019-06-13 12:22:20	usegalaxy-eu	infrastructure-playbook
2019-06-13 12:13:28	usegalaxy-eu	infrastructure-playbook
2019-06-13 04:46:56	galaxyproject	cargo-port
2019-06-12 22:00:12	usegalaxy-eu	grafana-dashboards
2019-06-12 10:24:27	usegalaxy-eu	infrastructure-playbook
2019-06-12 10:05:36	usegalaxy-eu	infrastructure-playbook
2019-06-12 10:05:16	usegalaxy-eu	infrastructure-playbook
2019-06-12 09:45:23	usegalaxy-eu	infrastructure-playbook
2019-06-12 08:30:09	erasche	galaxy
2019-06-12 07:17:11	usegalaxy-eu	infrastructure-playbook
2019-06-11 15:10:04	usegalaxy-eu	infrastructure-playbook
2019-06-11 12:52:05	usegalaxy-eu	galaxy
2019-06-11 10:38:27	galaxyproject	idc
2019-06-10 20:30:34	usegalaxy-eu	vgcn-infrastructure
2019-06-10 12:37:11	galaxyproject	training-material
2019-06-09 21:07:39	erasche	training-material
2019-06-09 21:03:19	erasche	training-material
2019-06-09 20:50:29	erasche	training-material
2019-06-09 20:40:03	erasche	training-material
2019-06-09 20:36:58	erasche	training-material
2019-06-09 19:40:24	galaxyproject	training-material
2019-06-09 05:54:16	galaxyproject	training-material
2019-06-08 01:22:56	usegalaxy-eu	usegalaxy-eu-tools
2019-06-07 17:52:17	usegalaxy-eu	infrastructure
2019-06-07 17:51:25	usegalaxy-eu	infrastructure
2019-06-07 14:50:08	usegalaxy-eu	gxadmin
2019-06-07 14:47:46	usegalaxy-eu	galaxy
2019-06-07 14:36:57	usegalaxy-eu	galaxy
2019-06-07 14:28:01	usegalaxy-eu	gxadmin
2019-06-07 14:13:13	usegalaxy-eu	infrastructure-playbook
2019-06-07 14:12:34	usegalaxy-eu	galaxy
2019-06-07 13:17:00	erasche	awstimator
2019-06-07 13:16:45	usegalaxy-eu	vgcn-infrastructure
2019-06-07 12:16:15	galaxy-carpentries	gallantries
2019-06-07 09:52:44	usegalaxy-eu	infrastructure-playbook
2019-06-06 22:00:11	usegalaxy-eu	grafana-dashboards
2019-06-06 15:11:29	usegalaxy-eu	gxadmin
2019-06-06 14:59:17	usegalaxy-eu	gxadmin
2019-06-06 13:59:19	galaxyproject	ansible-nginx
2019-06-06 13:55:59	galaxyproject	usegalaxy-tools
2019-06-06 13:41:39	usegalaxy-eu	galaxy
2019-06-06 11:25:13	usegalaxy-eu	infrastructure-playbook
2019-06-06 11:01:03	usegalaxy-eu	infrastructure-playbook
2019-06-06 10:32:38	usegalaxy-eu	infrastructure-playbook
2019-06-06 10:30:06	erasche	galaxy
2019-06-06 10:14:16	usegalaxy-eu	infrastructure-playbook
2019-06-06 10:13:52	usegalaxy-eu	infrastructure-playbook
2019-06-06 10:09:57	usegalaxy-eu	infrastructure-playbook
2019-06-06 09:30:46	usegalaxy-eu	infrastructure-playbook
2019-06-06 09:23:02	usegalaxy-eu	infrastructure-playbook
2019-06-06 06:26:12	galaxyproject	ansible-pulsar
2019-06-05 22:00:12	usegalaxy-eu	grafana-dashboards
2019-06-05 19:37:31	usegalaxy-eu	usegalaxy-eu-tools
2019-06-05 13:51:24	usegalaxy-eu	infrastructure-playbook
2019-06-05 12:03:23	usegalaxy-eu	infrastructure-playbook
2019-06-05 09:59:44	usegalaxy-eu	ansible-galaxy-systemd
2019-06-05 09:49:13	usegalaxy-eu	infrastructure-playbook
2019-06-05 09:45:20	usegalaxy-eu	infrastructure-playbook
2019-06-05 09:43:47	usegalaxy-eu	infrastructure-playbook
2019-06-05 09:42:41	usegalaxy-eu	infrastructure-playbook
2019-06-05 09:18:58	usegalaxy-eu	galaxy
2019-06-05 08:44:09	erasche	infrastructure-playbook
2019-06-05 08:38:41	galaxyproject	training-material
2019-06-04 22:00:12	usegalaxy-eu	grafana-dashboards
2019-06-04 16:59:50	galaxyproject	usegalaxy-tools
2019-06-04 15:45:56	galaxyproject	training-material
2019-06-04 13:39:57	usegalaxy-eu	infrastructure-playbook
2019-06-04 13:38:29	usegalaxy-eu	infrastructure-playbook
2019-06-04 13:18:32	usegalaxy-eu	infrastructure-playbook
2019-06-04 11:33:48	usegalaxy-eu	galaxy
2019-06-04 11:27:21	usegalaxy-eu	galaxy
2019-06-04 11:17:41	galaxyproject	dagobah-training
2019-06-04 10:41:28	galaxyproject	ansible-galaxy
2019-06-04 10:28:20	usegalaxy-eu	infrastructure
2019-06-04 10:27:20	usegalaxy-eu	infrastructure
2019-06-04 10:26:17	usegalaxy-eu	infrastructure
2019-06-04 10:13:13	usegalaxy-eu	infrastructure
2019-06-04 09:22:34	usegalaxy-eu	infrastructure-playbook
2019-06-04 08:29:26	usegalaxy-eu	infrastructure-playbook
2019-06-04 08:16:37	usegalaxy-eu	infrastructure-playbook
2019-06-04 08:06:29	usegalaxy-eu	infrastructure-playbook
2019-06-04 07:00:55	galaxy-carpentries	gallantries
2019-06-04 06:18:59	usegalaxy-eu	ansible-certbot
2019-06-03 22:00:12	usegalaxy-eu	grafana-dashboards
2019-06-03 17:45:14	galaxyproject	dagobah-training
2019-06-03 15:34:05	usegalaxy-eu	galaxy
2019-06-03 15:34:05	erasche	galaxy
2019-06-03 14:19:13	galaxyproject	galaxy-hub
2019-06-03 14:02:10	galaxyproject	pulsar
2019-06-03 14:00:47	erasche	training-material
2019-06-03 13:13:23	erasche	presentations
2019-06-03 13:12:17	erasche	presentations
2019-06-03 13:04:24	galaxyproject	training-material
2019-06-03 12:31:00	galaxyproject	galaxy-hub
2019-06-03 06:52:46	martenson	public-galaxy-servers
2019-05-31 22:00:17	usegalaxy-eu	grafana-dashboards
2019-05-31 18:37:18	usegalaxy-eu	infrastructure-playbook
2019-05-31 18:36:12	usegalaxy-eu	infrastructure
2019-05-31 18:35:10	usegalaxy-eu	infrastructure
2019-05-31 18:34:03	usegalaxy-eu	infrastructure
2019-05-31 18:26:53	usegalaxy-eu	infrastructure-playbook
2019-05-31 18:11:44	usegalaxy-eu	infrastructure-playbook
2019-05-31 18:09:36	usegalaxy-eu	infrastructure-playbook
2019-05-31 17:44:02	usegalaxy-eu	infrastructure-playbook
2019-05-31 17:29:41	usegalaxy-eu	infrastructure-playbook
2019-05-31 17:24:31	usegalaxy-eu	infrastructure-playbook
2019-05-31 17:13:46	usegalaxy-eu	infrastructure-playbook
2019-05-31 17:06:41	usegalaxy-eu	galaxy
2019-05-31 17:03:54	usegalaxy-eu	infrastructure-playbook
2019-05-31 16:52:49	usegalaxy-eu	infrastructure-playbook
2019-05-31 16:38:12	usegalaxy-eu	infrastructure-playbook
2019-05-31 16:37:21	erasche	galaxy
2019-05-31 16:33:30	usegalaxy-eu	infrastructure-playbook
2019-05-31 16:25:31	usegalaxy-eu	infrastructure-playbook
2019-05-31 16:23:28	usegalaxy-eu	infrastructure-playbook
2019-05-31 16:18:28	usegalaxy-eu	infrastructure-playbook
2019-05-31 16:08:19	erasche	galaxy
2019-05-31 14:20:02	usegalaxy-eu	vgcn-infrastructure
2019-05-31 14:12:24	galaxyproject	galaxy-hub
2019-05-31 13:53:54	usegalaxy-eu	infrastructure-playbook
2019-05-31 13:38:03	usegalaxy-eu	grafana-dashboards
2019-05-31 13:36:04	usegalaxy-eu	grafana-dashboards
2019-05-31 13:34:32	usegalaxy-eu	grafana-dashboards
2019-05-31 13:33:28	martenson	public-galaxy-servers
2019-05-31 13:30:41	galaxyproject	galaxy-hub
2019-05-31 12:39:45	usegalaxy-eu	gxadmin
2019-05-31 12:11:55	usegalaxy-eu	infrastructure-playbook
2019-05-31 11:37:56	martenson	public-galaxy-servers
2019-05-31 11:34:24	martenson	public-galaxy-servers
2019-05-31 11:29:37	galaxyproject	galaxy-hub
2019-05-31 11:06:43	usegalaxy-eu	infrastructure-playbook
2019-05-31 11:01:02	martenson	public-galaxy-servers
2019-05-31 10:59:07	martenson	public-galaxy-servers
2019-05-31 10:54:58	martenson	public-galaxy-servers
2019-05-31 10:47:49	martenson	public-galaxy-servers
2019-05-31 10:05:10	usegalaxy-eu	infrastructure-playbook
2019-05-31 09:57:58	usegalaxy-eu	usegalaxy-eu-tools
2019-05-31 09:52:21	usegalaxy-eu	usegalaxy-eu-tools
2019-05-31 09:49:46	usegalaxy-eu	usegalaxy-eu-tools
2019-05-31 09:48:28	usegalaxy-eu	usegalaxy-eu-tools
2019-05-31 09:37:38	usegalaxy-eu	gxadmin
2019-05-31 09:36:15	usegalaxy-eu	infrastructure-playbook
2019-05-31 08:13:47	usegalaxy-eu	vgcn-infrastructure
2019-05-30 14:46:31	usegalaxy-eu	infrastructure-playbook
2019-05-29 15:25:04	usegalaxy-eu	infrastructure-playbook
2019-05-29 15:24:02	usegalaxy-eu	infrastructure-playbook
2019-05-29 15:23:23	usegalaxy-eu	infrastructure-playbook
2019-05-29 15:14:47	usegalaxy-eu	infrastructure-playbook
2019-05-29 15:05:23	usegalaxy-eu	infrastructure-playbook
2019-05-29 11:36:01	usegalaxy-eu	gxadmin
2019-05-29 11:16:43	jmchilton	galaxy
2019-05-29 11:13:41	jmchilton	gxadmin
2019-05-29 11:12:16	jmchilton	gxadmin
2019-05-29 11:08:39	usegalaxy-eu	gxadmin
2019-05-28 09:51:09	usegalaxy-eu	vgcn-infrastructure
2019-05-28 09:17:41	usegalaxy-eu	infrastructure-playbook
2019-05-28 07:29:57	usegalaxy-eu	tiaas-group-join
2019-05-27 13:40:09	usegalaxy-eu	vgcn-infrastructure
2019-05-27 13:39:26	usegalaxy-eu	vgcn-infrastructure
2019-05-27 13:35:56	usegalaxy-eu	vgcn-infrastructure
2019-05-27 13:34:18	usegalaxy-eu	vgcn-infrastructure
2019-05-27 13:31:59	usegalaxy-eu	vgcn-infrastructure
2019-05-27 13:14:44	usegalaxy-eu	infrastructure-playbook
2019-05-27 13:04:55	usegalaxy-eu	vgcn-infrastructure
2019-05-27 13:01:19	usegalaxy-eu	vgcn-infrastructure
2019-05-27 11:46:10	usegalaxy-eu	infrastructure-playbook
2019-05-27 09:21:41	usegalaxy-eu	infrastructure-playbook
2019-05-27 09:01:53	usegalaxy-eu	infrastructure-playbook
2019-05-27 09:01:10	usegalaxy-eu	infrastructure-playbook
2019-05-27 08:59:54	usegalaxy-eu	infrastructure-playbook
2019-05-27 08:27:25	usegalaxy-eu	infrastructure-playbook
2019-05-27 08:26:36	usegalaxy-eu	infrastructure-playbook
2019-05-27 08:23:39	usegalaxy-eu	infrastructure-playbook
2019-05-27 08:03:26	usegalaxy-eu	infrastructure-playbook
2019-05-25 01:22:26	usegalaxy-eu	usegalaxy-eu-tools
2019-05-24 14:39:20	usegalaxy-eu	infrastructure-playbook
2019-05-24 14:24:00	usegalaxy-eu	infrastructure-playbook
2019-05-24 14:20:42	usegalaxy-eu	infrastructure-playbook
2019-05-24 14:19:05	usegalaxy-eu	infrastructure-playbook
2019-05-24 13:44:50	usegalaxy-eu	infrastructure-playbook
2019-05-24 13:27:44	erasche	training-material
2019-05-24 13:24:09	erasche	training-material
2019-05-24 12:55:15	erasche	training-material
2019-05-24 11:48:47	erasche	training-material
2019-05-24 10:21:14	usegalaxy-eu	infrastructure-playbook
2019-05-24 10:13:26	usegalaxy-eu	infrastructure-playbook
2019-05-24 09:22:49	usegalaxy-eu	infrastructure-playbook
2019-05-24 09:08:53	usegalaxy-eu	infrastructure-playbook
2019-05-24 09:02:07	usegalaxy-eu	infrastructure-playbook
2019-05-24 08:45:18	usegalaxy-eu	infrastructure
2019-05-24 08:44:22	usegalaxy-eu	infrastructure
2019-05-24 08:43:23	usegalaxy-eu	infrastructure
2019-05-24 08:20:45	usegalaxy-eu	galaxy
2019-05-24 08:15:58	usegalaxy-eu	infrastructure-playbook
2019-05-24 08:14:20	usegalaxy-eu	infrastructure-playbook
2019-05-24 07:46:09	usegalaxy-eu	infrastructure-playbook
2019-05-24 07:42:48	usegalaxy-eu	infrastructure-playbook
2019-05-24 07:38:22	usegalaxy-eu	infrastructure-playbook
2019-05-24 07:35:09	usegalaxy-eu	infrastructure-playbook
2019-05-24 07:30:29	usegalaxy-eu	infrastructure-playbook
2019-05-24 07:26:53	usegalaxy-eu	infrastructure-playbook
2019-05-24 07:06:23	usegalaxy-eu	galaxy
2019-05-23 23:04:52	usegalaxy-eu	usegalaxy-eu-tools
2019-05-23 16:37:18	usegalaxy-eu	infrastructure
2019-05-23 16:36:14	usegalaxy-eu	infrastructure
2019-05-23 16:35:15	usegalaxy-eu	infrastructure
2019-05-23 16:33:42	usegalaxy-eu	infrastructure
2019-05-23 16:33:32	usegalaxy-eu	infrastructure-playbook
2019-05-23 14:28:53	usegalaxy-eu	infrastructure-playbook
2019-05-23 13:36:06	galaxy-genome-annotation	python-apollo
2019-05-22 16:00:00	usegalaxy-eu	infrastructure
2019-05-22 15:59:16	usegalaxy-eu	infrastructure
2019-05-22 15:58:23	usegalaxy-eu	infrastructure
2019-05-22 15:56:43	usegalaxy-eu	infrastructure
2019-05-22 15:17:48	usegalaxy-eu	infrastructure
2019-05-22 15:16:47	usegalaxy-eu	infrastructure
2019-05-22 15:15:43	usegalaxy-eu	infrastructure
2019-05-22 15:11:43	usegalaxy-eu	infrastructure
2019-05-22 11:15:12	usegalaxy-eu	vgcn
2019-05-22 10:51:17	usegalaxy-eu	infrastructure-playbook
2019-05-22 10:45:46	usegalaxy-eu	infrastructure
2019-05-22 10:44:51	usegalaxy-eu	infrastructure
2019-05-22 10:44:01	usegalaxy-eu	infrastructure
2019-05-22 10:41:54	usegalaxy-eu	infrastructure
2019-05-22 10:40:15	usegalaxy-eu	infrastructure
2019-05-22 10:38:48	usegalaxy-eu	infrastructure
2019-05-22 10:38:06	usegalaxy-eu	infrastructure
2019-05-22 10:34:57	usegalaxy-eu	infrastructure-playbook
2019-05-22 10:34:46	usegalaxy-eu	infrastructure-playbook
2019-05-22 10:33:50	usegalaxy-eu	infrastructure-playbook
2019-05-22 10:30:08	usegalaxy-eu	infrastructure
2019-05-22 09:50:01	usegalaxy-eu	infrastructure
2019-05-22 09:49:07	usegalaxy-eu	infrastructure
2019-05-22 09:48:17	usegalaxy-eu	infrastructure
2019-05-21 14:29:04	usegalaxy-eu	gxadmin
2019-05-21 11:28:39	galaxyproject	ansible-cvmfs
2019-05-21 11:03:10	usegalaxy-eu	gxadmin
2019-05-21 11:01:39	usegalaxy-eu	gxadmin
2019-05-21 10:58:55	usegalaxy-eu	gxadmin
2019-05-21 10:57:27	usegalaxy-eu	gxadmin
2019-05-20 14:40:32	usegalaxy-eu	infrastructure-playbook
2019-05-20 14:39:07	galaxyproject	training-material
2019-05-20 14:27:23	usegalaxy-eu	infrastructure-playbook
2019-05-20 14:15:57	usegalaxy-eu	infrastructure-playbook
2019-05-20 08:25:53	usegalaxy-eu	infrastructure
2019-05-20 08:25:05	usegalaxy-eu	infrastructure
2019-05-20 08:23:50	usegalaxy-eu	infrastructure
2019-05-20 08:22:11	usegalaxy-eu	infrastructure
2019-05-20 08:22:04	usegalaxy-eu	infrastructure
2019-05-18 01:23:51	usegalaxy-eu	usegalaxy-eu-tools
2019-05-17 13:51:11	usegalaxy-eu	galaxy
2019-05-17 13:35:32	usegalaxy-eu	galaxy
2019-05-17 11:45:32	usegalaxy-eu	galaxy
2019-05-17 11:33:35	usegalaxy-eu	gxadmin
2019-05-17 11:31:37	usegalaxy-eu	gxadmin
2019-05-17 11:18:33	usegalaxy-eu	gxadmin
2019-05-17 11:03:10	usegalaxy-eu	infrastructure-playbook
2019-05-17 10:21:19	usegalaxy-eu	vgcn-infrastructure
2019-05-17 10:20:42	usegalaxy-eu	vgcn-infrastructure
2019-05-17 10:07:28	usegalaxy-eu	vgcn
2019-05-17 08:52:41	usegalaxy-eu	vgcn
2019-05-17 08:20:56	usegalaxy-eu	infrastructure-playbook
2019-05-16 14:39:39	shiltemann	presentations
2019-05-16 14:06:17	usegalaxy-eu	gxadmin
2019-05-16 13:52:19	galaxyproject	training-material
2019-05-16 09:35:58	erasche	training-material
2019-05-16 07:30:56	usegalaxy-eu	infrastructure-playbook
2019-05-15 09:28:50	galaxy-iuc	command-engine
2019-05-15 09:17:44	galaxyproject	training-material
2019-05-15 08:52:57	galaxyproject	training-material
2019-05-15 08:34:47	galaxyproject	training-material
2019-05-15 08:31:25	galaxyproject	training-material
2019-05-15 08:30:54	galaxyproject	training-material
2019-05-15 08:30:10	galaxyproject	training-material
2019-05-15 08:28:30	galaxyproject	training-material
2019-05-15 08:17:06	galaxyproject	training-material
2019-05-15 08:16:54	erasche	training-material
2019-05-15 07:34:34	usegalaxy-eu	galaxy
2019-05-14 20:21:36	galaxyproject	training-material
2019-05-14 20:14:28	erasche	training-material
2019-05-14 19:35:26	usegalaxy-eu	usegalaxy-eu-tools
2019-05-14 12:36:47	galaxyproject	galaxy-hub
2019-05-14 05:54:33	usegalaxy-eu	vgcn-infrastructure
2019-05-14 05:50:24	erasche	training-material
2019-05-14 05:48:52	erasche	training-material
2019-05-13 20:30:22	erasche	training-material
2019-05-13 20:29:18	erasche	training-material
2019-05-13 20:19:41	galaxyproject	training-material
2019-05-13 20:19:07	erasche	training-material
2019-05-13 20:03:44	erasche	training-material
2019-05-13 19:58:03	erasche	training-material
2019-05-13 19:50:47	shiltemann	training-material
2019-05-13 18:00:57	usegalaxy-eu	galaxy
2019-05-13 12:52:14	galaxyproject	tools-iuc
2019-05-13 12:26:50	usegalaxy-eu	infrastructure-playbook
2019-05-13 12:07:10	usegalaxy-eu	vgcn-infrastructure
2019-05-13 11:45:59	usegalaxy-eu	vgcn-infrastructure
2019-05-13 10:21:46	usegalaxy-eu	vgcn-infrastructure
2019-05-13 10:19:33	usegalaxy-eu	vgcn-infrastructure
2019-05-13 09:39:12	usegalaxy-eu	gxadmin
2019-05-13 08:35:23	usegalaxy-eu	usegalaxy-eu-tools
2019-05-13 08:18:57	usegalaxy-eu	usegalaxy-eu-tools
2019-05-11 01:32:41	usegalaxy-eu	usegalaxy-eu-tools
2019-05-10 17:37:40	erasche	dotfiles
2019-05-10 12:24:57	usegalaxy-eu	gxadmin
2019-05-10 11:33:09	galaxyproject	training-material
2019-05-10 09:41:00	galaxyproject	tools-iuc
2019-05-10 09:36:45	usegalaxy-eu	infrastructure-playbook
2019-05-10 09:35:21	usegalaxy-eu	gxadmin
2019-05-10 09:34:34	usegalaxy-eu	gxadmin
2019-05-10 09:24:13	usegalaxy-eu	gxadmin
2019-05-10 09:19:59	usegalaxy-eu	gxadmin
2019-05-10 09:09:41	usegalaxy-eu	gxadmin
2019-05-10 09:08:47	usegalaxy-eu	vgcn-infrastructure
2019-05-10 08:52:56	usegalaxy-eu	gxadmin
2019-05-10 08:50:57	usegalaxy-eu	gxadmin
2019-05-10 08:44:26	erasche	docker-galaxy-stable
2019-05-10 05:51:00	erasche	docker-rstudio-notebook
2019-05-09 14:11:43	usegalaxy-eu	gxadmin
2019-05-09 13:17:19	erasche	training-material
2019-05-09 12:41:27	erasche	bioblend
2019-05-09 12:39:57	erasche	bioblend
2019-05-09 12:39:52	erasche	bioblend
2019-05-09 12:39:36	galaxyproject	training-material
2019-05-09 09:25:43	usegalaxy-eu	infrastructure-playbook
2019-05-09 08:29:23	usegalaxy-eu	infrastructure-playbook
2019-05-09 08:04:29	galaxyproject	training-material
2019-05-09 08:04:13	galaxyproject	training-material
2019-05-08 17:56:29	usegalaxy-eu	usegalaxy-eu-tools
2019-05-08 09:43:06	galaxyproject	galaxy-hub
2019-05-08 09:39:53	usegalaxy-eu	infrastructure-playbook
2019-05-08 09:07:40	usegalaxy-eu	infrastructure-playbook
2019-05-08 08:38:05	usegalaxy-eu	infrastructure
2019-05-08 08:31:00	usegalaxy-eu	infrastructure
2019-05-08 07:32:40	usegalaxy-eu	infrastructure
2019-05-08 07:03:14	usegalaxy-eu	usegalaxy-eu-tools
2019-05-07 15:00:57	usegalaxy-eu	grafana-dashboards
2019-05-07 14:49:56	usegalaxy-eu	grafana-dashboards
2019-05-07 14:43:11	usegalaxy-eu	grafana-dashboards
2019-05-07 14:39:32	usegalaxy-eu	grafana-dashboards
2019-05-07 14:38:13	usegalaxy-eu	grafana-dashboards
2019-05-07 14:32:10	usegalaxy-eu	grafana-dashboards
2019-05-07 14:29:44	usegalaxy-eu	grafana-dashboards
2019-05-07 14:29:27	usegalaxy-eu	grafana-dashboards
2019-05-07 14:23:53	usegalaxy-eu	grafana-dashboards
2019-05-07 11:39:51	erasche	training-material
2019-05-07 11:21:46	erasche	training-material
2019-05-06 13:30:01	erasche	training-material
2019-05-06 13:23:26	usegalaxy-eu	gxadmin
2019-05-06 13:05:42	usegalaxy-eu	gxadmin
2019-05-06 12:49:50	galaxyproject	tools-iuc
2019-05-06 11:57:37	usegalaxy-eu	vgcn-infrastructure
2019-05-06 09:06:08	usegalaxy-eu	usegalaxy-eu-tools
2019-05-04 01:31:10	usegalaxy-eu	usegalaxy-eu-tools
2019-05-03 14:33:44	usegalaxy-eu	vgcn-infrastructure
2019-05-03 14:31:18	usegalaxy-eu	infrastructure-playbook
2019-05-03 13:44:39	erasche	training-material
2019-05-03 12:40:28	erasche	training-material
2019-05-03 09:33:00	usegalaxy-eu	gxadmin
2019-05-03 08:38:36	usegalaxy-eu	gxadmin
2019-05-02 15:24:44	usegalaxy-eu	gxadmin
2019-05-02 14:37:51	usegalaxy-eu	gxadmin
2019-05-02 08:18:45	galaxyproject	galaxy
2019-05-01 09:59:18	erasche	training-material
2019-05-01 09:56:40	erasche	training-material
2019-05-01 09:46:28	usegalaxy-eu	gxadmin
2019-05-01 08:52:45	erasche	training-material
2019-05-01 08:45:20	erasche	training-material
2019-05-01 08:22:57	usegalaxy-eu	infrastructure-playbook
2019-05-01 08:22:16	usegalaxy-eu	infrastructure-playbook
2019-05-01 08:16:41	usegalaxy-eu	infrastructure-playbook
2019-04-30 17:43:53	usegalaxy-eu	gxadmin
2019-04-30 14:36:01	usegalaxy-eu	gxadmin
2019-04-30 14:02:56	usegalaxy-eu	gxadmin
2019-04-30 13:33:10	usegalaxy-eu	gxadmin
2019-04-30 13:24:47	usegalaxy-eu	infrastructure-playbook
2019-04-30 12:13:08	usegalaxy-eu	ansible-dynmotd
2019-04-30 12:03:17	erasche	galactic-radio-telescope
2019-04-30 11:57:50	erasche	galactic-radio-telescope
2019-04-30 11:56:44	erasche	galactic-radio-telescope
2019-04-30 11:54:13	usegalaxy-eu	infrastructure-playbook
2019-04-30 11:45:13	usegalaxy-eu	infrastructure-playbook
2019-04-30 11:44:49	usegalaxy-eu	infrastructure-playbook
2019-04-30 11:34:41	usegalaxy-eu	infrastructure-playbook
2019-04-30 11:26:16	usegalaxy-eu	infrastructure
2019-04-30 11:25:19	usegalaxy-eu	infrastructure
2019-04-30 11:24:25	usegalaxy-eu	infrastructure
2019-04-30 11:22:39	usegalaxy-eu	infrastructure
2019-04-30 11:19:04	usegalaxy-eu	infrastructure-playbook
2019-04-30 09:38:29	usegalaxy-eu	infrastructure-playbook
2019-04-30 09:30:10	usegalaxy-eu	infrastructure-playbook
2019-04-30 09:25:59	usegalaxy-eu	infrastructure-playbook
2019-04-30 09:22:26	usegalaxy-eu	infrastructure-playbook
2019-04-30 09:19:30	usegalaxy-eu	infrastructure
2019-04-30 09:18:42	usegalaxy-eu	infrastructure
2019-04-30 09:18:35	usegalaxy-eu	infrastructure-playbook
2019-04-30 09:17:54	usegalaxy-eu	infrastructure
2019-04-30 09:16:41	usegalaxy-eu	infrastructure-playbook
2019-04-30 09:16:17	usegalaxy-eu	infrastructure
2019-04-30 09:14:27	usegalaxy-eu	infrastructure-playbook
2019-04-30 09:04:16	usegalaxy-eu	infrastructure-playbook
2019-04-30 09:01:35	usegalaxy-eu	infrastructure-playbook
2019-04-30 08:54:01	usegalaxy-eu	gxadmin
2019-04-30 08:52:50	usegalaxy-eu	gxadmin
2019-04-30 08:38:52	usegalaxy-eu	gxadmin
2019-04-29 16:25:40	usegalaxy-eu	usegalaxy-eu-tools
2019-04-29 16:20:11	usegalaxy-eu	infrastructure-playbook
2019-04-29 15:59:39	usegalaxy-eu	gxadmin
2019-04-29 15:39:53	usegalaxy-eu	usegalaxy-eu-tools
2019-04-29 15:26:35	usegalaxy-eu	gxadmin
2019-04-29 14:41:21	usegalaxy-eu	infrastructure-playbook
2019-04-29 14:34:03	usegalaxy-eu	infrastructure-playbook
2019-04-29 14:28:03	galaxy-iuc	parsec
2019-04-29 14:25:00	usegalaxy-eu	usegalaxy-eu-tools
2019-04-29 14:17:30	galaxy-iuc	parsec
2019-04-29 14:11:47	galaxy-iuc	parsec
2019-04-29 14:04:12	galaxy-iuc	command-engine
2019-04-29 13:47:39	usegalaxy-eu	infrastructure
2019-04-29 13:46:50	usegalaxy-eu	infrastructure
2019-04-29 13:45:54	usegalaxy-eu	infrastructure
2019-04-29 13:35:10	usegalaxy-eu	infrastructure-playbook
2019-04-29 13:30:03	usegalaxy-eu	infrastructure
2019-04-29 13:25:20	usegalaxy-eu	gxadmin
2019-04-29 13:21:15	usegalaxy-eu	infrastructure
2019-04-29 13:20:24	usegalaxy-eu	infrastructure
2019-04-29 13:19:31	usegalaxy-eu	infrastructure
2019-04-29 13:17:12	usegalaxy-eu	infrastructure
2019-04-29 13:07:25	usegalaxy-eu	infrastructure-playbook
2019-04-29 13:05:05	usegalaxy-eu	infrastructure-playbook
2019-04-29 13:02:45	usegalaxy-eu	infrastructure-playbook
2019-04-29 11:11:29	usegalaxy-eu	infrastructure-playbook
2019-04-29 11:10:56	usegalaxy-eu	infrastructure-playbook
2019-04-29 11:06:09	usegalaxy-eu	infrastructure-playbook
2019-04-29 10:52:17	usegalaxy-eu	infrastructure-playbook
2019-04-29 10:44:31	usegalaxy-eu	infrastructure-playbook
2019-04-28 08:49:54	galaxy-iuc	command-engine
2019-04-27 01:31:30	usegalaxy-eu	usegalaxy-eu-tools
2019-04-26 15:38:51	galaxyproject	starforge-recipes
2019-04-26 15:29:31	Delphine-L	training-material
2019-04-26 13:29:48	usegalaxy-eu	gxadmin
2019-04-26 13:24:41	usegalaxy-eu	vgcn-infrastructure
2019-04-26 13:06:51	jmchilton	gxadmin
2019-04-26 13:01:06	usegalaxy-eu	gxadmin
2019-04-26 13:00:40	usegalaxy-eu	infrastructure-playbook
2019-04-26 12:59:20	usegalaxy-eu	infrastructure-playbook
2019-04-26 12:55:16	usegalaxy-eu	infrastructure-playbook
2019-04-26 12:54:33	usegalaxy-eu	infrastructure-playbook
2019-04-26 12:52:42	usegalaxy-eu	infrastructure-playbook
2019-04-26 12:51:58	usegalaxy-eu	infrastructure-playbook
2019-04-26 12:37:16	usegalaxy-eu	gxadmin
2019-04-26 11:38:40	usegalaxy-eu	infrastructure-playbook
2019-04-26 11:37:42	usegalaxy-eu	infrastructure-playbook
2019-04-26 11:36:31	erasche	galactic-radio-telescope
2019-04-26 11:29:16	erasche	galaxy
2019-04-26 11:28:05	erasche	galaxy
2019-04-26 11:13:49	usegalaxy-eu	infrastructure-playbook
2019-04-26 11:00:18	usegalaxy-eu	gxadmin
2019-04-26 10:58:02	usegalaxy-eu	gxadmin
2019-04-26 10:57:11	usegalaxy-eu	gxadmin
2019-04-26 10:56:49	usegalaxy-eu	gxadmin
2019-04-26 10:54:53	usegalaxy-eu	gxadmin
2019-04-25 13:25:06	usegalaxy-eu	infrastructure-playbook
2019-04-25 12:07:48	erasche	training-material
2019-04-25 11:50:54	erasche	training-material
2019-04-25 11:49:00	erasche	training-material
2019-04-25 10:51:27	galaxyproject	training-material
2019-04-25 09:31:02	usegalaxy-eu	gxadmin
2019-04-25 09:22:48	usegalaxy-eu	operations
2019-04-25 08:38:12	usegalaxy-eu	usegalaxy-eu-tools
2019-04-25 08:37:20	usegalaxy-eu	infrastructure-playbook
2019-04-25 08:36:20	usegalaxy-eu	ansible-gxadmin
2019-04-24 15:20:32	usegalaxy-eu	usegalaxy-eu-tools
2019-04-24 15:20:00	usegalaxy-eu	usegalaxy-eu-tools
2019-04-24 14:35:47	erasche	training-material
2019-04-24 14:09:40	erasche	training-material
2019-04-24 13:01:15	galaxyproject	training-material
2019-04-24 12:36:29	galaxyproject	training-material
2019-04-23 15:25:05	erasche	training-material
2019-04-23 15:08:31	erasche	training-material
2019-04-23 14:58:33	galaxy-iuc	parsec
2019-04-23 14:25:13	galaxyproject	training-material
2019-04-23 14:10:07	usegalaxy-eu	gxadmin
2019-04-23 13:52:12	usegalaxy-eu	gxadmin
2019-04-23 13:41:59	galaxyproject	training-material
2019-04-23 13:31:02	galaxyproject	training-material
2019-04-23 13:10:20	galaxyproject	training-material
2019-04-23 13:00:43	galaxyproject	training-material
2019-04-23 12:59:00	usegalaxy-eu	gxadmin
2019-04-23 11:48:55	erasche	training-material
2019-04-23 11:43:09	usegalaxy-eu	gxadmin
2019-04-23 11:35:34	usegalaxy-eu	gxadmin
2019-04-23 11:33:52	usegalaxy-eu	gxadmin
2019-04-23 11:32:36	usegalaxy-eu	gxadmin
2019-04-23 09:27:12	usegalaxy-eu	infrastructure-playbook
2019-04-23 09:01:05	jmchilton	gxadmin
2019-04-23 08:33:35	jmchilton	gxadmin
2019-04-23 07:52:58	usegalaxy-eu	gxadmin
2019-04-23 07:51:50	usegalaxy-eu	infrastructure-playbook
2019-04-23 06:13:43	usegalaxy-eu	usegalaxy-eu-tools
2019-04-20 09:32:42	galaxians-ctf	ctf-manual
2019-04-20 09:30:57	galaxians-ctf	ctf-manual
2019-04-20 09:30:30	galaxians-ctf	ctf-manual
2019-04-19 14:32:27	GMOD	jbrowse-registry
2019-04-13 01:30:30	usegalaxy-eu	usegalaxy-eu-tools
2019-04-12 14:51:54	galaxyproject	training-material
2019-04-12 14:41:12	usegalaxy-eu	gxadmin
2019-04-12 14:40:21	usegalaxy-eu	gxadmin
2019-04-12 10:08:02	usegalaxy-eu	gxadmin
2019-04-12 09:41:38	usegalaxy-eu	gxadmin
2019-04-12 09:40:54	usegalaxy-eu	gxadmin
2019-04-12 09:33:27	usegalaxy-eu	gxadmin
2019-04-12 08:24:53	usegalaxy-eu	gxadmin
2019-04-12 07:55:17	usegalaxy-eu	gxadmin
2019-04-12 07:52:30	usegalaxy-eu	gxadmin
2019-04-12 07:40:26	usegalaxy-eu	ansible-galaxy-systemd
2019-04-11 17:51:21	usegalaxy-eu	galaxy
2019-04-11 07:22:51	usegalaxy-eu	infrastructure-playbook
2019-04-11 07:22:26	usegalaxy-eu	infrastructure
2019-04-11 07:21:38	usegalaxy-eu	infrastructure-playbook
2019-04-11 07:03:53	galaxyproject	tools-iuc
2019-04-10 17:41:42	usegalaxy-eu	gxadmin
2019-04-10 17:37:05	usegalaxy-eu	gxadmin
2019-04-10 17:35:37	usegalaxy-eu	gxadmin
2019-04-10 17:32:43	usegalaxy-eu	gxadmin
2019-04-10 17:10:40	galaxy-genome-annotation	galaxy-tools
2019-04-10 15:58:09	usegalaxy-eu	gxadmin
2019-04-10 15:50:15	usegalaxy-eu	gxadmin
2019-04-10 15:32:36	usegalaxy-eu	gxadmin
2019-04-10 15:30:48	usegalaxy-eu	gxadmin
2019-04-10 15:29:10	usegalaxy-eu	gxadmin
2019-04-10 15:28:04	usegalaxy-eu	gxadmin
2019-04-10 15:25:20	usegalaxy-eu	gxadmin
2019-04-10 15:21:31	usegalaxy-eu	gxadmin
2019-04-10 13:07:45	usegalaxy-eu	infrastructure-playbook
2019-04-10 13:02:34	usegalaxy-eu	infrastructure-playbook
2019-04-10 12:55:32	usegalaxy-eu	infrastructure-playbook
2019-04-10 12:49:13	usegalaxy-eu	galaxy
2019-04-10 12:48:34	erasche	galaxy
2019-04-10 12:46:59	usegalaxy-eu	infrastructure-playbook
2019-04-10 12:41:52	usegalaxy-eu	infrastructure
2019-04-10 12:34:28	usegalaxy-eu	usegalaxy-eu-tools
2019-04-10 12:33:11	galaxy-iuc	parsec
2019-04-10 12:26:38	galaxy-iuc	parsec
2019-04-10 12:19:53	galaxy-iuc	command-engine
2019-04-10 12:16:32	galaxy-iuc	command-engine
2019-04-10 12:13:37	galaxy-iuc	parsec
2019-04-10 12:09:53	usegalaxy-eu	infrastructure
2019-04-10 12:09:08	usegalaxy-eu	infrastructure
2019-04-10 12:08:16	usegalaxy-eu	infrastructure
2019-04-10 12:07:22	galaxyproject	galaxy
2019-04-10 12:06:21	usegalaxy-eu	infrastructure
2019-04-10 11:08:09	usegalaxy-eu	usegalaxy-eu-tools
2019-04-09 13:21:09	usegalaxy-eu	infrastructure-playbook
2019-04-09 13:10:03	usegalaxy-eu	infrastructure-playbook
2019-04-09 12:45:45	usegalaxy-eu	infrastructure-playbook
2019-04-09 12:43:48	usegalaxy-eu	infrastructure-playbook
2019-04-09 12:29:08	usegalaxy-eu	ansible-dynmotd
2019-04-09 12:26:30	usegalaxy-eu	infrastructure-playbook
2019-04-09 12:24:02	usegalaxy-eu	infrastructure-playbook
2019-04-09 12:21:53	usegalaxy-eu	infrastructure-playbook
2019-04-09 12:02:07	usegalaxy-eu	ansible-dynmotd
2019-04-09 11:48:01	usegalaxy-eu	infrastructure-playbook
2019-04-09 10:32:25	usegalaxy-eu	infrastructure-playbook
2019-04-09 10:31:53	galaxyproject	ansible-galaxy
2019-04-09 10:23:53	usegalaxy-eu	infrastructure-playbook
2019-04-09 10:05:08	usegalaxy-eu	infrastructure-playbook
2019-04-09 10:03:57	usegalaxy-eu	infrastructure-playbook
2019-04-09 09:58:20	usegalaxy-eu	infrastructure-playbook
2019-04-09 09:57:25	usegalaxy-eu	infrastructure-playbook
2019-04-09 09:56:48	usegalaxy-eu	infrastructure-playbook
2019-04-09 09:34:22	usegalaxy-eu	infrastructure-playbook
2019-04-08 13:42:06	erasche	training-material
2019-04-08 13:37:00	erasche	training-material
2019-04-08 13:01:47	erasche	training-material
2019-04-08 12:57:41	usegalaxy-eu	infrastructure-playbook
2019-04-08 09:53:43	erasche	training-material
2019-04-08 09:52:39	erasche	training-material
2019-04-06 01:30:44	usegalaxy-eu	usegalaxy-eu-tools
2019-04-05 15:41:34	usegalaxy-eu	vgcn-infrastructure
2019-04-05 15:40:00	usegalaxy-eu	vgcn-infrastructure
2019-04-05 15:38:46	usegalaxy-eu	vgcn-infrastructure
2019-04-05 13:54:19	usegalaxy-eu	gxadmin
2019-04-05 13:43:27	usegalaxy-eu	gxadmin
2019-04-05 12:41:24	galaxy-genome-annotation	python-apollo
2019-04-05 12:23:04	usegalaxy-eu	gxadmin
2019-04-05 11:47:59	usegalaxy-eu	infrastructure-playbook
2019-04-05 11:28:18	galaxyproject	tools-iuc
2019-04-05 10:22:17	usegalaxy-eu	infrastructure-playbook
2019-04-05 10:17:17	usegalaxy-eu	infrastructure-playbook
2019-04-05 10:14:09	usegalaxy-eu	infrastructure-playbook
2019-04-05 10:08:43	usegalaxy-eu	infrastructure-playbook
2019-04-05 09:35:43	usegalaxy-eu	infrastructure-playbook
2019-04-05 09:31:27	usegalaxy-eu	ansible-galaxy-systemd
2019-04-05 09:29:18	usegalaxy-eu	infrastructure-playbook
2019-04-05 09:27:46	usegalaxy-eu	infrastructure-playbook
2019-04-05 08:57:10	usegalaxy-eu	infrastructure
2019-04-05 08:56:23	usegalaxy-eu	infrastructure
2019-04-05 08:56:18	usegalaxy-eu	vgcn
2019-04-05 08:50:55	usegalaxy-eu	infrastructure
2019-04-05 08:50:02	usegalaxy-eu	infrastructure
2019-04-05 08:47:36	usegalaxy-eu	ansible-galaxy-systemd
2019-04-05 08:42:52	erasche	galaxy
2019-04-04 14:38:09	usegalaxy-eu	gxadmin
2019-04-04 14:32:49	usegalaxy-eu	gxadmin
2019-04-04 14:31:52	usegalaxy-eu	gxadmin
2019-04-04 13:54:26	usegalaxy-eu	gxadmin
2019-04-04 13:51:27	usegalaxy-eu	gxadmin
2019-04-04 13:49:59	usegalaxy-eu	gxadmin
2019-04-04 13:49:40	usegalaxy-eu	gxadmin
2019-04-04 13:36:54	usegalaxy-eu	gxadmin
2019-04-04 08:20:50	usegalaxy-eu	gxadmin
2019-04-03 13:49:36	usegalaxy-eu	infrastructure-playbook
2019-04-03 13:44:36	usegalaxy-eu	ansible-galaxy-systemd
2019-04-03 13:37:19	usegalaxy-eu	ansible-galaxy-systemd
2019-04-03 12:32:32	usegalaxy-eu	infrastructure-playbook
2019-04-03 12:21:48	usegalaxy-eu	infrastructure-playbook
2019-04-03 12:17:44	usegalaxy-eu	infrastructure-playbook
2019-04-03 11:42:08	usegalaxy-eu	infrastructure-playbook
2019-04-03 11:39:36	usegalaxy-eu	infrastructure-playbook
2019-04-03 11:37:40	usegalaxy-eu	infrastructure-playbook
2019-04-03 11:36:43	usegalaxy-eu	infrastructure-playbook
2019-04-03 11:32:46	usegalaxy-eu	infrastructure-playbook
2019-04-03 11:30:13	usegalaxy-eu	infrastructure-playbook
2019-04-03 11:28:56	usegalaxy-eu	infrastructure-playbook
2019-04-03 10:47:53	usegalaxy-eu	infrastructure-playbook
2019-04-03 10:15:27	usegalaxy-eu	infrastructure
2019-04-03 10:14:03	usegalaxy-eu	infrastructure
2019-04-03 10:11:53	usegalaxy-eu	infrastructure
2019-04-03 10:09:52	usegalaxy-eu	infrastructure
2019-04-03 09:46:59	usegalaxy-eu	vgcn-infrastructure
2019-04-03 09:46:22	usegalaxy-eu	vgcn-infrastructure
2019-04-03 09:45:14	usegalaxy-eu	vgcn-infrastructure
2019-04-03 09:17:54	usegalaxy-eu	infrastructure
2019-04-03 09:16:50	usegalaxy-eu	infrastructure
2019-04-03 09:12:29	usegalaxy-eu	infrastructure
2019-04-03 09:08:17	usegalaxy-eu	infrastructure-playbook
2019-04-03 09:08:11	usegalaxy-eu	infrastructure
2019-04-03 09:07:07	usegalaxy-eu	infrastructure
2019-04-03 09:06:13	usegalaxy-eu	infrastructure
2019-04-03 08:36:27	usegalaxy-eu	infrastructure
2019-04-03 08:28:44	usegalaxy-eu	infrastructure
2019-04-03 08:08:28	usegalaxy-eu	infrastructure
2019-04-02 15:27:05	usegalaxy-eu	gxadmin
2019-04-02 15:26:06	usegalaxy-eu	gxadmin
2019-04-02 15:25:42	usegalaxy-eu	gxadmin
2019-04-02 15:24:41	usegalaxy-eu	gxadmin
2019-04-02 15:22:50	usegalaxy-eu	gxadmin
2019-04-02 14:56:06	usegalaxy-eu	infrastructure-playbook
2019-04-02 14:45:18	usegalaxy-eu	infrastructure
2019-04-02 14:42:12	usegalaxy-eu	infrastructure
2019-04-02 14:41:33	usegalaxy-eu	infrastructure
2019-04-02 14:30:33	usegalaxy-eu	infrastructure
2019-04-02 13:58:50	usegalaxy-eu	gxadmin
2019-04-02 13:37:54	usegalaxy-eu	gxadmin
2019-04-02 12:53:45	usegalaxy-eu	gxadmin
2019-04-02 09:33:46	usegalaxy-eu	ansible-dynmotd
2019-04-02 09:31:15	usegalaxy-eu	infrastructure-playbook
2019-04-02 09:28:05	usegalaxy-eu	infrastructure-playbook
2019-04-02 09:21:03	usegalaxy-eu	infrastructure-playbook
2019-04-02 08:59:40	usegalaxy-eu	galaxy
2019-04-02 08:27:28	usegalaxy-eu	ansible-galaxy-systemd
2019-04-02 08:21:47	usegalaxy-eu	ansible-galaxy-systemd
2019-04-02 08:18:52	usegalaxy-eu	infrastructure-playbook
2019-04-02 08:11:41	usegalaxy-eu	infrastructure-playbook
2019-04-01 13:53:40	usegalaxy-eu	ansible-galaxy-systemd
2019-04-01 13:43:39	usegalaxy-eu	ansible-galaxy-systemd
2019-04-01 12:27:06	usegalaxy-eu	ansible-galaxy-systemd
2019-04-01 12:21:55	erasche	chado-jbrowse-connector
2019-04-01 10:04:52	usegalaxy-eu	ansible-galaxy-systemd
2019-04-01 08:33:26	usegalaxy-eu	quota-sync
2019-04-01 08:15:34	usegalaxy-eu	galaxy
2019-04-01 08:11:28	usegalaxy-eu	galaxy
2019-03-30 02:30:39	usegalaxy-eu	usegalaxy-eu-tools
2019-03-29 15:47:20	galaxyproject	training-material
2019-03-29 13:30:19	erasche	galaxy
2019-03-29 12:20:11	erasche	training-material
2019-03-29 12:19:43	erasche	training-material
2019-03-29 09:11:34	usegalaxy-eu	gxadmin
2019-03-29 09:09:39	usegalaxy-eu	gxadmin
2019-03-29 07:52:39	usegalaxy-eu	gxadmin
2019-03-28 16:41:52	erasche	training-material
2019-03-28 14:20:53	usegalaxy-eu	gxadmin
2019-03-28 14:14:50	usegalaxy-eu	gxadmin
2019-03-28 13:58:27	usegalaxy-eu	gxadmin
2019-03-28 13:42:38	usegalaxy-eu	gxadmin
2019-03-28 13:41:25	usegalaxy-eu	gxadmin
2019-03-28 13:40:50	usegalaxy-eu	gxadmin
2019-03-27 16:49:05	galaxy-iuc	command-engine
2019-03-27 13:24:24	erasche	similar_galaxy_workflow
2019-03-27 13:13:26	galaxyproject	ansible-cvmfs
2019-03-27 13:12:39	galaxyproject	ansible-cvmfs
2019-03-26 11:43:49	usegalaxy-eu	infrastructure
2019-03-26 11:30:51	usegalaxy-eu	infrastructure-playbook
2019-03-26 11:25:15	usegalaxy-eu	infrastructure
2019-03-26 11:11:00	erasche	docker-rstudio-notebook
2019-03-26 11:02:14	bgruening	galaxy_ie_helpers
2019-03-26 10:39:29	usegalaxy-eu	vgcn-infrastructure
2019-03-25 17:10:13	erasche	docker-rstudio-notebook
2019-03-25 17:08:46	erasche	docker-rstudio-notebook
2019-03-25 16:38:54	usegalaxy-eu	gxadmin
2019-03-25 16:09:54	erasche	galaxy
2019-03-25 15:53:07	erasche	docker-rstudio-notebook
2019-03-25 15:46:24	erasche	docker-rstudio-notebook
2019-03-25 15:30:09	erasche	galaxy
2019-03-25 14:40:46	erasche	galaxy
2019-03-25 14:22:09	erasche	docker-rstudio-notebook
2019-03-25 14:20:46	erasche	docker-rstudio-notebook
2019-03-25 11:18:32	erasche	docker-rstudio-notebook
2019-03-25 11:08:26	erasche	docker-rstudio-notebook
2019-03-25 09:15:59	usegalaxy-eu	infrastructure-playbook
2019-03-25 09:15:41	usegalaxy-eu	infrastructure-playbook
2019-03-23 02:29:48	usegalaxy-eu	usegalaxy-eu-tools
2019-03-22 11:27:35	usegalaxy-eu	gxadmin
2019-03-22 11:20:08	usegalaxy-eu	gxadmin
2019-03-22 10:31:45	usegalaxy-eu	gxadmin
2019-03-21 14:37:34	usegalaxy-eu	operations
2019-03-21 14:35:17	usegalaxy-eu	operations
2019-03-21 14:34:32	usegalaxy-eu	operations
2019-03-21 12:24:30	usegalaxy-eu	gxadmin
2019-03-21 11:01:41	usegalaxy-eu	gxadmin
2019-03-21 10:56:51	usegalaxy-eu	gxadmin
2019-03-21 10:47:57	usegalaxy-eu	gxadmin
2019-03-21 10:29:59	usegalaxy-eu	gxadmin
2019-03-20 13:03:15	galaxyproject	galaxy
2019-03-19 13:30:30	erasche	galaxy
2019-03-19 13:03:26	usegalaxy-eu	gxadmin
2019-03-19 11:01:30	usegalaxy-eu	galaxy
2019-03-19 09:43:01	usegalaxy-eu	gxadmin
2019-03-19 09:21:22	usegalaxy-eu	gxadmin
2019-03-19 06:33:51	usegalaxy-eu	vgcn-infrastructure
2019-03-18 17:21:09	usegalaxy-eu	infrastructure-playbook
2019-03-18 16:08:33	usegalaxy-eu	infrastructure-playbook
2019-03-18 15:33:57	usegalaxy-eu	galaxy
2019-03-18 15:14:05	usegalaxy-eu	operations
2019-03-18 15:13:09	usegalaxy-eu	operations
2019-03-18 14:38:48	usegalaxy-eu	galaxy
2019-03-18 14:27:55	usegalaxy-eu	gxadmin
2019-03-18 14:27:23	usegalaxy-eu	gxadmin
2019-03-18 14:26:58	usegalaxy-eu	gxadmin
2019-03-18 14:26:06	usegalaxy-eu	gxadmin
2019-03-18 14:13:27	usegalaxy-eu	gxadmin
2019-03-18 11:16:05	galaxyproject	planemo
2019-03-16 02:35:53	usegalaxy-eu	usegalaxy-eu-tools
2019-03-14 17:09:51	galaxyproject	training-material
2019-03-14 17:07:48	erasche	training-material
2019-03-14 17:07:37	erasche	training-material
2019-03-14 14:28:24	galaxyproject	training-material
2019-03-14 10:37:47	galaxyproject	training-material
2019-03-14 09:09:40	erasche	galaxy
2019-03-14 07:25:14	usegalaxy-eu	infrastructure-playbook
2019-03-14 07:01:39	usegalaxy-eu	vgcn
2019-03-14 06:59:19	usegalaxy-eu	vgcn-infrastructure
2019-03-14 06:24:19	galaxyproject	cargo-port
2019-03-13 16:24:23	galaxyproject	galaxy
2019-03-13 11:41:05	galaxyproject	training-material
2019-03-13 09:23:28	usegalaxy-eu	vgcn
2019-03-13 09:01:20	usegalaxy-eu	infrastructure
2019-03-13 08:42:43	usegalaxy-eu	infrastructure
2019-03-13 08:24:21	usegalaxy-eu	usegalaxy-eu-tools
2019-03-12 17:09:07	usegalaxy-eu	vgcn-infrastructure
2019-03-12 17:03:18	usegalaxy-eu	vgcn-infrastructure
2019-03-12 15:34:14	usegalaxy-eu	vgcn-infrastructure
2019-03-12 15:32:45	usegalaxy-eu	vgcn-infrastructure
2019-03-12 13:09:41	usegalaxy-eu	vgcn-infrastructure
2019-03-12 12:36:00	usegalaxy-eu	vgcn-infrastructure
2019-03-12 10:27:58	usegalaxy-eu	infrastructure
2019-03-11 14:44:43	galaxyproject	training-material
2019-03-11 09:16:40	usegalaxy-eu	vgcn-infrastructure
2019-03-11 08:48:57	galaxyproject	training-material
2019-03-11 08:42:49	usegalaxy-eu	infrastructure-playbook
2019-03-11 08:41:20	usegalaxy-eu	infrastructure-playbook
2019-03-11 08:25:56	usegalaxy-eu	infrastructure-playbook
2019-03-11 08:00:52	usegalaxy-eu	galaxy
2019-03-09 02:30:22	usegalaxy-eu	usegalaxy-eu-tools
2019-03-08 15:14:16	usegalaxy-eu	infrastructure-playbook
2019-03-08 15:06:34	usegalaxy-eu	workflow-testing
2019-03-08 15:05:53	usegalaxy-eu	infrastructure-playbook
2019-03-08 15:05:41	usegalaxy-eu	infrastructure-playbook
2019-03-08 13:51:37	usegalaxy-eu	infrastructure-playbook
2019-03-08 13:46:24	usegalaxy-eu	galaxy
2019-03-08 11:19:09	usegalaxy-eu	usegalaxy-eu-tools
2019-03-08 10:57:30	usegalaxy-eu	usegalaxy-eu-tools
2019-03-08 09:16:10	usegalaxy-eu	usegalaxy-eu-tools
2019-03-08 08:57:09	usegalaxy-eu	terraform
2019-03-08 07:25:22	usegalaxy-eu	ansible-certbot
2019-03-07 15:00:45	galaxyproject	training-material
2019-03-07 14:46:58	usegalaxy-eu	usegalaxy-eu-tools
2019-03-07 11:23:51	galaxyproject	training-material
2019-03-07 11:11:25	galaxyproject	training-material
2019-03-07 10:30:12	usegalaxy-eu	gxadmin
2019-03-06 14:29:06	galaxyproject	training-material
2019-03-06 10:26:46	galaxyproject	ansible-nginx
2019-03-05 16:11:16	usegalaxy-eu	vgcn-infrastructure
2019-03-05 12:43:49	usegalaxy-eu	infrastructure-playbook
2019-03-05 11:48:01	usegalaxy-eu	infrastructure-playbook
2019-03-05 11:45:31	usegalaxy-eu	infrastructure-playbook
2019-03-05 11:44:33	usegalaxy-eu	infrastructure-playbook
2019-03-05 11:43:31	usegalaxy-eu	infrastructure-playbook
2019-03-05 11:03:28	usegalaxy-eu	infrastructure-playbook
2019-03-05 09:30:12	usegalaxy-eu	infrastructure-playbook
2019-03-05 09:21:08	usegalaxy-eu	infrastructure-playbook
2019-03-05 09:12:55	usegalaxy-eu	infrastructure-playbook
2019-03-05 09:02:38	usegalaxy-eu	infrastructure-playbook
2019-03-05 08:34:15	natefoo	training-material
2019-03-04 21:10:04	usegalaxy-eu	usegalaxy-eu-tools
2019-03-04 16:16:55	usegalaxy-eu	gxadmin
2019-03-04 16:02:58	usegalaxy-eu	infrastructure-playbook
2019-03-04 15:43:28	usegalaxy-eu	vgcn-infrastructure
2019-03-04 15:42:42	usegalaxy-eu	vgcn-infrastructure
2019-03-04 15:23:46	usegalaxy-eu	vgcn-infrastructure
2019-03-04 15:20:30	usegalaxy-eu	infrastructure
2019-03-04 15:19:55	usegalaxy-eu	infrastructure
2019-03-04 15:16:53	usegalaxy-eu	infrastructure
2019-03-04 14:49:08	usegalaxy-eu	infrastructure-playbook
2019-03-04 14:13:08	usegalaxy-eu	infrastructure
2019-03-04 13:01:04	galaxyproject	training-material
2019-03-04 11:30:06	erasche	galaxy
2019-03-04 11:09:23	usegalaxy-eu	galaxy
2019-03-04 11:08:37	usegalaxy-eu	operations
2019-03-04 11:04:54	usegalaxy-eu	galaxy
2019-03-04 11:02:41	erasche	galaxy
2019-03-04 10:58:47	usegalaxy-eu	infrastructure-playbook
2019-03-04 10:30:02	usegalaxy-eu	infrastructure-playbook
2019-03-04 10:25:12	usegalaxy-eu	infrastructure-playbook
2019-03-04 10:13:14	usegalaxy-eu	infrastructure-playbook
2019-03-04 10:10:39	usegalaxy-eu	infrastructure-playbook
2019-03-04 09:47:30	usegalaxy-eu	infrastructure-playbook
2019-03-04 09:43:41	usegalaxy-eu	infrastructure-playbook
2019-03-04 09:34:27	usegalaxy-eu	infrastructure-playbook
2019-03-04 09:32:49	usegalaxy-eu	infrastructure-playbook
2019-03-04 09:27:27	usegalaxy-eu	infrastructure-playbook
2019-03-04 09:26:21	usegalaxy-eu	ansible-gxadmin
2019-03-04 09:22:03	usegalaxy-eu	infrastructure-playbook
2019-03-04 09:20:39	usegalaxy-eu	infrastructure-playbook
2019-03-04 09:20:07	usegalaxy-eu	infrastructure-playbook
2019-03-04 09:17:37	usegalaxy-eu	infrastructure-playbook
2019-03-04 09:16:09	usegalaxy-eu	infrastructure-playbook
2019-03-04 09:13:08	usegalaxy-eu	infrastructure-playbook
2019-03-04 09:12:27	usegalaxy-eu	infrastructure-playbook
2019-03-04 08:23:57	usegalaxy-eu	infrastructure-playbook
2019-03-04 08:02:13	galaxy-genome-annotation	docker-galaxy-genome-annotation
2019-03-02 09:50:00	usegalaxy-eu	usegalaxy-eu-tools
2019-03-01 19:30:50	galaxyproject	training-material
2019-03-01 16:10:34	erasche	galactic-radio-telescope
2019-03-01 16:08:00	erasche	galactic-radio-telescope
2019-03-01 16:07:49	erasche	galactic-radio-telescope
2019-03-01 16:07:39	erasche	galactic-radio-telescope
2019-03-01 15:37:32	erasche	galactic-radio-telescope
2019-03-01 15:30:08	erasche	galaxy
2019-03-01 14:46:45	erasche	galactic-radio-telescope
2019-03-01 14:16:57	galaxyproject	ansible-nginx
2019-03-01 13:53:12	erasche	galactic-radio-telescope
2019-03-01 13:42:43	usegalaxy-eu	gxadmin
2019-03-01 10:50:50	usegalaxy-eu	gxadmin
2019-03-01 09:41:48	galaxyproject	cargo-port
2019-03-01 09:20:29	erasche	galaxy
2019-03-01 09:02:59	erasche	galaxy
2019-03-01 08:58:12	erasche	galaxy
2019-03-01 08:48:45	erasche	galaxy
2019-03-01 08:35:09	galaxyproject	cargo-port
2019-03-01 08:31:21	usegalaxy-eu	ansible-certbot
2019-03-01 08:26:36	galaxyproject	cargo-port
2019-03-01 08:16:48	galaxyproject	cargo-port
2019-02-28 16:39:59	erasche	galaxy
2019-02-28 16:38:31	erasche	galaxy
2019-02-28 16:15:44	galaxyproject	training-material
2019-02-28 16:10:06	erasche	galaxy
2019-02-28 15:21:49	erasche	galaxy
2019-02-28 12:21:56	erasche	galaxy
2019-02-28 12:15:35	erasche	galaxy
2019-02-28 12:02:58	erasche	galaxy
2019-02-28 12:00:24	erasche	training-material
2019-02-28 11:56:46	erasche	galaxy
2019-02-28 11:50:47	erasche	galaxy
2019-02-28 11:48:38	galaxyproject	training-material
2019-02-28 11:41:17	erasche	galaxy
2019-02-28 11:33:06	erasche	galaxy
2019-02-28 11:19:00	erasche	galaxy
2019-02-28 11:11:41	erasche	galaxy
2019-02-28 10:49:20	erasche	galaxy
2019-02-28 10:44:08	galaxyproject	training-material
2019-02-28 10:43:46	erasche	training-material
2019-02-28 10:42:57	galaxyproject	training-material
2019-02-28 10:42:36	erasche	training-material
2019-02-28 10:37:04	galaxyproject	training-material
2019-02-28 10:21:00	erasche	galaxy
2019-02-28 10:09:02	erasche	galaxy
2019-02-28 10:08:08	erasche	galaxy
2019-02-28 09:58:32	erasche	galaxy
2019-02-28 09:56:29	erasche	galaxy
2019-02-28 08:44:53	usegalaxy-eu	vgcn-infrastructure
2019-02-28 08:33:22	usegalaxy-eu	infrastructure
2019-02-27 15:57:37	galaxyproject	ansible-nginx
2019-02-27 15:34:11	usegalaxy-eu	infrastructure-playbook
2019-02-27 15:12:24	usegalaxy-eu	infrastructure-playbook
2019-02-27 14:23:31	usegalaxy-eu	ansible-certbot
2019-02-27 14:22:02	usegalaxy-eu	infrastructure-playbook
2019-02-27 14:20:42	usegalaxy-eu	ansible-certbot
2019-02-27 14:17:46	usegalaxy-eu	ansible-certbot
2019-02-27 13:25:46	usegalaxy-eu	vgcn-infrastructure
2019-02-27 13:14:22	usegalaxy-eu	infrastructure
2019-02-27 12:20:11	usegalaxy-eu	vgcn-infrastructure
2019-02-27 12:15:10	usegalaxy-eu	vgcn-infrastructure
2019-02-27 12:14:20	usegalaxy-eu	vgcn-infrastructure
2019-02-27 11:53:05	usegalaxy-eu	vgcn-infrastructure
2019-02-27 11:46:49	usegalaxy-eu	vgcn-infrastructure
2019-02-27 11:44:36	usegalaxy-eu	vgcn-infrastructure
2019-02-27 11:13:22	usegalaxy-eu	vgcn-infrastructure
2019-02-27 11:12:00	usegalaxy-eu	vgcn-infrastructure
2019-02-26 11:01:03	usegalaxy-eu	infrastructure-playbook
2019-02-26 10:55:41	usegalaxy-eu	infrastructure-playbook
2019-02-26 10:50:13	usegalaxy-eu	vgcn-infrastructure
2019-02-26 10:44:28	usegalaxy-eu	infrastructure-playbook
2019-02-26 10:40:00	usegalaxy-eu	infrastructure-playbook
2019-02-26 10:35:31	usegalaxy-eu	infrastructure-playbook
2019-02-26 09:33:58	usegalaxy-eu	infrastructure-playbook
2019-02-26 09:30:59	erasche	galaxy
2019-02-26 09:22:52	usegalaxy-eu	infrastructure-playbook
2019-02-25 16:36:56	usegalaxy-eu	vgcn-infrastructure
2019-02-25 15:38:51	usegalaxy-eu	infrastructure
2019-02-25 14:59:40	usegalaxy-eu	infrastructure
2019-02-25 14:56:27	usegalaxy-eu	infrastructure
2019-02-25 13:37:02	usegalaxy-eu	operations
2019-02-25 13:34:10	usegalaxy-eu	infrastructure-playbook
2019-02-25 13:33:19	usegalaxy-eu	infrastructure-playbook
2019-02-25 13:24:12	usegalaxy-eu	infrastructure-playbook
2019-02-25 12:34:44	usegalaxy-eu	infrastructure-playbook
2019-02-25 12:24:20	usegalaxy-eu	infrastructure-playbook
2019-02-25 12:03:38	usegalaxy-eu	infrastructure-playbook
2019-02-25 11:49:31	usegalaxy-eu	infrastructure-playbook
2019-02-25 11:15:15	usegalaxy-eu	gxadmin
2019-02-25 10:47:55	usegalaxy-eu	gxadmin
2019-02-25 10:34:54	galaxyproject	tools-iuc
2019-02-25 09:59:41	usegalaxy-eu	gxadmin
2019-02-25 08:55:05	usegalaxy-eu	gxadmin
2019-02-25 08:52:26	usegalaxy-eu	gxadmin
2019-02-23 02:28:50	usegalaxy-eu	usegalaxy-eu-tools
2019-02-16 02:30:36	usegalaxy-eu	usegalaxy-eu-tools
2019-02-15 16:10:50	usegalaxy-eu	usegalaxy-eu-tools
2019-02-14 10:56:34	usegalaxy-eu	gxadmin
2019-02-14 10:52:47	usegalaxy-eu	gxadmin
2019-02-14 10:45:44	usegalaxy-eu	gxadmin
2019-02-14 10:34:24	usegalaxy-eu	gxadmin
2019-02-12 11:15:22	usegalaxy-eu	usegalaxy-eu-tools
2019-02-12 03:36:13	usegalaxy-eu	usegalaxy-eu-tools
2019-02-11 22:17:37	usegalaxy-eu	usegalaxy-eu-tools
2019-02-11 21:50:27	usegalaxy-eu	usegalaxy-eu-tools
2019-02-11 17:45:48	galaxy-carpentries	gallantries
2019-02-11 17:44:28	galaxy-carpentries	gallantries
2019-02-11 17:36:16	galaxyproject	dagobah-training
2019-02-11 17:33:58	galaxyproject	dagobah-training
2019-02-11 17:19:18	galaxy-carpentries	gallantries
2019-02-11 17:17:07	galaxy-carpentries	gallantries
2019-02-11 17:02:05	galaxyproject	dagobah-training
2019-02-11 09:07:21	usegalaxy-eu	infrastructure-playbook
2019-02-09 20:50:19	usegalaxy-eu	usegalaxy-eu-tools
2019-02-09 02:33:45	usegalaxy-eu	usegalaxy-eu-tools
2019-02-08 22:20:44	galaxyproject	training-material
2019-02-08 22:18:34	erasche	training-material
2019-02-08 21:56:01	galaxyproject	training-material
2019-02-08 21:53:55	galaxyproject	ansible-galaxy
2019-02-08 21:51:30	erasche	training-material
2019-02-08 21:28:04	erasche	training-material
2019-02-08 21:24:58	erasche	training-material
2019-02-08 20:54:15	erasche	training-material
2019-02-08 20:38:31	erasche	training-material
2019-02-08 15:39:53	usegalaxy-eu	galaxy
2019-02-08 15:34:25	galaxyproject	training-material
2019-02-07 20:13:53	erasche	training-material
2019-02-07 20:12:30	erasche	training-material
2019-02-07 20:07:59	usegalaxy-eu	galaxy
2019-02-07 19:52:21	erasche	training-material
2019-02-07 19:32:48	usegalaxy-eu	infrastructure-playbook
2019-02-07 19:10:14	erasche	training-material
2019-02-07 18:53:33	usegalaxy-eu	galaxy
2019-02-07 18:52:56	erasche	training-material
2019-02-07 18:52:10	erasche	training-material
2019-02-07 18:34:26	usegalaxy-eu	galaxy
2019-02-07 18:33:21	usegalaxy-eu	galaxy
2019-02-07 18:31:00	usegalaxy-eu	galaxy
2019-02-07 18:30:32	usegalaxy-eu	galaxy
2019-02-07 17:49:34	erasche	training-material
2019-02-07 17:33:18	erasche	training-material
2019-02-07 17:16:33	erasche	training-material
2019-02-07 17:15:48	erasche	training-material
2019-02-07 16:59:19	erasche	training-material
2019-02-07 16:55:22	erasche	training-material
2019-02-06 20:35:59	galaxyproject	usegalaxy-tools
2019-02-06 20:34:56	galaxyproject	usegalaxy-tools
2019-02-06 20:32:31	galaxyproject	usegalaxy-tools
2019-02-06 20:03:47	galaxyproject	training-material
2019-02-06 18:25:52	erasche	galaxy
2019-02-06 18:24:29	galaxyproject	usegalaxy-tools
2019-02-06 18:04:35	galaxyproject	usegalaxy-tools
2019-02-06 15:40:48	erasche	galaxy
2019-02-06 15:18:39	erasche	galaxy
2019-02-06 15:04:15	erasche	galaxy
2019-02-05 22:43:16	erasche	galaxy
2019-02-05 17:10:22	usegalaxy-eu	usegalaxy-eu-tools
2019-02-05 15:57:27	usegalaxy-eu	gxadmin
2019-02-05 15:45:49	usegalaxy-eu	gxadmin
2019-02-04 20:37:43	galaxyproject	usegalaxy-tools
2019-02-04 20:15:57	galaxyproject	usegalaxy-tools
2019-02-04 19:23:59	galaxyproject	usegalaxy-tools
2019-02-04 19:23:33	galaxyproject	usegalaxy-tools
2019-02-04 19:15:23	usegalaxy-eu	gxadmin
2019-02-04 18:52:19	usegalaxy-eu	gxadmin
2019-02-04 17:19:00	usegalaxy-eu	gxadmin
2019-02-04 17:12:45	erasche	videojs-framebyframe
2019-02-04 13:45:40	usegalaxy-eu	infrastructure
2019-02-02 13:35:39	usegalaxy-eu	usegalaxy-eu-tools
2019-02-02 11:40:24	galaxyproject	galaxyproject.github.io
2019-02-01 20:00:41	galaxyproject	galaxy
2019-02-01 19:59:57	galaxyproject	galaxy
2019-02-01 18:03:08	galaxyproject	dagobah-training
2019-02-01 17:57:42	galaxyproject	training-material
2019-02-01 17:47:04	erasche	galaxy
2019-02-01 14:54:28	usegalaxy-eu	gxadmin
2019-02-01 14:44:51	usegalaxy-eu	gxadmin
2019-02-01 14:20:13	usegalaxy-eu	gxadmin
2019-02-01 12:47:44	galaxyproject	dagobah-training
2019-01-31 22:00:36	galaxyproject	training-material
2019-01-31 19:44:52	galaxyproject	training-material
2019-01-31 19:03:50	erasche	training-material
2019-01-31 18:35:28	erasche	training-material
2019-01-31 17:50:22	galaxyproject	dagobah-training
2019-01-31 13:59:37	usegalaxy-eu	infrastructure-playbook
2019-01-31 13:37:35	erasche	training-material
2019-01-31 13:22:22	galaxyproject	dagobah-training
2019-01-31 12:59:13	erasche	training-material
2019-01-31 12:23:47	erasche	training-material
2019-01-31 12:12:49	erasche	training-material
2019-01-31 12:12:43	erasche	training-material
2019-01-31 12:12:36	erasche	training-material
2019-01-31 12:09:32	erasche	training-material
2019-01-31 12:09:00	erasche	training-material
2019-01-31 02:57:22	usegalaxy-eu	ansible-gxadmin
2019-01-31 02:52:09	erasche	training-material
2019-01-31 02:41:14	erasche	training-material
2019-01-31 01:48:32	galaxyproject	dagobah-training
2019-01-30 22:47:25	galaxyproject	dagobah-training
2019-01-30 22:41:37	erasche	training-material
2019-01-30 21:11:10	galaxyproject	dagobah-training
2019-01-30 20:39:25	galaxyproject	training-material
2019-01-30 20:36:21	galaxyproject	training-material
2019-01-30 14:49:38	erasche	training-material
2019-01-30 14:09:58	galaxyproject	training-material
2019-01-30 14:09:40	erasche	training-material
2019-01-30 14:07:51	erasche	training-material
2019-01-30 13:00:22	galaxyproject	training-material
2019-01-30 12:59:57	erasche	training-material
2019-01-29 23:02:07	erasche	training-material
2019-01-29 22:58:12	erasche	training-material
2019-01-29 21:57:45	erasche	training-material
2019-01-29 21:56:39	galaxyproject	training-material
2019-01-29 21:56:12	galaxyproject	training-material
2019-01-29 20:50:17	galaxyproject	dagobah-training
2019-01-29 20:36:11	erasche	training-material
2019-01-29 18:40:17	erasche	training-material
2019-01-29 17:09:03	galaxyproject	training-material
2019-01-29 11:39:23	galaxyproject	galaxy-hub
2019-01-29 11:35:15	erasche	training-material
2019-01-29 11:24:50	galaxyproject	dagobah-training
2019-01-29 11:24:22	galaxyproject	dagobah-training
2019-01-29 11:19:14	galaxyproject	dagobah-training
2019-01-28 12:20:58	usegalaxy-eu	infrastructure
2019-01-28 04:40:37	galaxyproject	training-material
2019-01-28 04:35:33	galaxyproject	training-material
2019-01-28 04:20:39	galaxyproject	dagobah-training
2019-01-28 04:15:18	usegalaxy-eu	infrastructure
2019-01-28 04:12:37	usegalaxy-eu	infrastructure
2019-01-28 04:08:54	galaxyproject	training-material
2019-01-28 03:50:11	galaxyproject	training-material
2019-01-28 03:40:49	usegalaxy-eu	infrastructure
2019-01-28 03:02:18	galaxyproject	dagobah-training
2019-01-28 03:01:16	galaxyproject	training-material
2019-01-28 02:04:56	galaxyproject	training-material
2019-01-28 01:50:09	usegalaxy-eu	ansible-certbot
2019-01-28 01:45:33	galaxyproject	training-material
2019-01-28 00:03:32	galaxyproject	training-material
2019-01-27 23:54:28	galaxyproject	training-material
2019-01-27 23:48:27	galaxyproject	training-material
2019-01-27 23:48:15	galaxyproject	training-material
2019-01-27 23:39:35	galaxyproject	training-material
2019-01-27 23:17:54	usegalaxy-eu	ansible-repos
2019-01-27 22:09:41	galaxyproject	training-material
2019-01-27 21:51:46	galaxyproject	training-material
2019-01-27 21:13:13	galaxyproject	dagobah-training
2019-01-27 20:46:51	usegalaxy-eu	gxadmin
2019-01-27 19:40:22	usegalaxy-eu	gxadmin
2019-01-27 19:37:39	usegalaxy-eu	gxadmin
2019-01-27 18:47:27	galaxyproject	dagobah-training
2019-01-27 18:42:50	galaxyproject	dagobah-training
2019-01-27 18:38:47	galaxyproject	training-material
2019-01-27 16:38:43	galaxyproject	dagobah-training
2019-01-27 16:34:51	galaxyproject	training-material
2019-01-27 16:34:23	natefoo	training-material
2019-01-27 13:36:55	galaxyproject	dagobah-training
2019-01-27 13:36:15	galaxyproject	training-material
2019-01-27 13:35:14	galaxyproject	training-material
2019-01-27 13:08:20	galaxyproject	training-material
2019-01-27 12:59:14	erasche	training-material
2019-01-27 12:41:55	galaxyproject	dagobah-training
2019-01-27 12:09:47	galaxyproject	training-material
2019-01-27 11:06:47	galaxyproject	ansible-galaxy
2019-01-27 11:04:31	galaxyproject	training-material
2019-01-27 02:06:08	galaxyproject	training-material
2019-01-27 02:01:49	galaxyproject	training-material
2019-01-27 01:45:01	galaxyproject	dagobah-training
2019-01-27 01:44:09	galaxyproject	training-material
2019-01-27 01:40:34	galaxyproject	training-material
2019-01-27 01:31:24	galaxyproject	training-material
2019-01-27 01:30:37	galaxyproject	training-material
2019-01-26 23:52:47	galaxyproject	dagobah-training
2019-01-26 20:59:36	galaxyproject	ansible-slurm
2019-01-26 20:47:11	galaxyproject	ansible-slurm
2019-01-26 20:16:03	galaxyproject	training-material
2019-01-26 19:42:30	usegalaxy-eu	infrastructure-playbook
2019-01-26 19:42:02	usegalaxy-eu	galaxy
2019-01-26 19:03:15	usegalaxy-eu	infrastructure-playbook
2019-01-26 18:55:10	usegalaxy-eu	galaxy
2019-01-26 13:59:15	usegalaxy-eu	infrastructure
2019-01-26 13:57:19	usegalaxy-eu	infrastructure
2019-01-26 12:19:17	usegalaxy-eu	usegalaxy-eu-tools
2019-01-26 12:17:02	galaxyproject	ansible-galaxy
2019-01-26 12:14:00	galaxyproject	ansible-galaxy
2019-01-26 12:12:36	galaxyproject	ansible-galaxy
2019-01-26 10:07:11	usegalaxy-eu	usegalaxy-eu-tools
2019-01-24 16:37:17	galaxyproject	training-material
2019-01-24 15:59:37	galaxyproject	training-material
2019-01-24 15:59:18	galaxyproject	training-material
2019-01-24 15:56:04	galaxyproject	training-material
2019-01-24 15:55:57	galaxyproject	training-material
2019-01-24 08:18:27	galaxyproject	training-material
2019-01-24 07:54:34	galaxy-genome-annotation	galaxy-tools
2019-01-24 07:54:17	usegalaxy-eu	infrastructure-playbook
2019-01-23 20:48:50	galaxyproject	training-material
2019-01-23 20:47:21	erasche	ansible-proftpd
2019-01-23 20:45:25	galaxyproject	training-material
2019-01-23 18:43:39	galaxyproject	training-material
2019-01-23 17:44:40	usegalaxy-eu	infrastructure
2019-01-23 16:01:18	galaxyproject	ansible-galaxy
2019-01-23 14:49:21	usegalaxy-eu	ansible-role-supervisor
2019-01-23 14:25:59	galaxyproject	ansible-galaxy
2019-01-23 14:23:47	galaxyproject	ansible-galaxy
2019-01-23 13:34:03	galaxyproject	galaxy-hub
2019-01-23 11:20:04	galaxyproject	dagobah-training
2019-01-22 21:33:19	galaxyproject	dagobah-training
2019-01-22 21:08:33	galaxyproject	dagobah-training
2019-01-22 21:07:33	galaxyproject	dagobah-training
2019-01-22 20:23:50	bgruening	galaxy-ipython
2019-01-22 16:48:40	galaxyproject	training-material
2019-01-22 11:24:09	usegalaxy-eu	ansible-role-supervisor
2019-01-22 11:15:52	usegalaxy-eu	infrastructure-playbook
2019-01-22 10:43:52	galaxyproject	ansible-galaxy
2019-01-22 10:12:37	usegalaxy-eu	ansible-repos
2019-01-22 09:50:21	usegalaxy-eu	infrastructure
2019-01-22 09:18:51	usegalaxy-eu	infrastructure
2019-01-22 08:32:29	galaxyproject	dagobah-training
2019-01-22 08:11:25	galaxyproject	dagobah-training
2019-01-21 16:06:30	usegalaxy-eu	infrastructure
2019-01-21 16:03:39	usegalaxy-eu	infrastructure
2019-01-21 16:02:12	galaxyproject	galaxy-hub
2019-01-21 15:58:52	galaxyproject	ansible-galaxy
2019-01-21 15:47:11	usegalaxy-eu	gxadmin
2019-01-21 15:29:02	usegalaxy-eu	gxadmin
2019-01-21 15:26:51	usegalaxy-eu	gxadmin
2019-01-21 15:15:01	usegalaxy-eu	gxadmin
2019-01-21 14:56:00	usegalaxy-eu	infrastructure-playbook
2019-01-21 09:43:53	usegalaxy-eu	gxadmin
2019-01-18 14:19:12	galaxy-genome-annotation	docker-galaxy-genome-annotation
2019-01-18 10:42:03	usegalaxy-eu	gxadmin
2019-01-18 10:22:46	usegalaxy-eu	galaxy
2019-01-18 10:21:08	usegalaxy-eu	sorting-hat
2019-01-18 10:16:49	galaxyproject	training-material
2019-01-17 06:47:50	usegalaxy-eu	infrastructure
2019-01-16 21:01:33	usegalaxy-eu	infrastructure
2019-01-16 08:45:05	usegalaxy-eu	vgcn
2019-01-15 17:31:11	usegalaxy-eu	gxadmin
2019-01-15 16:40:34	usegalaxy-eu	galaxy
2019-01-15 14:37:17	usegalaxy-eu	usegalaxy-eu-tools
2019-01-15 13:58:21	usegalaxy-eu	gxadmin
2019-01-15 13:00:00	usegalaxy-eu	gxadmin
2019-01-14 16:01:48	galaxyproject	galaxy-hub
2019-01-14 16:01:26	galaxyproject	galaxy-hub
2019-01-14 15:12:29	galaxyproject	galaxy-hub
2019-01-14 13:40:18	galaxyproject	cargo-port
2019-01-14 13:30:47	erasche	galaxy
2019-01-14 10:09:23	usegalaxy-eu	infrastructure-playbook
2019-01-14 09:36:44	usegalaxy-eu	infrastructure
2019-01-14 08:07:47	usegalaxy-eu	infrastructure-playbook
2019-01-14 08:06:19	usegalaxy-eu	infrastructure-playbook
2019-01-11 12:52:45	usegalaxy-eu	infrastructure
2019-01-11 12:49:30	usegalaxy-eu	infrastructure
2019-01-10 16:11:57	galaxyproject	ansible-cvmfs
2019-01-10 16:02:33	usegalaxy-eu	ansible-cvmfs
2019-01-10 16:00:51	usegalaxy-eu	vgcn
2019-01-10 15:19:53	usegalaxy-eu	infrastructure
2019-01-10 15:11:44	usegalaxy-eu	infrastructure
2019-01-10 15:06:35	usegalaxy-eu	infrastructure
2019-01-10 12:52:06	usegalaxy-eu	infrastructure
2019-01-10 12:44:36	usegalaxy-eu	infrastructure
2019-01-10 12:40:21	usegalaxy-eu	infrastructure
2019-01-09 15:21:20	erasche	presentations
2019-01-09 15:15:51	erasche	presentations
2019-01-09 11:18:03	usegalaxy-eu	workflow-testing
2019-01-08 18:09:10	usegalaxy-eu	infrastructure-playbook
2019-01-08 17:01:38	usegalaxy-eu	infrastructure
2019-01-08 16:55:41	usegalaxy-eu	infrastructure
2019-01-08 10:47:40	usegalaxy-eu	vgcn
2019-01-08 10:43:04	usegalaxy-eu	vgcn
2019-01-07 17:30:46	usegalaxy-eu	infrastructure
2019-01-07 13:07:06	usegalaxy-eu	usegalaxy-eu-tools
2019-01-07 13:04:40	usegalaxy-eu	tiaas-group-join
2019-01-07 13:03:31	usegalaxy-eu	quota-sync
2019-01-07 12:59:36	usegalaxy-eu	infrastructure
2019-01-07 12:43:39	galaxy-genome-annotation	docker-tripal
2018-12-18 12:03:46	usegalaxy-eu	infrastructure
2018-12-18 12:02:31	usegalaxy-eu	infrastructure
2018-12-18 09:52:30	usegalaxy-eu	infrastructure-playbook
2018-12-18 09:02:25	usegalaxy-eu	infrastructure-playbook
2018-12-15 02:30:53	usegalaxy-eu	usegalaxy-eu-tools
2018-12-14 13:36:35	galaxyproject	training-material
2018-12-14 12:56:08	usegalaxy-eu	workflow-testing
2018-12-14 12:56:02	usegalaxy-eu	workflow-testing
2018-12-14 12:02:24	usegalaxy-eu	infrastructure-playbook
2018-12-14 11:51:09	pavanvidem	training-material
2018-12-14 11:43:12	usegalaxy-eu	infrastructure-playbook
2018-12-14 11:36:21	usegalaxy-eu	infrastructure-playbook
2018-12-14 11:33:45	usegalaxy-eu	infrastructure-playbook
2018-12-14 11:32:08	usegalaxy-eu	infrastructure-playbook
2018-12-14 09:50:13	usegalaxy-eu	infrastructure-playbook
2018-12-14 09:38:35	usegalaxy-eu	infrastructure-playbook
2018-12-14 08:07:45	usegalaxy-eu	gxadmin
2018-12-13 15:41:35	galaxyproject	training-material
2018-12-13 12:20:12	galaxy-iuc	parsec
2018-12-13 12:18:47	galaxyproject	training-material
2018-12-13 10:02:36	galaxyproject	training-material
2018-12-13 09:32:58	galaxyproject	training-material
2018-12-12 18:59:35	galaxyproject	galaxy
2018-12-12 15:52:17	usegalaxy-eu	usegalaxy-eu-tools
2018-12-12 15:43:06	galaxyproject	training-material
2018-12-12 14:58:13	galaxyproject	training-material
2018-12-12 10:51:16	galaxy-genome-annotation	dockerized-gmod-deployment
2018-12-12 10:39:45	usegalaxy-eu	infrastructure
2018-12-11 15:35:07	usegalaxy-eu	infrastructure-playbook
2018-12-11 13:46:11	usegalaxy-eu	infrastructure-playbook
2018-12-11 13:45:36	usegalaxy-eu	galaxy
2018-12-11 13:19:34	usegalaxy-eu	infrastructure-playbook
2018-12-11 13:09:16	usegalaxy-eu	operations
2018-12-11 12:44:13	usegalaxy-eu	infrastructure-playbook
2018-12-11 12:36:53	usegalaxy-eu	infrastructure-playbook
2018-12-11 12:03:09	erasche	galaxy
2018-12-11 10:57:47	usegalaxy-eu	infrastructure
2018-12-11 10:55:53	usegalaxy-eu	infrastructure
2018-12-11 10:13:50	usegalaxy-eu	infrastructure
2018-12-11 09:23:32	usegalaxy-eu	infrastructure-playbook
2018-12-08 07:52:18	galaxyproject	galaxy-hub
2018-12-08 02:18:19	usegalaxy-eu	usegalaxy-eu-tools
2018-12-07 09:57:47	usegalaxy-eu	infrastructure-playbook
2018-12-07 09:57:16	usegalaxy-eu	galaxy
2018-12-07 09:30:07	erasche	galaxy
2018-12-07 08:31:40	usegalaxy-eu	infrastructure-playbook
2018-12-07 06:58:29	usegalaxy-eu	galaxy
2018-12-06 15:23:10	usegalaxy-eu	galaxy
2018-12-05 22:17:03	galaxyproject	training-material
2018-12-05 21:11:24	galaxyproject	training-material
2018-12-05 21:05:37	galaxyproject	training-material
2018-12-05 19:58:19	usegalaxy-eu	infrastructure-playbook
2018-12-05 19:55:46	usegalaxy-eu	galaxy
2018-12-05 18:19:15	galaxyproject	training-material
2018-12-05 17:08:16	usegalaxy-eu	tiaas-group-join
2018-12-05 17:07:07	usegalaxy-eu	infrastructure
2018-12-05 16:46:39	galaxyproject	training-material
2018-12-05 14:54:28	erasche	galaxy
2018-12-05 12:49:28	galaxyproject	training-material
2018-12-05 12:44:27	galaxyproject	training-material
2018-12-05 11:11:58	galaxyproject	training-material
2018-12-04 20:02:03	galaxyproject	training-material
2018-12-04 19:07:57	erasche	galaxy
2018-12-04 16:50:55	erasche	galaxy
2018-12-04 16:03:22	galaxyproject	training-material
2018-12-04 15:51:31	galaxyproject	training-material
2018-12-04 15:49:49	galaxyproject	training-material
2018-12-04 15:48:29	galaxyproject	training-material
2018-12-04 15:42:17	galaxyproject	training-material
2018-12-04 15:30:11	erasche	galaxy
2018-12-04 15:08:46	galaxyproject	training-material
2018-12-04 15:05:30	galaxyproject	training-material
2018-12-03 16:03:14	usegalaxy-eu	infrastructure
2018-12-03 15:38:10	usegalaxy-eu	infrastructure
2018-12-03 15:30:48	usegalaxy-eu	infrastructure
2018-12-03 15:29:51	usegalaxy-eu	infrastructure
2018-12-03 15:11:55	usegalaxy-eu	galaxy
2018-12-03 14:21:28	usegalaxy-eu	infrastructure-playbook
2018-12-03 14:11:39	usegalaxy-eu	infrastructure-playbook
2018-12-03 13:48:36	usegalaxy-eu	infrastructure-playbook
2018-12-03 13:48:12	usegalaxy-eu	infrastructure-playbook
2018-12-03 13:48:05	usegalaxy-eu	infrastructure-playbook
2018-12-03 13:41:35	usegalaxy-eu	infrastructure
2018-12-03 13:39:50	usegalaxy-eu	infrastructure
2018-12-03 13:02:34	usegalaxy-eu	infrastructure
2018-12-03 11:10:32	galaxy-genome-annotation	dockerized-gmod-deployment
2018-12-03 09:11:31	galaxy-genome-annotation	dockerized-gmod-deployment
2018-12-01 08:05:53	usegalaxy-eu	infrastructure
2018-12-01 02:18:46	usegalaxy-eu	usegalaxy-eu-tools
2018-11-30 18:47:19	usegalaxy-eu	operations
2018-11-30 18:43:37	usegalaxy-eu	operations
2018-11-30 17:22:55	usegalaxy-eu	tiaas-stats
2018-11-30 16:52:10	usegalaxy-eu	tiaas-stats
2018-11-30 16:39:53	usegalaxy-eu	infrastructure-playbook
2018-11-30 15:44:12	usegalaxy-eu	infrastructure-playbook
2018-11-30 14:00:04	shiltemann	curriculum-vitae
2018-11-30 11:10:41	usegalaxy-eu	tiaas-stats
2018-11-30 11:06:43	usegalaxy-eu	quota-sync
2018-11-30 11:06:14	usegalaxy-eu	quota-sync
2018-11-29 17:23:15	usegalaxy-eu	infrastructure
2018-11-29 15:38:21	galaxyproject	training-material
2018-11-29 07:08:58	usegalaxy-eu	infrastructure
2018-11-28 14:39:13	usegalaxy-eu	infrastructure-playbook
2018-11-27 17:08:47	galaxy-genome-annotation	galaxy-tools
2018-11-27 16:36:24	galaxyproject	training-material
2018-11-27 13:56:00	usegalaxy-eu	infrastructure-playbook
2018-11-27 13:42:44	usegalaxy-eu	infrastructure-playbook
2018-11-27 13:40:12	galaxyproject	galaxy
2018-11-27 13:12:31	usegalaxy-eu	workflow-testing
2018-11-27 12:58:16	usegalaxy-eu	workflow-testing
2018-11-27 12:55:51	usegalaxy-eu	workflow-testing
2018-11-27 11:55:18	usegalaxy-eu	workflow-testing
2018-11-27 11:33:47	galaxyproject	training-material
2018-11-26 12:03:39	usegalaxy-eu	infrastructure
2018-11-24 02:18:42	usegalaxy-eu	usegalaxy-eu-tools
2018-11-23 16:08:05	usegalaxy-eu	infrastructure-playbook
2018-11-23 14:54:40	usegalaxy-eu	infrastructure-playbook
2018-11-23 14:53:47	usegalaxy-eu	infrastructure-playbook
2018-11-23 14:52:37	usegalaxy-eu	infrastructure-playbook
2018-11-23 14:50:24	usegalaxy-eu	infrastructure-playbook
2018-11-23 14:48:48	usegalaxy-eu	infrastructure-playbook
2018-11-23 14:41:39	usegalaxy-eu	infrastructure-playbook
2018-11-23 14:39:58	usegalaxy-eu	infrastructure-playbook
2018-11-23 14:35:28	usegalaxy-eu	infrastructure-playbook
2018-11-23 14:32:17	usegalaxy-eu	infrastructure-playbook
2018-11-23 14:30:11	usegalaxy-eu	infrastructure-playbook
2018-11-23 14:23:04	usegalaxy-eu	infrastructure-playbook
2018-11-23 14:13:47	usegalaxy-eu	infrastructure-playbook
2018-11-23 14:10:40	usegalaxy-eu	infrastructure-playbook
2018-11-23 14:07:02	usegalaxy-eu	gxadmin
2018-11-23 14:01:42	usegalaxy-eu	infrastructure-playbook
2018-11-23 13:59:40	usegalaxy-eu	gxadmin
2018-11-23 13:51:04	usegalaxy-eu	infrastructure-playbook
2018-11-23 13:21:25	usegalaxy-eu	infrastructure-playbook
2018-11-23 10:01:25	usegalaxy-eu	galaxy
2018-11-22 15:07:50	usegalaxy-eu	infrastructure-playbook
2018-11-22 14:58:51	usegalaxy-eu	gxadmin
2018-11-22 13:29:31	usegalaxy-eu	usegalaxy-eu-tools
2018-11-22 11:20:57	erxleben	website
2018-11-21 16:03:54	shiltemann	presentations
2018-11-20 17:08:50	usegalaxy-eu	gxadmin
2018-11-20 16:43:02	usegalaxy-eu	infrastructure-playbook
2018-11-20 16:42:55	jmchilton	infrastructure-playbook-1
2018-11-20 16:15:59	usegalaxy-eu	infrastructure-playbook
2018-11-20 16:09:42	usegalaxy-eu	infrastructure-playbook
2018-11-20 15:44:55	galaxyproject	galaxy-hub
2018-11-20 15:44:45	galaxyproject	galaxy-hub
2018-11-20 15:15:38	usegalaxy-eu	infrastructure-playbook
2018-11-20 14:48:58	galaxyproject	training-material
2018-11-20 13:36:04	usegalaxy-eu	infrastructure-playbook
2018-11-20 13:08:22	galaxyproject	training-material
2018-11-20 12:45:07	galaxyproject	training-material
2018-11-20 10:56:09	galaxyproject	galaxy-hub
2018-11-20 10:39:19	galaxyproject	galaxy-hub
2018-11-20 08:58:11	erasche	presentations
2018-11-19 17:35:02	usegalaxy-eu	infrastructure-playbook
2018-11-19 15:08:39	usegalaxy-eu	quota-sync
2018-11-19 15:07:42	usegalaxy-eu	quota-sync
2018-11-19 15:06:26	usegalaxy-eu	quota-sync
2018-11-19 15:05:28	galaxyproject	tools-iuc
2018-11-19 15:05:15	usegalaxy-eu	quota-sync
2018-11-19 14:44:12	loraine-gueguen	tools-iuc
2018-11-19 14:35:34	galaxyproject	training-material
2018-11-19 13:03:29	usegalaxy-eu	infrastructure
2018-11-19 13:02:25	usegalaxy-eu	infrastructure
2018-11-19 12:56:32	galaxyproject	training-material
2018-11-19 12:49:50	usegalaxy-eu	infrastructure
2018-11-19 12:42:37	usegalaxy-eu	infrastructure-playbook
2018-11-19 12:42:05	usegalaxy-eu	infrastructure
2018-11-19 12:33:35	galaxyproject	training-material
2018-11-19 11:30:10	erasche	galaxy
2018-11-19 11:18:44	usegalaxy-eu	infrastructure-playbook
2018-11-19 11:05:46	galaxyproject	tools-iuc
2018-11-19 09:11:06	usegalaxy-eu	infrastructure-playbook
2018-11-19 09:10:20	usegalaxy-eu	workflow-testing
2018-11-18 12:18:38	usegalaxy-eu	infrastructure-playbook
2018-11-18 11:59:29	usegalaxy-eu	infrastructure-playbook
2018-11-17 16:30:45	usegalaxy-eu	usegalaxy-eu-tools
2018-11-16 20:12:17	galaxyproject	training-material
2018-11-15 17:56:44	usegalaxy-eu	infrastructure-playbook
2018-11-15 17:51:51	galaxyproject	training-material
2018-11-15 17:46:08	galaxyproject	training-material
2018-11-15 14:31:57	galaxyproject	training-material
2018-11-15 14:30:59	galaxyproject	training-material
2018-11-15 14:30:45	mtekman	training-material
2018-11-15 14:18:20	galaxyproject	training-material
2018-11-15 14:17:52	polkhe	training-material
2018-11-14 21:55:04	galaxyproject	training-material
2018-11-14 21:31:47	galaxyproject	training-material
2018-11-14 14:11:13	galaxyproject	training-material
2018-11-14 14:09:19	galaxyproject	training-material
2018-11-14 13:59:50	galaxyproject	training-material
2018-11-14 12:08:24	galaxyproject	training-material
2018-11-14 12:03:18	galaxyproject	training-material
2018-11-14 11:02:42	galaxyproject	training-material
2018-11-14 10:49:50	galaxyproject	training-material
2018-11-14 09:30:08	erasche	galaxy
2018-11-14 08:29:55	erasche	docker-galaxy-volume
2018-11-14 08:09:39	erasche	docker-galaxy-volume
2018-11-13 16:34:24	usegalaxy-eu	infrastructure-playbook
2018-11-13 15:49:32	erasche	docker-galaxy-volume
2018-11-13 15:17:04	galaxyproject	training-material
2018-11-13 14:20:01	galaxyproject	training-material
2018-11-12 17:30:09	erasche	galaxy
2018-11-12 15:40:47	usegalaxy-eu	infrastructure-playbook
2018-11-12 15:35:41	usegalaxy-eu	infrastructure
2018-11-12 15:29:55	usegalaxy-eu	infrastructure
2018-11-12 14:39:25	usegalaxy-eu	infrastructure-playbook
2018-11-12 14:31:24	usegalaxy-eu	infrastructure-playbook
2018-11-12 14:18:02	usegalaxy-eu	infrastructure-playbook
2018-11-12 13:58:41	usegalaxy-eu	infrastructure-playbook
2018-11-09 19:30:44	erasche	galaxy
2018-11-09 15:51:37	elixir-europe	BioHackathon
2018-11-09 15:50:54	elixir-europe	BioHackathon
2018-11-09 12:22:04	usegalaxy-eu	workflow-testing
2018-11-09 10:56:15	usegalaxy-eu	usegalaxy-eu-tools
2018-11-08 21:14:55	usegalaxy-eu	infrastructure-playbook
2018-11-08 14:51:37	usegalaxy-eu	infrastructure-playbook
2018-11-08 14:32:44	usegalaxy-eu	gxadmin
2018-11-08 14:20:20	usegalaxy-eu	infrastructure
2018-11-08 10:36:52	elixir-europe	BioHackathon
2018-11-08 09:37:48	usegalaxy-eu	workflow-testing
2018-11-08 09:32:22	usegalaxy-eu	workflow-testing
2018-11-07 11:46:36	usegalaxy-eu	infrastructure
2018-11-07 11:46:00	usegalaxy-eu	infrastructure
2018-11-07 11:29:47	usegalaxy-eu	infrastructure
2018-11-07 11:29:19	usegalaxy-eu	infrastructure
2018-11-07 11:10:46	galaxyproject	training-material
2018-11-06 12:14:05	usegalaxy-eu	infrastructure-playbook
2018-11-06 11:36:12	usegalaxy-eu	infrastructure
2018-11-06 11:29:48	usegalaxy-eu	workflow-testing
2018-11-06 10:46:52	usegalaxy-eu	workflow-testing
2018-11-06 10:46:00	usegalaxy-eu	workflow-testing
2018-11-06 10:44:50	usegalaxy-eu	workflow-testing
2018-11-06 10:44:15	usegalaxy-eu	workflow-testing
2018-11-05 16:43:57	galaxy-genome-annotation	galaxy-tools
2018-11-05 16:38:05	elixir-europe	BioHackathon
2018-11-05 16:24:01	usegalaxy-eu	gxadmin
2018-11-05 16:20:24	elixir-europe	BioHackathon
2018-11-05 14:55:08	usegalaxy-eu	workflow-testing
2018-11-05 11:12:48	usegalaxy-eu	workflow-testing
2018-11-05 11:08:33	galaxyproject	training-material
2018-11-05 10:34:32	usegalaxy-eu	infrastructure-playbook
2018-11-03 02:42:16	usegalaxy-eu	usegalaxy-eu-tools
2018-11-02 16:55:34	usegalaxy-eu	infrastructure-playbook
2018-11-02 15:51:35	usegalaxy-eu	infrastructure
2018-11-02 14:18:53	usegalaxy-eu	infrastructure
2018-11-02 11:06:13	usegalaxy-eu	infrastructure
2018-11-02 11:05:12	usegalaxy-eu	infrastructure
2018-11-02 08:44:12	galaxians-ctf	ctf-manual
2018-11-01 18:46:02	usegalaxy-eu	infrastructure-playbook
2018-11-01 13:53:30	usegalaxy-eu	gxadmin
2018-10-30 11:54:55	erasche	presentations
2018-10-29 15:47:52	usegalaxy-eu	gxadmin
2018-10-29 13:50:50	erasche	presentations
2018-10-29 13:44:02	erasche	presentations
2018-10-29 13:42:38	erasche	presentations
2018-10-29 12:56:43	erasche	presentations
2018-10-29 12:55:07	erasche	presentations
2018-10-28 08:49:31	galaxyproject	training-material
2018-10-27 01:40:59	usegalaxy-eu	usegalaxy-eu-tools
2018-10-26 13:51:45	galaxians-ctf	ctf-manual
2018-10-26 13:32:13	galaxyproject	training-material
2018-10-26 11:04:40	usegalaxy-eu	vgcn
2018-10-26 10:51:58	galaxyproject	training-material
2018-10-26 10:46:55	galaxyproject	training-material
2018-10-26 10:44:12	galaxyproject	training-material
2018-10-26 10:43:25	galaxyproject	training-material
2018-10-26 10:38:58	galaxyproject	training-material
2018-10-26 10:38:02	galaxyproject	training-material
2018-10-26 10:36:35	galaxyproject	training-material
2018-10-26 10:01:07	usegalaxy-eu	infrastructure
2018-10-26 08:46:47	usegalaxy-eu	vgcn
2018-10-25 14:53:57	galaxyproject	training-material
2018-10-25 14:51:44	erasche	gie-proxy
2018-10-25 14:01:56	galaxyproject	training-material
2018-10-25 13:15:35	galaxyproject	training-material
2018-10-25 07:56:02	galaxy-genome-annotation	galaxy-circos-tool
2018-10-24 15:23:08	usegalaxy-eu	infrastructure
2018-10-24 14:28:31	usegalaxy-eu	denbi-generic-image
2018-10-24 09:57:14	usegalaxy-eu	gxadmin
2018-10-24 09:48:20	usegalaxy-eu	gxadmin
2018-10-24 09:39:55	usegalaxy-eu	gxadmin
2018-10-24 09:33:25	usegalaxy-eu	gxadmin
2018-10-23 13:43:18	usegalaxy-eu	gxadmin
2018-10-23 10:51:06	usegalaxy-eu	infrastructure-playbook
2018-10-22 08:33:43	usegalaxy-eu	gxadmin
2018-10-20 01:38:20	usegalaxy-eu	usegalaxy-eu-tools
2018-10-19 14:41:44	galaxyproject	training-material
2018-10-19 11:45:57	galaxyproject	training-material
2018-10-19 11:42:19	galaxyproject	training-material
2018-10-18 18:36:42	galaxyproject	training-material
2018-10-18 17:40:53	galaxyproject	training-material
2018-10-18 16:32:12	usegalaxy-eu	infrastructure-playbook
2018-10-18 16:03:35	galaxyproject	training-material
2018-10-18 15:07:13	usegalaxy-eu	jenkins-worker
2018-10-18 14:05:29	usegalaxy-eu	cvmfs-example
2018-10-18 08:09:56	usegalaxy-eu	usegalaxy-eu-tools
2018-10-18 08:08:36	usegalaxy-eu	jenkins-worker
2018-10-17 17:17:19	usegalaxy-eu	usegalaxy-eu-tools
2018-10-17 17:07:25	usegalaxy-eu	jenkins-worker
2018-10-17 16:22:12	usegalaxy-eu	jenkins-worker
2018-10-17 15:32:56	erasche	terminal-identicons
2018-10-17 15:07:23	usegalaxy-eu	jenkins-worker
2018-10-17 15:05:55	usegalaxy-eu	jenkins-worker
2018-10-17 15:01:27	usegalaxy-eu	vgcn
2018-10-17 14:48:19	usegalaxy-eu	vgcn
2018-10-17 14:15:28	usegalaxy-eu	vgcn
2018-10-17 14:11:48	usegalaxy-eu	infrastructure-playbook
2018-10-17 14:02:30	usegalaxy-eu	vgcn
2018-10-17 14:00:58	usegalaxy-eu	vgcn
2018-10-17 10:15:02	usegalaxy-eu	infrastructure-playbook
2018-10-17 09:30:05	usegalaxy-eu	gxadmin
2018-10-17 08:04:04	usegalaxy-eu	vgcn
2018-10-17 07:55:59	usegalaxy-eu	vgcn
2018-10-17 06:58:09	usegalaxy-eu	workflow-testing
2018-10-16 14:11:53	usegalaxy-eu	vgcn
2018-10-16 13:16:43	usegalaxy-eu	usegalaxy-eu-tools
2018-10-16 13:08:45	usegalaxy-eu	usegalaxy-eu-tools
2018-10-16 13:07:19	galaxyproject	training-material
2018-10-16 12:58:30	usegalaxy-eu	vgcn
2018-10-16 12:54:06	cico-extra	website
2018-10-16 12:49:58	usegalaxy-eu	gxadmin
2018-10-16 12:40:03	usegalaxy-eu	gxadmin
2018-10-16 12:39:04	usegalaxy-eu	gxadmin
2018-10-16 12:21:17	usegalaxy-eu	vgcn
2018-10-16 12:19:52	usegalaxy-eu	vgcn
2018-10-16 12:17:51	usegalaxy-eu	vgcn
2018-10-16 12:13:04	usegalaxy-eu	vgcn
2018-10-16 12:07:53	galaxyproject	training-material
2018-10-15 09:40:56	usegalaxy-eu	galaxy
2018-10-15 09:40:46	erasche	galaxy
2018-10-13 16:34:44	shiltemann	CTF-writeups-public
2018-10-13 16:32:32	shiltemann	CTF-writeups-public
2018-10-13 16:15:14	shiltemann	CTF-writeups-public
2018-10-13 16:14:11	shiltemann	CTF-writeups-public
2018-10-13 16:01:53	usegalaxy-eu	workflow-testing
2018-10-13 15:50:53	shiltemann	CTF-writeups-public
2018-10-12 13:00:31	usegalaxy-eu	vgcn
2018-10-11 17:37:58	galaxyproject	training-material
2018-10-11 14:18:59	galaxyproject	training-material
2018-10-11 14:05:26	usegalaxy-eu	workflow-testing
2018-10-11 13:43:14	galaxyproject	training-material
2018-10-11 13:11:50	usegalaxy-eu	vgcn
2018-10-11 11:52:02	usegalaxy-eu	vgcn
2018-10-11 11:49:26	usegalaxy-eu	vgcn
2018-10-11 11:40:06	galaxyproject	ansible-cvmfs
2018-10-11 11:37:32	usegalaxy-eu	vgcn
2018-10-11 11:11:52	usegalaxy-eu	vgcn
2018-10-11 11:00:02	usegalaxy-eu	vgcn
2018-10-11 10:42:11	usegalaxy-eu	vgcn
2018-10-11 10:20:02	usegalaxy-eu	vgcn
2018-10-11 10:00:41	usegalaxy-eu	vgcn
2018-10-11 09:45:03	usegalaxy-eu	vgcn
2018-10-11 09:35:25	usegalaxy-eu	vgcn
2018-10-11 09:31:46	usegalaxy-eu	vgcn
2018-10-11 09:05:07	usegalaxy-eu	vgcn
2018-10-11 09:04:29	usegalaxy-eu	vgcn
2018-10-10 15:35:29	usegalaxy-eu	vgcn
2018-10-10 13:57:25	galaxyproject	training-material
2018-10-10 13:07:12	galaxyproject	training-material
2018-10-10 12:42:39	galaxyproject	training-material
2018-10-10 10:41:57	galaxyproject	training-material
2018-10-10 08:51:45	galaxyproject	training-material
2018-10-10 07:14:29	galaxyproject	training-material
2018-10-10 07:10:18	galaxyproject	training-material
2018-10-09 17:50:42	galaxyproject	training-material
2018-10-09 16:54:15	galaxyproject	training-material
2018-10-09 16:50:49	galaxyproject	training-material
2018-10-09 16:21:10	galaxyproject	training-material
2018-10-09 15:30:33	galaxyproject	training-material
2018-10-09 15:30:25	galaxyproject	training-material
2018-10-09 15:28:27	galaxyproject	training-material
2018-10-09 15:27:56	galaxyproject	training-material
2018-10-09 15:02:30	galaxyproject	training-material
2018-10-09 13:40:07	erasche	hello-world-interactive-environment
2018-10-09 13:18:51	galaxyproject	training-material
2018-10-09 10:54:10	usegalaxy-eu	gxadmin
2018-10-09 09:35:16	usegalaxy-eu	gxadmin
2018-10-09 09:34:38	usegalaxy-eu	gxadmin
2018-10-08 16:35:47	usegalaxy-eu	gxadmin
2018-10-08 13:57:46	galaxyproject	training-material
2018-10-08 13:56:16	galaxyproject	training-material
2018-10-08 13:54:35	galaxyproject	training-material
2018-10-08 13:49:15	galaxyproject	training-material
2018-10-08 12:37:20	galaxyproject	training-material
2018-10-08 08:38:19	usegalaxy-eu	gxadmin
2018-10-08 08:34:16	usegalaxy-eu	gxadmin
2018-10-08 08:33:18	usegalaxy-eu	gxadmin
2018-10-08 08:10:51	usegalaxy-eu	gxadmin
2018-10-07 14:36:06	erasche	erasche.github.io
2018-10-07 14:33:40	erasche	erasche.github.io
2018-10-05 20:34:24	erasche	docker-tripal
2018-10-05 18:33:13	usegalaxy-eu	gxadmin
2018-10-05 18:30:17	usegalaxy-eu	gxadmin
2018-10-05 17:52:57	usegalaxy-eu	gxadmin
2018-10-05 17:51:42	usegalaxy-eu	gxadmin
2018-10-05 17:17:41	usegalaxy-eu	gxadmin
2018-10-05 17:16:38	usegalaxy-eu	gxadmin
2018-10-05 17:11:15	usegalaxy-eu	gxadmin
2018-10-05 17:10:03	usegalaxy-eu	gxadmin
2018-10-05 17:09:18	usegalaxy-eu	gxadmin
2018-10-05 17:08:37	usegalaxy-eu	gxadmin
2018-10-05 17:06:16	usegalaxy-eu	gxadmin
2018-10-05 16:56:52	usegalaxy-eu	gxadmin
2018-10-05 16:56:44	usegalaxy-eu	gxadmin
2018-10-05 16:50:39	usegalaxy-eu	gxadmin
2018-10-05 16:21:57	usegalaxy-eu	gxadmin
2018-10-05 16:16:42	usegalaxy-eu	gxadmin
2018-10-05 12:36:29	usegalaxy-eu	infrastructure-playbook
2018-10-04 10:30:24	erasche	galaxy
2018-10-03 14:33:29	galaxyproject	training-material
2018-10-03 14:30:11	galaxyproject	training-material
2018-10-03 12:13:59	galaxy-iuc	parsec
2018-10-03 12:13:04	galaxy-iuc	parsec
2018-10-01 14:33:57	usegalaxy-eu	galaxy
2018-10-01 14:33:56	usegalaxy-eu	galaxy
2018-10-01 14:33:54	usegalaxy-eu	galaxy
2018-10-01 14:33:53	usegalaxy-eu	galaxy
2018-10-01 14:33:52	usegalaxy-eu	galaxy
2018-10-01 14:33:51	usegalaxy-eu	galaxy
2018-10-01 14:33:50	usegalaxy-eu	galaxy
2018-10-01 14:33:48	usegalaxy-eu	galaxy
2018-10-01 14:33:43	usegalaxy-eu	galaxy
2018-10-01 14:33:41	usegalaxy-eu	galaxy
2018-10-01 14:29:08	usegalaxy-eu	galaxy
2018-10-01 13:42:37	usegalaxy-eu	usegalaxy-eu-tools
2018-10-01 13:35:39	usegalaxy-eu	galaxy
2018-10-01 13:35:36	usegalaxy-eu	galaxy
2018-10-01 13:32:37	galaxyproject	tools-iuc
2018-10-01 09:48:29	erasche	terminal-identicons
2018-09-30 17:00:26	erasche	recipes
2018-09-29 01:37:34	usegalaxy-eu	usegalaxy-eu-tools
2018-09-28 16:33:10	TAMU-CPT	galaxy-tools
2018-09-27 16:32:18	deNBI	perunKeystoneAdapter
2018-09-27 16:19:57	deNBI	perunKeystoneAdapter
2018-09-27 15:13:17	usegalaxy-eu	infrastructure-playbook
2018-09-27 14:32:03	deNBI	perunKeystoneAdapter
2018-09-27 06:44:39	deNBI	perunKeystoneAdapter
2018-09-27 06:30:08	deNBI	perunKeystoneAdapter
2018-09-26 19:42:31	usegalaxy-eu	infrastructure
2018-09-26 19:36:16	usegalaxy-eu	infrastructure
2018-09-26 06:52:13	galaxyproject	training-material
2018-09-25 21:33:48	usegalaxy-eu	infrastructure
2018-09-25 16:15:17	galaxyproject	training-material
2018-09-25 10:40:53	usegalaxy-eu	infrastructure
2018-09-25 09:28:08	usegalaxy-eu	infrastructure-playbook
2018-09-25 09:27:40	usegalaxy-eu	infrastructure-playbook
2018-09-25 09:16:49	usegalaxy-eu	infrastructure
2018-09-25 08:50:02	usegalaxy-eu	infrastructure
2018-09-25 08:49:10	usegalaxy-eu	infrastructure-playbook
2018-09-24 15:36:03	usegalaxy-eu	infrastructure
2018-09-24 13:34:37	usegalaxy-eu	denbi-generic-image
2018-09-24 12:43:02	usegalaxy-eu	denbi-generic-image
2018-09-24 12:27:54	usegalaxy-eu	denbi-generic-image
2018-09-24 12:05:17	usegalaxy-eu	denbi-generic-image
2018-09-24 10:41:51	usegalaxy-eu	denbi-generic-image
2018-09-24 10:39:48	usegalaxy-eu	denbi-generic-image
2018-09-24 10:39:29	usegalaxy-eu	denbi-generic-image
2018-09-24 10:38:47	usegalaxy-eu	denbi-generic-image
2018-09-24 10:29:28	usegalaxy-eu	denbi-generic-image
2018-09-24 10:27:38	usegalaxy-eu	denbi-generic-image
2018-09-24 10:14:30	usegalaxy-eu	denbi-generic-image
2018-09-24 06:00:37	usegalaxy-eu	tiaas-group-join
2018-09-24 05:54:12	galaxyproject	training-material
2018-09-22 01:37:53	usegalaxy-eu	usegalaxy-eu-tools
2018-09-21 14:01:41	usegalaxy-eu	terraform
2018-09-21 13:56:59	usegalaxy-eu	terraform
2018-09-21 13:56:26	usegalaxy-eu	infrastructure
2018-09-21 13:52:30	usegalaxy-eu	infrastructure
2018-09-21 10:32:36	usegalaxy-eu	terraform
2018-09-21 10:20:56	galaxyproject	tools-iuc
2018-09-21 09:03:19	usegalaxy-eu	quota-sync
2018-09-21 08:49:45	usegalaxy-eu	terraform
2018-09-21 08:12:16	usegalaxy-eu	terraform
2018-09-21 07:58:38	usegalaxy-eu	infrastructure-playbook
2018-09-21 07:44:05	usegalaxy-eu	terraform
2018-09-20 15:28:03	usegalaxy-eu	terraform
2018-09-20 07:16:47	usegalaxy-eu	usegalaxy-eu-tools
2018-09-19 15:44:24	usegalaxy-eu	terraform
2018-09-19 15:42:11	usegalaxy-eu	terraform
2018-09-19 15:30:46	usegalaxy-eu	terraform
2018-09-18 16:10:14	galaxy-genome-annotation	python-apollo
2018-09-18 12:38:20	usegalaxy-eu	vgcn
2018-09-18 12:35:15	usegalaxy-eu	terraform
2018-09-18 12:30:12	usegalaxy-eu	infrastructure-playbook
2018-09-18 12:03:08	usegalaxy-eu	vgcn
2018-09-18 11:34:51	usegalaxy-eu	vgcn
2018-09-18 11:12:30	usegalaxy-eu	infrastructure-playbook
2018-09-18 11:06:27	usegalaxy-eu	infrastructure-playbook
2018-09-18 10:33:56	usegalaxy-eu	terraform
2018-09-18 09:03:30	usegalaxy-eu	vgcn
2018-09-18 09:03:19	usegalaxy-eu	vgcn
2018-09-18 08:53:10	usegalaxy-eu	vgcn
2018-09-17 14:12:35	galaxy-genome-annotation	python-apollo
2018-09-17 14:02:11	galaxyproject	training-material
2018-09-17 09:50:59	usegalaxy-eu	infrastructure-playbook
2018-09-15 03:35:22	usegalaxy-eu	usegalaxy-eu-tools
2018-09-13 08:58:35	galaxyproject	training-material
2018-09-13 08:58:01	galaxyproject	training-material
2018-09-13 08:56:46	galaxyproject	training-material
2018-09-13 06:47:44	galaxyproject	training-material
2018-09-12 11:38:16	usegalaxy-eu	galaxy
2018-09-12 11:37:53	usegalaxy-eu	galaxy
2018-09-12 08:39:58	usegalaxy-eu	vgcn
2018-09-11 13:58:53	usegalaxy-eu	vgcn
2018-09-11 12:04:38	usegalaxy-eu	vgcn
2018-09-11 10:53:35	galaxyproject	tools-iuc
2018-09-11 08:30:23	erasche	galaxy
2018-09-08 03:35:20	usegalaxy-eu	usegalaxy-eu-tools
2018-09-07 07:51:52	deNBI	perunKeystoneAdapter
2018-09-06 15:53:45	usegalaxy-eu	usegalaxy-eu-tools
2018-09-06 14:03:45	galaxyproject	galaxy
2018-09-06 13:59:23	deNBI	perunKeystoneAdapter
2018-09-04 16:07:02	galaxy-genome-annotation	galaxy-tools
2018-09-04 15:33:15	deNBI	perunKeystoneAdapter
2018-09-04 14:46:26	deNBI	perunKeystoneAdapter
2018-09-04 14:04:00	deNBI	perunKeystoneAdapter
2018-09-04 13:32:55	deNBI	perunKeystoneAdapter
2018-09-01 03:35:17	usegalaxy-eu	usegalaxy-eu-tools
2018-08-31 12:08:16	usegalaxy-eu	terraform
2018-08-31 11:27:37	usegalaxy-eu	vgcn
2018-08-31 11:17:12	usegalaxy-eu	terraform
2018-08-31 11:16:33	usegalaxy-eu	terraform
2018-08-31 11:11:47	usegalaxy-eu	terraform
2018-08-31 11:09:21	usegalaxy-eu	terraform
2018-08-31 10:48:55	usegalaxy-eu	vgcn
2018-08-29 11:41:16	galaxyproject	training-material
2018-08-28 12:01:45	usegalaxy-eu	tiaas-group-join
2018-08-28 11:53:20	usegalaxy-eu	tiaas-group-join
2018-08-25 03:35:22	usegalaxy-eu	usegalaxy-eu-tools
2018-08-24 16:07:51	galaxyproject	training-material
2018-08-24 14:55:23	anuprulez	training-material
2018-08-24 14:49:47	polkhe	training-material
2018-08-24 14:41:47	galaxyproject	training-material
2018-08-24 14:36:36	galaxyproject	training-material
2018-08-24 14:29:47	galaxyproject	training-material
2018-08-24 14:27:13	galaxyproject	training-material
2018-08-24 14:26:03	galaxyproject	training-material
2018-08-24 10:55:39	galaxyproject	training-material
2018-08-24 10:45:50	galaxyproject	training-material
2018-08-23 13:44:23	galaxyproject	training-material
2018-08-22 15:04:46	galaxyproject	galaxy
2018-08-22 10:30:31	erasche	galaxy
2018-08-21 15:32:56	galaxyproject	training-material
2018-08-21 14:57:54	galaxyproject	training-material
2018-08-20 11:42:55	usegalaxy-eu	usegalaxy-eu-tools
2018-08-20 11:42:39	usegalaxy-eu	usegalaxy-eu-tools
2018-08-20 09:49:53	usegalaxy-eu	usegalaxy-eu-tools
2018-08-18 03:35:17	usegalaxy-eu	usegalaxy-eu-tools
2018-08-17 16:13:30	galaxyproject	training-material
2018-08-17 15:38:34	galaxyproject	training-material
2018-08-17 15:07:52	galaxyproject	training-material
2018-08-17 15:04:56	galaxyproject	training-material
2018-08-17 14:40:14	galaxyproject	training-material
2018-08-17 14:33:43	galaxyproject	training-material
2018-08-16 15:32:13	galaxyproject	training-material
2018-08-16 15:15:46	galaxyproject	training-material
2018-08-16 12:09:14	galaxyproject	training-material
2018-08-15 13:56:23	usegalaxy-eu	vgcn
2018-08-14 14:31:40	usegalaxy-eu	jcaas
2018-08-14 13:55:55	usegalaxy-eu	jcaas
2018-08-14 13:37:59	usegalaxy-eu	jcaas
2018-08-14 12:39:04	usegalaxy-eu	vgcn
2018-08-14 12:18:09	usegalaxy-eu	vgcn
2018-08-13 12:01:21	usegalaxy-eu	ansible-monitor-cluster
2018-08-13 11:36:55	usegalaxy-eu	ansible-monitor-cluster
2018-08-13 11:03:14	usegalaxy-eu	ansible-monitor-cluster
2018-08-11 03:35:24	usegalaxy-eu	usegalaxy-eu-tools
2018-08-10 10:48:18	erasche	terminal-identicons
2018-08-10 10:45:49	erasche	python-iden-svg
2018-08-07 09:27:01	galaxyproject	training-material
2018-08-07 09:13:21	usegalaxy-eu	operations
2018-08-07 09:04:22	usegalaxy-eu	infrastructure-playbook
2018-08-06 14:40:21	usegalaxy-eu	workflow-testing
2018-08-06 14:12:59	usegalaxy-eu	workflow-testing
2018-08-06 13:45:09	usegalaxy-eu	workflow-testing
2018-08-06 12:54:50	usegalaxy-eu	workflow-testing
2018-08-06 09:58:45	usegalaxy-eu	workflow-testing
2018-08-06 09:06:10	erasche	bioblend
2018-08-06 09:05:39	usegalaxy-eu	workflow-testing
2018-08-06 08:43:16	usegalaxy-eu	vgcn
2018-08-06 08:16:05	galaxy-genome-annotation	galaxy-tools
2018-08-04 03:35:13	usegalaxy-eu	usegalaxy-eu-tools
2018-08-03 15:33:16	usegalaxy-eu	workflow-testing
2018-08-03 15:28:45	usegalaxy-eu	workflow-testing
2018-08-03 14:42:09	usegalaxy-eu	workflow-testing
2018-08-03 14:41:49	usegalaxy-eu	workflow-testing
2018-08-03 14:03:30	usegalaxy-eu	workflow-testing
2018-08-03 13:56:56	usegalaxy-eu	usegalaxy-eu-tools
2018-08-03 13:43:25	martenson	public-galaxy-servers
2018-08-03 13:01:02	usegalaxy-eu	usegalaxy-eu-tools
2018-08-03 12:33:34	usegalaxy-eu	workflow-testing
2018-08-03 10:41:39	usegalaxy-eu	infrastructure-playbook
2018-08-03 09:37:52	martenson	public-galaxy-servers
2018-08-03 08:45:12	usegalaxy-eu	quota-sync
2018-08-03 08:45:02	usegalaxy-eu	quota-sync
2018-08-02 14:17:17	usegalaxy-eu	usegalaxy-eu-tools
2018-08-02 08:03:49	usegalaxy-eu	usegalaxy-eu-tools
2018-07-31 10:27:21	usegalaxy-eu	infrastructure-playbook
2018-07-31 09:48:50	usegalaxy-eu	infrastructure-playbook
2018-07-30 14:30:44	erasche	galaxy
2018-07-30 12:58:03	galaxy-genome-annotation	galaxy-tools
2018-07-30 12:57:08	erasche	docker-chado
2018-07-21 03:35:11	usegalaxy-eu	usegalaxy-eu-tools
2018-07-18 12:57:37	GMOD	jbrowse-registry
2018-07-18 08:13:47	galaxyproject	cargo-port
2018-07-18 08:13:36	galaxyproject	cargo-port
2018-07-16 16:03:42	usegalaxy-eu	usegalaxy-eu-tools
2018-07-16 13:35:54	usegalaxy-eu	cvmfs-example
2018-07-16 13:34:37	usegalaxy-eu	cvmfs-example
2018-07-16 13:31:38	galaxyproject	ansible-cvmfs
2018-07-16 12:35:05	galaxyproject	ansible-cvmfs
2018-07-16 12:35:01	usegalaxy-eu	ansible-cvmfs
2018-07-16 12:29:39	galaxyproject	ansible-cvmfs
2018-07-16 12:29:26	usegalaxy-eu	ansible-cvmfs
2018-07-16 12:02:31	galaxyproject	training-material
2018-07-16 09:31:48	deNBI	cloud-user-docs
2018-07-16 08:57:19	galaxyproject	training-material
2018-07-16 08:55:33	galaxyproject	training-material
2018-07-16 08:43:03	erasche	galaxy
2018-07-14 03:35:20	usegalaxy-eu	usegalaxy-eu-tools
2018-07-13 11:56:09	galaxyproject	training-material
2018-07-13 11:34:54	galaxyproject	training-material
2018-07-13 11:29:37	galaxyproject	training-material
2018-07-13 08:32:00	galaxyproject	training-material
2018-07-13 08:28:59	galaxyproject	training-material
2018-07-13 06:08:16	usegalaxy-eu	vgcn-infrastructure
2018-07-12 15:33:56	galaxyproject	training-material
2018-07-12 10:08:41	usegalaxy-eu	vgcn
2018-07-11 13:06:06	galaxyproject	training-material
2018-07-11 13:03:58	galaxyproject	training-material
2018-07-11 12:41:11	usegalaxy-eu	terraform
2018-07-11 09:46:49	galaxyproject	galaxy
2018-07-11 04:57:41	usegalaxy-eu	usegalaxy-eu-tools
2018-07-10 17:10:39	galaxyproject	tools-iuc
2018-07-10 13:06:10	galaxyproject	training-material
2018-07-10 09:58:37	usegalaxy-eu	infrastructure-playbook
2018-07-10 09:33:03	erasche	galaxy
2018-07-09 09:08:54	erasche	galaxy
2018-07-09 08:22:54	erasche	galaxy
2018-07-07 03:35:09	usegalaxy-eu	usegalaxy-eu-tools
2018-07-06 11:39:51	galaxyproject	training-material
2018-07-06 09:51:51	galaxyproject	tools-iuc
2018-07-06 09:48:01	usegalaxy-eu	workflow-testing
2018-07-06 09:39:41	usegalaxy-eu	workflow-testing
2018-07-06 09:18:02	usegalaxy-eu	workflow-testing
2018-07-05 13:35:11	galaxyproject	training-material
2018-07-03 13:17:23	erasche	galaxy
2018-07-03 12:54:29	galaxyproject	training-material
2018-07-03 11:42:53	erasche	galaxy
2018-07-03 11:36:29	usegalaxy-eu	toolbox-duplicate-checker
2018-07-03 11:14:07	galaxyproject	training-material
2018-06-30 03:35:14	usegalaxy-eu	usegalaxy-eu-tools
2018-06-28 10:00:52	galaxyproject	tools-iuc
2018-06-28 08:16:36	galaxyproject	tools-iuc
2018-06-28 07:45:19	erasche	bioconda-recipes
2018-06-28 07:42:56	erasche	bioconda-recipes
2018-06-27 12:00:35	galaxyproject	tools-iuc
2018-06-27 10:41:38	galaxyproject	tools-iuc
2018-06-26 19:05:11	erasche	hello-world-interactive-environment
2018-06-26 19:04:36	erasche	hello-world-interactive-environment
2018-06-26 19:03:41	erasche	hello-world-interactive-environment
2018-06-26 18:55:02	erasche	hello-world-interactive-environment
2018-06-26 13:15:05	galaxyproject	tools-iuc
2018-06-25 15:06:48	galaxyproject	tools-iuc
2018-06-23 03:35:03	usegalaxy-eu	usegalaxy-eu-tools
2018-06-22 08:34:26	usegalaxy-eu	terraform
2018-06-22 06:57:01	usegalaxy-eu	tiaas-group-join
2018-06-22 06:56:29	usegalaxy-eu	tiaas-group-join
2018-06-22 06:40:11	usegalaxy-eu	tiaas-group-join
2018-06-22 06:31:56	usegalaxy-eu	tiaas-group-join
2018-06-21 14:52:52	usegalaxy-eu	tiaas-group-join
2018-06-21 14:49:14	usegalaxy-eu	tiaas-group-join
2018-06-20 10:15:19	galaxyproject	training-material
2018-06-20 09:38:36	galaxyproject	training-material
2018-06-18 19:59:03	erasche	galactic-radio-telescope
2018-06-18 19:43:34	erasche	galactic-radio-telescope
2018-06-18 18:59:56	erasche	galactic-radio-telescope
2018-06-18 18:39:37	erasche	galactic-radio-telescope
2018-06-18 18:20:14	erasche	galactic-radio-telescope
2018-06-18 18:08:47	erasche	galactic-radio-telescope
2018-06-18 17:52:20	erasche	galaxy-site
2018-06-18 12:35:10	galaxyproject	training-material
2018-06-18 12:34:48	galaxyproject	training-material
2018-06-18 12:31:38	galaxyproject	training-material
2018-06-18 12:31:20	galaxyproject	training-material
2018-06-18 12:19:34	galaxyproject	training-material
2018-06-18 11:31:07	galaxyproject	training-material
2018-06-16 03:35:15	usegalaxy-eu	usegalaxy-eu-tools
2018-06-14 20:22:23	galaxyproject	training-material
2018-06-14 18:40:49	galaxyproject	training-material
2018-06-14 16:03:33	erasche	docker-rstudio-notebook
2018-06-14 15:49:46	galaxyproject	training-material
2018-06-14 05:39:07	galaxyproject	training-material
2018-06-13 15:21:32	galaxyproject	training-material
2018-06-13 08:38:07	usegalaxy-eu	vgcn
2018-06-13 06:42:31	galaxyproject	training-material
2018-06-12 17:37:03	galaxyproject	galaxy
2018-06-12 16:02:50	galaxyproject	training-material
2018-06-12 15:41:26	galaxyproject	training-material
2018-06-12 15:40:48	usegalaxy-eu	vgcn
2018-06-12 15:20:51	galaxyproject	training-material
2018-06-12 15:15:47	galaxyproject	training-material
2018-06-12 15:11:09	galaxyproject	training-material
2018-06-12 14:55:18	usegalaxy-eu	vgcn
2018-06-12 14:10:21	galaxyproject	training-material
2018-06-12 13:52:26	galaxyproject	training-material
2018-06-12 13:49:50	galaxyproject	training-material
2018-06-12 13:24:33	galaxyproject	training-material
2018-06-12 13:24:04	galaxyproject	training-material
2018-06-12 13:23:45	galaxyproject	training-material
2018-06-12 13:21:44	galaxyproject	training-material
2018-06-12 09:38:29	usegalaxy-eu	vgcn-infrastructure
2018-06-11 12:45:40	usegalaxy-eu	infrastructure-playbook
2018-06-09 03:35:00	usegalaxy-eu	usegalaxy-eu-tools
2018-06-07 20:11:57	galaxyproject	training-material
2018-06-07 18:56:53	galaxyproject	training-material
2018-06-07 08:54:40	usegalaxy-eu	gdpr
2018-06-07 08:54:02	usegalaxy-eu	gdpr
2018-06-07 07:12:11	usegalaxy-eu	gdpr
2018-06-07 07:11:26	usegalaxy-eu	gdpr
2018-06-06 15:15:31	galaxyproject	galaxy
2018-06-06 13:05:50	erasche	JBrowse-REST-API-Example
2018-06-06 11:11:48	usegalaxy-eu	gdpr
2018-06-06 11:11:15	usegalaxy-eu	gdpr
2018-06-06 09:51:18	usegalaxy-eu	infrastructure-playbook
2018-06-05 07:35:45	TAMU-CPT	docker-postgres-backup
2018-06-05 07:17:54	erasche	galactic-radio-telescope
2018-06-04 17:05:35	galaxyproject	training-material
2018-06-04 14:19:33	usegalaxy-eu	terraform
2018-06-02 12:00:08	usegalaxy-eu	terraform
2018-06-02 10:48:10	usegalaxy-eu	terraform
2018-06-02 10:34:26	usegalaxy-eu	terraform
2018-06-02 09:03:48	usegalaxy-eu	terraform
2018-06-02 08:52:36	usegalaxy-eu	terraform
2018-06-02 07:51:34	usegalaxy-eu	terraform
2018-06-02 07:49:53	usegalaxy-eu	terraform
2018-06-02 07:08:57	TAMU-CPT	docker-postgres-backup
2018-06-02 03:35:52	usegalaxy-eu	usegalaxy-eu-tools
2018-05-31 15:22:27	erasche	argparse2tool
2018-05-31 15:19:08	erasche	argparse2tool
2018-05-31 15:16:40	bernt-matthias	argparse2tool
2018-05-31 15:12:58	bernt-matthias	argparse2tool
2018-05-31 15:12:39	bernt-matthias	argparse2tool
2018-05-31 13:51:51	bernt-matthias	argparse2tool
2018-05-31 13:51:37	bernt-matthias	argparse2tool
2018-05-31 08:02:09	usegalaxy-eu	infrastructure-playbook
2018-05-31 07:54:53	usegalaxy-eu	infrastructure-playbook
2018-05-31 06:08:30	erasche	galaxy
2018-05-30 13:32:33	usegalaxy-eu	infrastructure-playbook
2018-05-30 10:40:58	erasche	dotfiles
2018-05-30 06:14:22	usegalaxy-eu	gdpr
2018-05-30 06:13:47	usegalaxy-eu	gdpr
2018-05-29 17:48:49	erasche	barcode-server
2018-05-29 17:48:39	erasche	galaxy-apollo
2018-05-29 17:46:35	erasche	morse-trainer
2018-05-29 17:41:47	erasche	docker-jbrowse
2018-05-29 17:40:28	erasche	docker-webapollo
2018-05-29 17:40:09	erasche	videojs-framebyframe
2018-05-29 17:39:24	erasche	biojs-io-xmfa
2018-05-29 17:26:25	erasche	docker-apollo
2018-05-29 17:25:33	erasche	docker-jbrowse
2018-05-29 17:25:09	erasche	docker-chado
2018-05-29 17:24:38	erasche	chado-jbrowse-connector
2018-05-29 17:23:38	erasche	chado-schema-builder
2018-05-29 17:18:26	erasche	docker-recipes
2018-05-29 17:13:15	erasche	rGalaxyConnector
2018-05-29 17:12:00	erasche	docker-tripal
2018-05-29 17:07:14	erasche	galaxy-workflow-plotter
2018-05-29 17:05:12	erasche	docker-remote-user-proxy
2018-05-29 16:58:04	galaxy-iuc	parsec
2018-05-29 16:53:51	galaxyproject	pulsar
2018-05-29 16:46:18	erasche	presentations
2018-05-29 16:45:36	erasche	presentations
2018-05-29 16:45:23	TAMU-CPT	LaTeX-styles
2018-05-29 16:33:47	erasche	hello-world-interactive-environment
2018-05-29 16:32:15	erasche	galaxyxml
2018-05-29 16:29:38	galaxy-genome-annotation	dockerized-gmod-deployment
2018-05-29 12:56:28	usegalaxy-eu	infrastructure-playbook
2018-05-29 09:48:14	erasche	presentations
2018-05-28 16:17:18	erasche	argparse2tool
2018-05-28 16:12:30	erasche	argparse2tool
2018-05-28 16:03:44	erasche	argparse2tool
2018-05-28 16:01:06	erasche	argparse2tool
2018-05-28 15:57:33	erasche	argparse2tool
2018-05-28 15:52:32	erasche	argparse2tool
2018-05-28 15:43:49	erasche	argparse2tool
2018-05-28 14:48:52	usegalaxy-eu	infrastructure-playbook
2018-05-28 14:18:36	usegalaxy-eu	infrastructure-playbook
2018-05-26 03:35:23	usegalaxy-eu	usegalaxy-eu-tools
2018-05-25 15:05:43	galaxyproject	training-material
2018-05-25 06:48:27	usegalaxy-eu	infrastructure-playbook
2018-05-23 20:33:31	usegalaxy-eu	vgcn
2018-05-23 17:47:46	usegalaxy-eu	vgcn-infrastructure
2018-05-23 16:21:06	galaxyproject	ansible-cvmfs
2018-05-23 16:20:19	usegalaxy-eu	ansible-cvmfs
2018-05-23 15:28:36	martenson	public-galaxy-servers
2018-05-23 14:39:05	erasche	galactic-radio-telescope
2018-05-23 13:04:39	usegalaxy-eu	vgcn-infrastructure
2018-05-23 11:28:20	usegalaxy-eu	vgcn
2018-05-23 05:46:46	usegalaxy-eu	vgcn-infrastructure
2018-05-22 23:53:26	usegalaxy-eu	vgcn-infrastructure
2018-05-22 22:50:14	usegalaxy-eu	vgcn-infrastructure
2018-05-22 22:34:53	usegalaxy-eu	vgcn
2018-05-22 22:33:37	usegalaxy-eu	ansible-cvmfs
2018-05-22 22:32:10	usegalaxy-eu	vgcn-infrastructure
2018-05-22 17:45:26	usegalaxy-eu	ansible-cvmfs
2018-05-22 17:16:43	usegalaxy-eu	vgcn-infrastructure
2018-05-22 15:39:58	usegalaxy-eu	infrastructure-playbook
2018-05-22 15:39:46	usegalaxy-eu	infrastructure-playbook
2018-05-22 15:37:07	usegalaxy-eu	cvmfs-example
2018-05-22 15:26:07	usegalaxy-eu	cvmfs-example
2018-05-22 15:10:55	usegalaxy-eu	infrastructure-playbook
2018-05-22 13:54:37	usegalaxy-eu	vgcn
2018-05-22 13:28:10	usegalaxy-eu	gdpr
2018-05-22 13:07:30	usegalaxy-eu	terraform
2018-05-22 13:03:51	usegalaxy-eu	vgcn
2018-05-22 12:21:29	usegalaxy-eu	terraform
2018-05-22 11:53:11	usegalaxy-eu	vgcn
2018-05-22 11:52:15	usegalaxy-eu	ansible-cvmfs
2018-05-22 11:52:05	usegalaxy-eu	ansible-cvmfs
2018-05-22 11:48:13	usegalaxy-eu	vgcn
2018-05-22 11:28:51	usegalaxy-eu	terraform
2018-05-22 09:46:25	usegalaxy-eu	vgcn
2018-05-21 13:57:52	usegalaxy-eu	vgcn
2018-05-15 15:09:29	usegalaxy-eu	vgcn-infrastructure
2018-05-15 13:50:46	usegalaxy-eu	vgcn-infrastructure
2018-05-15 13:32:58	usegalaxy-eu	terraform
2018-05-15 10:17:17	usegalaxy-eu	jcaas
2018-05-14 15:50:52	usegalaxy-eu	vgcn
2018-05-14 15:49:21	usegalaxy-eu	ansible-cvmfs
2018-05-14 15:46:01	usegalaxy-eu	ansible-cvmfs
2018-05-14 14:13:12	usegalaxy-eu	gdpr
2018-05-14 14:12:35	usegalaxy-eu	gdpr
2018-05-14 14:07:26	usegalaxy-eu	vgcn-infrastructure
2018-05-14 14:05:55	usegalaxy-eu	gdpr
2018-05-14 14:05:22	usegalaxy-eu	gdpr
2018-05-14 14:02:29	usegalaxy-eu	gdpr
2018-05-14 14:01:54	usegalaxy-eu	gdpr
2018-05-13 06:56:47	erasche	erasche.github.io
2018-05-11 16:01:36	erasche	bioblend
2018-05-11 15:21:56	usegalaxy-eu	vgcn
2018-05-11 14:41:36	usegalaxy-eu	vgcn
2018-05-11 13:56:29	erasche	galaxy
2018-05-11 13:42:23	erasche	galaxy
2018-05-11 13:00:30	erasche	bioblend
2018-05-11 12:41:21	erasche	galaxy
2018-05-11 10:15:54	erasche	docker-django
2018-05-11 10:11:02	erasche	docker-django
2018-05-11 10:08:42	erasche	galactic-radio-telescope
2018-05-11 09:49:31	erasche	galactic-radio-telescope
2018-05-11 09:36:05	erasche	galactic-radio-telescope
2018-05-11 07:44:26	usegalaxy-eu	gdpr
2018-05-11 07:43:50	usegalaxy-eu	gdpr
2018-05-11 07:42:32	usegalaxy-eu	infrastructure-playbook
2018-05-10 18:48:24	erasche	galaxy
2018-05-10 18:43:21	usegalaxy-eu	gdpr
2018-05-10 18:42:47	usegalaxy-eu	gdpr
2018-05-10 17:06:45	usegalaxy-eu	infrastructure-playbook
2018-05-10 17:03:31	martenson	public-galaxy-servers
2018-05-10 16:57:11	usegalaxy-eu	gdpr
2018-05-10 16:56:40	usegalaxy-eu	gdpr
2018-05-10 16:45:40	usegalaxy-eu	gdpr
2018-05-10 16:45:07	usegalaxy-eu	gdpr
2018-05-10 16:44:40	usegalaxy-eu	gdpr
2018-05-10 16:44:09	usegalaxy-eu	gdpr
2018-05-10 16:37:05	erasche	galaxy
2018-05-10 15:44:16	erasche	galaxy
2018-05-10 15:42:49	erasche	galaxy
2018-05-10 15:06:34	erasche	galaxy
2018-05-10 14:29:45	usegalaxy-eu	gdpr
2018-05-10 14:29:10	usegalaxy-eu	gdpr
2018-05-10 14:09:45	usegalaxy-eu	gdpr
2018-05-10 14:09:13	usegalaxy-eu	gdpr
2018-05-10 14:07:27	usegalaxy-eu	gdpr
2018-05-10 14:06:53	usegalaxy-eu	gdpr
2018-05-10 14:05:24	usegalaxy-eu	gdpr
2018-05-10 14:00:35	usegalaxy-eu	gdpr
2018-05-10 13:59:41	usegalaxy-eu	gdpr
2018-05-10 13:53:40	usegalaxy-eu	gdpr
2018-05-10 13:47:51	usegalaxy-eu	gdpr
2018-05-10 13:46:57	usegalaxy-eu	gdpr
2018-05-09 20:30:07	erasche	galaxy
2018-05-09 14:19:02	usegalaxy-eu	vgcn-infrastructure
2018-05-09 13:06:18	usegalaxy-eu	vgcn-infrastructure
2018-05-09 11:48:20	usegalaxy-eu	vgcn-infrastructure
2018-05-09 10:30:16	erasche	galaxy
2018-05-09 09:13:40	usegalaxy-eu	vgcn
2018-05-09 08:18:22	usegalaxy-eu	vgcn
2018-05-09 08:07:09	usegalaxy-eu	vgcn
2018-05-08 15:36:59	usegalaxy-eu	vgcn-infrastructure
2018-05-08 15:30:54	usegalaxy-eu	vgcn-infrastructure
2018-05-08 15:29:58	usegalaxy-eu	vgcn-infrastructure
2018-05-08 15:28:30	usegalaxy-eu	vgcn-infrastructure
2018-05-08 15:26:30	usegalaxy-eu	vgcn-infrastructure
2018-05-08 15:19:07	usegalaxy-eu	vgcn-infrastructure
2018-05-08 15:17:29	usegalaxy-eu	vgcn-infrastructure
2018-05-08 15:14:38	usegalaxy-eu	vgcn-infrastructure
2018-05-08 15:13:34	usegalaxy-eu	vgcn-infrastructure
2018-05-08 14:47:57	usegalaxy-eu	vgcn-infrastructure
2018-05-08 14:47:20	usegalaxy-eu	vgcn-infrastructure
2018-05-08 13:28:54	usegalaxy-eu	ansible-cvmfs
2018-05-08 13:27:43	usegalaxy-eu	infrastructure-playbook
2018-05-08 13:26:54	usegalaxy-eu	vgcn
2018-05-08 11:29:14	usegalaxy-eu	gdpr
2018-05-08 11:27:48	usegalaxy-eu	gdpr
2018-05-08 11:27:29	usegalaxy-eu	gdpr
2018-05-08 11:27:02	usegalaxy-eu	gdpr
2018-05-08 11:25:52	usegalaxy-eu	gdpr
2018-05-08 08:53:30	usegalaxy-eu	gdpr
2018-05-05 05:58:01	usegalaxy-eu	vgcn
2018-05-05 03:35:00	usegalaxy-eu	usegalaxy-eu-tools
2018-05-04 15:04:41	usegalaxy-eu	vgcn
2018-05-04 14:09:28	usegalaxy-eu	vgcn
2018-05-04 14:06:27	usegalaxy-eu	vgcn
2018-05-04 14:06:17	usegalaxy-eu	vgcn
2018-05-04 14:04:20	usegalaxy-eu	vgcn
2018-05-04 11:44:40	usegalaxy-eu	vgcn
2018-05-04 09:28:51	usegalaxy-eu	terraform
2018-05-03 20:13:50	galaxyproject	training-material
2018-05-03 13:40:15	usegalaxy-eu	vgcn
2018-05-03 10:12:44	usegalaxy-eu	terraform
2018-05-03 09:37:58	usegalaxy-eu	terraform
2018-05-03 07:38:05	usegalaxy-eu	infrastructure-playbook
2018-05-03 07:37:36	usegalaxy-eu	infrastructure-playbook
2018-05-02 15:06:31	usegalaxy-eu	vgcn
2018-05-02 14:53:20	usegalaxy-eu	vgcn
2018-05-02 14:46:36	usegalaxy-eu	vgcn
2018-05-02 14:11:47	usegalaxy-eu	vgcn
2018-05-02 14:11:01	usegalaxy-eu	vgcn-agent
2018-05-02 14:10:43	usegalaxy-eu	vgcn-agent
2018-05-02 14:09:41	usegalaxy-eu	vgcn-agent
2018-05-02 14:04:50	usegalaxy-eu	vgcn-agent
2018-05-02 13:53:46	usegalaxy-eu	vgcn-agent
2018-05-02 13:50:03	usegalaxy-eu	vgcn-agent
2018-05-02 08:33:06	usegalaxy-eu	vgcn
2018-05-01 17:25:02	usegalaxy-eu	vgcn
2018-05-01 17:13:09	martenson	public-galaxy-servers
2018-05-01 16:57:51	usegalaxy-eu	infrastructure-playbook
2018-05-01 15:24:49	erasche	galaxy
2018-05-01 14:06:46	usegalaxy-eu	infrastructure-playbook
2018-05-01 13:13:45	usegalaxy-eu	infrastructure-playbook
2018-05-01 13:10:51	erasche	galaxy
2018-05-01 13:05:55	usegalaxy-eu	infrastructure-playbook
2018-05-01 11:55:27	erasche	galaxy
2018-05-01 10:10:22	usegalaxy-eu	vgcn-infrastructure
2018-05-01 10:10:11	usegalaxy-eu	vgcn-infrastructure
2018-05-01 10:09:48	usegalaxy-eu	vgcn-infrastructure
2018-05-01 09:32:48	erasche	galaxy
2018-05-01 09:31:59	erasche	galaxy
2018-04-30 12:30:08	erasche	galaxy
2018-04-30 12:13:58	usegalaxy-eu	operations
2018-04-30 12:13:31	usegalaxy-eu	operations
2018-04-30 12:13:05	usegalaxy-eu	operations
2018-04-30 12:10:43	usegalaxy-eu	infrastructure-playbook
2018-04-30 11:40:05	usegalaxy-eu	infrastructure-playbook
2018-04-28 03:35:10	usegalaxy-eu	usegalaxy-eu-tools
2018-04-24 12:40:26	usegalaxy-eu	vgcn
2018-04-24 10:42:31	usegalaxy-eu	vgcn
2018-04-23 16:10:41	usegalaxy-eu	infrastructure-playbook
2018-04-23 11:56:36	galaxyproject	ansible-galaxy
2018-04-21 03:36:35	usegalaxy-eu	usegalaxy-eu-tools
2018-04-20 10:12:39	usegalaxy-eu	infrastructure-playbook
2018-04-20 08:15:13	usegalaxy-eu	infrastructure-playbook
2018-04-20 07:01:24	usegalaxy-eu	infrastructure-playbook
2018-04-19 15:52:52	usegalaxy-eu	usegalaxy-eu-tools
2018-04-19 15:13:38	erasche	galaxy
2018-04-19 15:12:16	erasche	galaxy
2018-04-19 15:11:34	erasche	galaxy
2018-04-19 11:44:49	erxleben	website
2018-04-19 11:44:30	erxleben	website
2018-04-19 10:30:21	erasche	galaxy
2018-04-13 14:30:39	erasche	galaxy
2018-04-13 13:38:26	usegalaxy-eu	infrastructure-playbook
2018-04-13 13:01:40	usegalaxy-eu	infrastructure-playbook
2018-04-11 11:24:49	erasche	presentations
2018-04-10 14:34:58	usegalaxy-eu	infrastructure-playbook
2018-04-10 14:24:54	usegalaxy-eu	infrastructure-playbook
2018-04-10 10:30:09	erasche	galaxy
2018-04-08 16:55:05	erasche	presentations
2018-04-08 14:10:27	usegalaxy-eu	vgcn-infrastructure
2018-04-07 03:34:59	usegalaxy-eu	usegalaxy-eu-tools
2018-04-04 16:05:25	galaxyproject	tools-iuc
2018-04-04 15:09:29	usegalaxy-eu	usegalaxy-eu-tools
2018-04-03 16:30:24	erasche	galaxy
2018-04-03 13:54:05	erasche	chado-schema-builder
2018-04-03 12:26:21	usegalaxy-eu	usegalaxy-eu-tools
2018-03-31 03:35:03	usegalaxy-eu	usegalaxy-eu-tools
2018-03-28 16:05:25	erasche	rGalaxyConnector
2018-03-28 15:54:04	erasche	gx-cookie-proxy
2018-03-28 10:43:26	martenson	public-galaxy-servers
2018-03-28 08:53:53	erasche	docker-rstudio-notebook
2018-03-28 08:53:39	erasche	docker-rstudio-notebook
2018-03-28 08:52:06	erasche	rGalaxyConnector
2018-03-28 08:20:47	usegalaxy-eu	infrastructure-playbook
2018-03-24 03:36:12	usegalaxy-eu	usegalaxy-eu-tools
2018-03-21 15:53:42	usegalaxy-eu	infrastructure-playbook
2018-03-21 15:03:04	usegalaxy-eu	usegalaxy-eu-tools
2018-03-21 12:48:19	erasche	galaxy
2018-03-21 12:36:09	usegalaxy-eu	infrastructure-playbook
2018-03-21 11:12:12	usegalaxy-eu	infrastructure-playbook
2018-03-21 10:28:41	usegalaxy-eu	infrastructure-playbook
2018-03-21 10:15:34	usegalaxy-eu	infrastructure-playbook
2018-03-21 10:14:37	usegalaxy-eu	infrastructure-playbook
2018-03-21 10:10:36	usegalaxy-eu	infrastructure-playbook
2018-03-20 15:51:32	usegalaxy-eu	infrastructure-playbook
2018-03-20 14:27:37	usegalaxy-eu	infrastructure-playbook
2018-03-20 11:13:24	usegalaxy-eu	vgcn
2018-03-20 10:52:51	usegalaxy-eu	infrastructure-playbook
2018-03-20 10:40:00	usegalaxy-eu	infrastructure-playbook
2018-03-20 09:48:20	usegalaxy-eu	infrastructure-playbook
2018-03-19 16:29:09	usegalaxy-eu	vgcn-infrastructure
2018-03-19 16:19:19	usegalaxy-eu	vgcn-infrastructure
2018-03-19 16:18:28	usegalaxy-eu	vgcn-infrastructure
2018-03-19 16:17:40	usegalaxy-eu	vgcn-infrastructure
2018-03-19 15:41:39	usegalaxy-eu	vgcn-infrastructure
2018-03-19 13:50:06	erasche	galaxy
2018-03-19 12:23:39	erasche	galaxy
2018-03-19 11:10:53	erasche	galaxy
2018-03-16 09:10:30	erasche	dotfiles
2018-03-14 16:39:06	erasche	apollo-permissions-manager
2018-03-14 16:35:03	erasche	apollo-permissions-manager
2018-03-14 16:32:02	erasche	apollo-permissions-manager
2018-03-14 16:28:26	erasche	apollo-permissions-manager
2018-03-14 16:26:40	erasche	apollo-permissions-manager
2018-03-14 16:15:12	galaxy-genome-annotation	python-apollo
2018-03-14 16:05:02	usegalaxy-eu	vgcn
2018-03-14 15:13:31	usegalaxy-eu	vgcn-infrastructure
2018-03-14 13:05:43	usegalaxy-eu	vgcn-infrastructure
2018-03-14 12:25:00	usegalaxy-eu	vgcn
2018-03-12 10:19:52	usegalaxy-eu	vgcn
2018-03-10 03:37:11	usegalaxy-eu	usegalaxy-eu-tools
2018-03-09 16:18:49	erasche	docker-apollo
2018-03-09 15:54:52	erasche	docker-apollo
2018-03-09 14:34:23	erasche	docker-apollo
2018-03-09 11:22:00	galaxy-genome-annotation	galaxy-tools
2018-03-08 17:12:38	galaxy-genome-annotation	galaxy-tools
2018-03-08 16:14:25	usegalaxy-eu	infrastructure-playbook
2018-03-08 15:50:48	usegalaxy-eu	infrastructure-playbook
2018-03-08 14:36:05	usegalaxy-eu	usegalaxy-eu-tools
2018-03-08 14:24:43	usegalaxy-eu	usegalaxy-eu-tools
2018-03-07 18:18:20	usegalaxy-eu	infrastructure-playbook
2018-03-07 18:17:13	usegalaxy-eu	infrastructure-playbook
2018-03-07 18:16:49	usegalaxy-eu	infrastructure-playbook
2018-03-05 11:18:54	erasche	gx-cookie-proxy
2018-03-05 11:12:00	erasche	gx-cookie-proxy
2018-03-05 10:07:33	erasche	chado-schema-builder
2018-03-03 03:33:51	usegalaxy-eu	usegalaxy-eu-tools
2018-03-02 10:37:46	usegalaxy-eu	infrastructure-playbook
2018-03-01 13:41:24	erasche	chado-schema-builder
2018-03-01 10:33:55	usegalaxy-eu	vgcn-infrastructure
2018-02-27 17:06:57	erasche	galaxy
2018-02-27 16:56:41	erasche	galaxy
2018-02-27 15:10:11	usegalaxy-eu	infrastructure-playbook
2018-02-27 14:48:21	usegalaxy-eu	infrastructure-playbook
2018-02-27 14:47:30	usegalaxy-eu	infrastructure-playbook
2018-02-27 14:36:35	usegalaxy-eu	infrastructure-playbook
2018-02-27 14:33:12	usegalaxy-eu	infrastructure-playbook
2018-02-27 13:03:54	erasche	chado-schema-builder
2018-02-27 12:58:30	erasche	chado-schema-builder
2018-02-27 12:49:38	erasche	chado-schema-builder
2018-02-27 12:47:51	erasche	chado-schema-builder
2018-02-27 12:47:16	erasche	chado-schema-builder
2018-02-27 12:45:59	erasche	chado-schema-builder
2018-02-27 12:44:50	erasche	chado-schema-builder
2018-02-27 12:44:00	erasche	chado-schema-builder
2018-02-27 12:25:19	erasche	chado-schema-builder
2018-02-27 12:14:21	erasche	chado-schema-builder
2018-02-27 11:46:35	erasche	docker-apollo
2018-02-27 11:39:08	erasche	docker-apollo
2018-02-26 17:23:31	usegalaxy-eu	infrastructure-playbook
2018-02-26 15:23:19	usegalaxy-eu	infrastructure-playbook
2018-02-26 15:14:37	usegalaxy-eu	infrastructure-playbook
2018-02-26 15:03:55	usegalaxy-eu	infrastructure-playbook
2018-02-26 13:12:31	usegalaxy-eu	infrastructure-playbook
2018-02-26 10:29:46	usegalaxy-eu	usegalaxy-eu-tools
2018-02-23 14:20:55	usegalaxy-eu	vgcn
2018-02-22 17:33:46	usegalaxy-eu	usegalaxy-eu-tools
2018-02-22 15:54:46	usegalaxy-eu	infrastructure-playbook
2018-02-22 12:17:19	usegalaxy-eu	branding
2018-02-21 14:13:35	usegalaxy-eu	vgcn
2018-02-21 13:55:29	usegalaxy-eu	vgcn
2018-02-21 13:54:37	usegalaxy-eu	vgcn
2018-02-20 15:45:41	usegalaxy-eu	usegalaxy-eu-tools
2018-02-20 15:28:16	usegalaxy-eu	usegalaxy-eu-tools
2018-02-20 15:26:17	usegalaxy-eu	usegalaxy-eu-tools
2018-02-20 15:19:12	usegalaxy-eu	branding
2018-02-20 15:17:43	usegalaxy-eu	branding
2018-02-20 14:53:53	usegalaxy-eu	usegalaxy-eu-tools
2018-02-20 10:44:43	usegalaxy-eu	usegalaxy-eu-tools
2018-02-20 10:28:37	usegalaxy-eu	usegalaxy-eu-tools
2018-02-20 10:27:37	usegalaxy-eu	usegalaxy-eu-tools
2018-02-20 10:27:01	usegalaxy-eu	usegalaxy-eu-tools
2018-02-20 08:59:05	usegalaxy-eu	usegalaxy-eu-tools
2018-02-19 18:49:32	erasche	vnc-screenshot
2018-02-19 11:51:37	usegalaxy-eu	infrastructure-playbook
2018-02-19 11:39:11	usegalaxy-eu	infrastructure-playbook
2018-02-19 11:09:37	usegalaxy-eu	infrastructure-playbook
2018-02-19 10:34:38	usegalaxy-eu	infrastructure-playbook
2018-02-19 10:17:00	usegalaxy-eu	infrastructure-playbook
2018-02-17 18:43:36	usegalaxy-eu	usegalaxy-eu-tools
2018-02-16 15:26:41	usegalaxy-eu	usegalaxy-eu-tools
2018-02-14 19:53:18	usegalaxy-eu	infrastructure-playbook
2018-02-14 11:51:39	usegalaxy-eu	usegalaxy-eu-tools
2018-02-13 16:20:23	usegalaxy-eu	infrastructure-playbook
2018-02-12 15:18:04	usegalaxy-eu	usegalaxy-eu-tools
2018-02-12 15:01:59	usegalaxy-eu	usegalaxy-eu-tools
2018-02-12 14:51:36	usegalaxy-eu	branding
2018-02-12 14:50:57	usegalaxy-eu	branding
2018-02-12 13:15:09	usegalaxy-eu	usegalaxy-eu-tools
2018-02-12 13:14:24	usegalaxy-eu	usegalaxy-eu-tools
2018-02-12 12:42:43	usegalaxy-eu	usegalaxy-eu-tools
2018-02-12 12:39:31	usegalaxy-eu	usegalaxy-eu-tools
2018-02-12 12:34:04	usegalaxy-eu	usegalaxy-eu-tools
2018-02-12 12:25:10	usegalaxy-eu	usegalaxy-eu-tools
2018-02-12 11:46:34	usegalaxy-eu	usegalaxy-eu-tools
2018-02-12 11:41:52	usegalaxy-eu	usegalaxy-eu-tools
2018-02-12 10:33:35	usegalaxy-eu	usegalaxy-eu-tools
2018-02-12 09:11:06	bgruening	galaxytools
2018-02-11 10:48:47	erasche	ie-builder
2018-02-08 21:31:49	martenson	public-galaxy-servers
2018-02-08 15:46:23	erasche	galaxy
2018-02-07 21:43:06	galaxyproject	galaxy
2018-02-04 07:38:54	usegalaxy-eu	vgcn
2018-02-04 07:38:46	usegalaxy-eu	vgcn
2018-02-04 07:17:10	usegalaxy-eu	vgcn-infrastructure
2018-02-02 12:36:03	bgruening	galaxytools
2018-02-02 10:06:06	erasche	Chado
2018-02-02 09:52:58	erasche	Chado
2018-02-02 09:44:02	erasche	chado-javatools
2018-02-02 09:17:24	usegalaxy-eu	statuspage
2018-02-02 09:16:12	usegalaxy-eu	statuspage
2018-02-02 09:14:45	usegalaxy-eu	statuspage
2018-02-02 09:14:32	usegalaxy-eu	statuspage
2018-02-02 09:14:30	usegalaxy-eu	statuspage
2018-02-02 09:14:25	usegalaxy-eu	statuspage
2018-02-02 09:14:24	usegalaxy-eu	statuspage
2018-02-01 15:31:21	galaxyproject	cargo-port
2018-01-24 23:21:46	erasche	jbrowse
2018-01-24 23:09:44	erasche	hello-world-interactive-environment
2018-01-24 22:58:51	erasche	jbrowse
2018-01-23 05:13:25	galaxyproject	tools-iuc
2018-01-23 04:54:06	galaxyproject	tools-iuc
2018-01-23 04:43:42	galaxyproject	tools-iuc
2018-01-23 02:58:27	galaxyproject	tools-iuc
2018-01-23 01:36:56	galaxyproject	tools-iuc
2018-01-23 01:36:21	galaxyproject	tools-iuc
2018-01-23 00:11:58	galaxyproject	tools-iuc
2018-01-23 00:11:46	galaxyproject	tools-iuc
2018-01-22 03:35:31	erasche	galaxy
2018-01-21 20:10:14	GMOD	jbrowse-registry
2018-01-12 03:00:34	galaxy-genome-annotation	python-apollo
2018-01-11 03:51:09	galaxy-iuc	command-engine
2018-01-11 03:49:42	galaxy-genome-annotation	python-apollo
2018-01-03 20:50:23	usegalaxy-eu	usegalaxy-eu-tools
2017-12-19 22:05:56	usegalaxy-eu	usegalaxy-eu-tools
2017-12-18 21:16:09	usegalaxy-eu	usegalaxy-eu-tools
2017-12-18 21:13:11	usegalaxy-eu	usegalaxy-eu-tools
2017-12-18 21:10:13	usegalaxy-eu	usegalaxy-eu-tools
2017-12-18 21:09:33	usegalaxy-eu	usegalaxy-eu-tools
2017-12-18 11:22:31	usegalaxy-eu	infrastructure-playbook
2017-12-15 09:51:10	usegalaxy-eu	usegalaxy-eu-tools
2017-12-15 09:50:58	usegalaxy-eu	usegalaxy-eu-tools
2017-12-14 00:17:39	erasche	miscellaneous
2017-12-13 22:48:12	erasche	miscellaneous
2017-12-13 22:47:49	erasche	miscellaneous
2017-12-13 20:47:42	erasche	miscellaneous
2017-12-13 20:46:49	erasche	miscellaneous
2017-12-13 20:45:03	erasche	miscellaneous
2017-12-13 20:44:29	erasche	miscellaneous
2017-12-12 13:14:37	usegalaxy-eu	infrastructure-playbook
2017-12-11 08:56:04	usegalaxy-eu	usegalaxy-eu-tools
2017-12-10 16:09:33	erasche	erasche.github.io
2017-12-08 08:50:51	galaxyproject	galaxy
2017-12-07 21:58:15	usegalaxy-eu	usegalaxy-eu-tools
2017-12-07 16:18:32	usegalaxy-eu	vgcn-infrastructure
2017-12-07 16:01:12	usegalaxy-eu	infrastructure-playbook
2017-12-07 11:54:59	usegalaxy-eu	infrastructure-playbook
2017-12-06 11:40:15	usegalaxy-eu	infrastructure-playbook
2017-12-04 14:01:31	usegalaxy-eu	infrastructure-playbook
2017-12-04 13:32:31	usegalaxy-eu	infrastructure-playbook
2017-12-03 22:34:00	erasche	erasche.github.io
2017-12-03 22:33:19	erasche	erasche.github.io
2017-12-03 15:23:20	erasche	erasche.github.io
2017-12-02 09:56:57	bgruening	galaxytools
2017-12-01 16:49:27	galaxyproject	training-material
2017-12-01 16:48:48	galaxyproject	training-material
2017-12-01 15:37:27	bgruening	galaxytools
2017-12-01 15:22:07	galaxyproject	training-material
2017-11-30 23:39:50	erasche	biotoolsDocs
2017-11-30 23:33:56	erasche	galaxy-apollo
2017-11-29 11:45:31	usegalaxy-eu	infrastructure-playbook
2017-11-29 11:22:58	usegalaxy-eu	infrastructure-playbook
2017-11-29 11:18:44	usegalaxy-eu	infrastructure-playbook
2017-11-28 17:00:25	usegalaxy-eu	infrastructure-playbook
2017-11-28 15:02:23	usegalaxy-eu	usegalaxy-eu-tools
2017-11-28 14:22:32	galaxyproject	galaxy
2017-11-27 19:41:31	usegalaxy-eu	usegalaxy-eu-tools
2017-11-27 09:00:55	usegalaxy-eu	vgcn
2017-11-26 21:24:56	usegalaxy-eu	usegalaxy-eu-tools
2017-11-25 13:39:45	erasche	remapper
2017-11-25 13:25:09	erasche	remapper
2017-11-25 13:14:23	erasche	remapper
2017-11-24 12:52:05	galaxyproject	galaxy
2017-11-24 08:08:09	usegalaxy-eu	usegalaxy-eu-tools
2017-11-24 08:04:49	usegalaxy-eu	usegalaxy-eu-tools
2017-11-23 16:42:09	usegalaxy-eu	infrastructure-playbook
2017-11-23 10:16:46	usegalaxy-eu	operations
2017-11-23 10:14:49	usegalaxy-eu	operations
2017-11-23 08:43:48	erasche	galaxy
2017-11-21 16:21:48	erasche	galaxy
2017-11-21 06:48:09	usegalaxy-eu	usegalaxy-eu-tools
2017-11-20 17:49:30	erasche	galaxy
2017-11-17 19:02:33	usegalaxy-eu	infrastructure-playbook
2017-11-17 16:49:47	usegalaxy-eu	infrastructure-playbook
2017-11-17 13:03:31	galaxy-genome-annotation	python-apollo
2017-11-17 10:37:34	usegalaxy-eu	vgcn-infrastructure
2017-11-17 09:43:18	bgruening	galaxytools
2017-11-17 09:37:06	bgruening	galaxytools
2017-11-17 09:22:20	bgruening	galaxytools
2017-11-17 08:50:37	galaxy-genome-annotation	python-apollo
2017-11-16 20:08:24	usegalaxy-eu	usegalaxy-eu-tools
2017-11-16 14:49:47	usegalaxy-eu	vgcn-infrastructure
2017-11-16 14:39:04	usegalaxy-eu	vgcn-infrastructure
2017-11-16 14:25:54	galaxyproject	tools-iuc
2017-11-15 21:24:20	usegalaxy-eu	usegalaxy-eu-tools
2017-11-14 21:38:57	usegalaxy-eu	vgcn-infrastructure
2017-11-14 21:37:42	usegalaxy-eu	vgcn-infrastructure
2017-11-14 21:31:15	usegalaxy-eu	vgcn-infrastructure
2017-11-14 17:39:45	usegalaxy-eu	usegalaxy-eu-tools
2017-11-14 17:25:15	usegalaxy-eu	usegalaxy-eu-tools
2017-11-14 10:28:09	martenson	public-galaxy-servers
2017-11-14 10:27:28	martenson	public-galaxy-servers
2017-11-14 09:36:36	martenson	public-galaxy-servers
2017-11-13 14:28:37	usegalaxy-eu	vgcn
2017-11-13 13:55:53	usegalaxy-eu	vgcn
2017-11-13 13:26:09	galaxyproject	cargo-port
2017-11-13 13:21:43	galaxyproject	cargo-port
2017-11-13 13:16:19	galaxyproject	cargo-port
2017-11-13 13:14:49	galaxyproject	cargo-port
2017-11-13 13:08:01	galaxyproject	cargo-port
2017-11-13 12:50:57	galaxyproject	cargo-port
2017-11-13 12:36:43	galaxyproject	cargo-port
2017-11-13 12:32:27	galaxyproject	cargo-port
2017-11-13 10:51:02	galaxyproject	cargo-port
2017-11-13 10:48:05	erasche	docker-recipes
2017-11-11 18:11:39	erasche	remapper
2017-11-11 12:51:35	usegalaxy-eu	usegalaxy-eu-tools
2017-11-11 12:48:47	usegalaxy-eu	usegalaxy-eu-tools
2017-11-10 20:18:23	usegalaxy-eu	usegalaxy-eu-tools
2017-11-10 16:06:00	galaxyproject	tools-iuc
2017-11-10 15:27:29	erasche	galaxy
2017-11-10 14:10:26	usegalaxy-eu	operations
2017-11-10 14:04:09	usegalaxy-eu	usegalaxy-eu-tools
2017-11-10 11:02:29	usegalaxy-eu	usegalaxy-eu-tools
2017-11-10 10:59:10	usegalaxy-eu	usegalaxy-eu-tools
2017-11-08 23:41:36	erasche	presentations
2017-11-07 14:23:00	usegalaxy-eu	usegalaxy-eu-tools
2017-11-07 13:34:29	erasche	galaxy
2017-11-07 13:32:33	erasche	galaxy
2017-11-07 09:21:50	erasche	presentations
2017-11-07 09:19:19	erasche	presentations
2017-11-07 09:15:20	erasche	presentations
2017-11-06 20:54:31	erasche	docker-galaxy-stable
2017-11-06 20:51:48	erasche	docker-galaxy-stable
2017-11-06 20:45:53	erasche	docker-galaxy-stable
2017-11-05 16:44:50	usegalaxy-eu	usegalaxy-eu-tools
2017-11-04 15:19:11	usegalaxy-eu	usegalaxy-eu-tools
2017-11-04 11:46:17	usegalaxy-eu	usegalaxy-eu-tools
2017-11-03 09:53:26	usegalaxy-eu	usegalaxy-eu-tools
2017-11-03 09:33:05	usegalaxy-eu	usegalaxy-eu-tools
2017-11-02 15:57:44	usegalaxy-eu	infrastructure-playbook
2017-11-01 22:07:53	usegalaxy-eu	usegalaxy-eu-tools
2017-10-25 12:00:15	erasche	erasche.github.io
2017-10-25 08:11:41	galaxyproject	tools-iuc
2017-10-25 08:03:53	usegalaxy-eu	usegalaxy-eu-tools
2017-10-25 08:03:30	usegalaxy-eu	usegalaxy-eu-tools
2017-10-25 08:01:26	galaxyproject	training-material
2017-10-25 07:45:44	galaxyproject	training-material
2017-10-24 16:23:06	galaxyproject	training-material
2017-10-24 15:06:52	galaxyproject	training-material
2017-10-23 13:36:57	erasche	bioconda-recipes
2017-10-23 13:11:01	galaxy-iuc	parsec
2017-10-23 12:34:46	usegalaxy-eu	infrastructure-playbook
2017-10-23 12:07:41	erasche	bioconda-recipes
2017-10-23 12:05:11	galaxyproject	tools-iuc
2017-10-23 11:42:39	usegalaxy-eu	vgcn
2017-10-22 16:47:32	TAMU-CPT	xunit-python-decorator
2017-10-21 22:48:16	erasche	erasche.github.io
2017-10-21 21:01:49	erasche	erasche.github.io
2017-10-21 11:21:11	martenson	public-galaxy-servers
2017-10-21 11:20:11	erasche	erasche.github.io
2017-10-21 10:44:33	erasche	erasche.github.io
2017-10-20 18:17:17	martenson	public-galaxy-servers
2017-10-20 18:09:19	martenson	public-galaxy-servers
2017-10-20 17:58:53	martenson	public-galaxy-servers
2017-10-20 16:20:33	usegalaxy-eu	infrastructure-playbook
2017-10-20 12:47:54	usegalaxy-eu	infrastructure-playbook
2017-10-20 12:43:03	usegalaxy-eu	infrastructure-playbook
2017-10-20 12:32:58	martenson	public-galaxy-servers
2017-10-20 12:26:45	martenson	public-galaxy-servers
2017-10-20 12:23:33	martenson	public-galaxy-servers
2017-10-20 12:17:54	martenson	public-galaxy-servers
2017-10-20 09:33:29	martenson	public-galaxy-servers
2017-10-19 20:06:41	usegalaxy-eu	operations
2017-10-19 20:05:02	usegalaxy-eu	operations
2017-10-19 15:55:08	usegalaxy-eu	infrastructure-playbook
2017-10-19 15:33:58	usegalaxy-eu	infrastructure-playbook
2017-10-19 11:04:42	usegalaxy-eu	infrastructure-playbook
2017-10-19 09:06:09	usegalaxy-eu	infrastructure-playbook
2017-10-18 11:00:47	usegalaxy-eu	infrastructure-playbook
2017-10-18 10:59:56	usegalaxy-eu	infrastructure-playbook
2017-10-18 10:12:10	usegalaxy-eu	vgcn-infrastructure
2017-10-18 10:10:40	usegalaxy-eu	vgcn-infrastructure
2017-10-17 16:40:01	usegalaxy-eu	vgcn
2017-10-17 14:25:49	usegalaxy-eu	vgcn
2017-10-15 21:30:08	erasche	erasche.github.io
2017-10-15 21:29:42	erasche	erasche.github.io
2017-10-15 21:14:44	erasche	erasche.github.io
2017-10-15 21:13:04	erasche	erasche.github.io
2017-10-15 21:11:03	erasche	erasche.github.io
2017-10-15 19:18:56	erasche	remapper
2017-10-15 19:17:21	erasche	remapper
2017-10-15 19:08:01	erasche	remapper
2017-10-15 18:52:50	erasche	remapper
2017-10-13 14:15:03	usegalaxy-eu	vgcn
2017-10-13 14:11:42	usegalaxy-eu	vgcn
2017-10-13 14:08:51	usegalaxy-eu	vgcn
2017-10-13 14:06:19	usegalaxy-eu	vgcn
2017-10-13 14:02:04	usegalaxy-eu	vgcn
2017-10-13 13:59:35	usegalaxy-eu	vgcn
2017-10-13 13:26:12	usegalaxy-eu	vgcn
2017-10-13 13:24:48	usegalaxy-eu	vgcn
2017-10-13 13:20:36	usegalaxy-eu	vgcn
2017-10-13 13:08:27	usegalaxy-eu	vgcn
2017-10-13 13:02:37	usegalaxy-eu	vgcn
2017-10-12 14:12:40	usegalaxy-eu	infrastructure-playbook
2017-10-12 13:55:33	usegalaxy-eu	infrastructure-playbook
2017-10-11 12:50:09	galaxyproject	cargo-port
2017-10-10 15:29:32	usegalaxy-eu	usegalaxy-eu-tools
2017-10-10 08:45:44	usegalaxy-eu	vgcn-infrastructure
2017-10-10 08:44:35	usegalaxy-eu	vgcn-infrastructure
2017-10-10 08:44:21	usegalaxy-eu	vgcn-infrastructure
2017-10-06 12:24:41	usegalaxy-eu	vgcn-infrastructure
2017-10-06 12:23:21	usegalaxy-eu	vgcn-infrastructure
2017-10-06 12:21:30	usegalaxy-eu	vgcn-infrastructure
2017-10-05 09:31:09	erasche	galaxy
2017-10-04 13:49:32	usegalaxy-eu	vgcn-infrastructure
2017-10-03 18:41:16	galaxyproject	galaxy
2017-10-03 18:13:17	usegalaxy-eu	usegalaxy-eu-tools
2017-10-03 18:10:27	usegalaxy-eu	usegalaxy-eu-tools
2017-10-03 18:10:10	martenson	public-galaxy-servers
2017-10-03 18:09:40	martenson	public-galaxy-servers
2017-10-03 18:09:02	erasche	public-galaxy-servers
2017-10-03 18:08:29	martenson	public-galaxy-servers
2017-10-03 18:08:23	martenson	public-galaxy-servers
2017-10-03 18:08:17	martenson	public-galaxy-servers
2017-10-03 11:23:08	usegalaxy-eu	vgcn-infrastructure
2017-10-02 12:31:49	usegalaxy-eu	operations
2017-09-29 15:11:52	usegalaxy-eu	usegalaxy-eu-tools
2017-09-29 15:08:59	usegalaxy-eu	usegalaxy-eu-tools
2017-09-29 15:02:27	galaxyproject	galaxy-hub
2017-09-29 14:29:06	usegalaxy-eu	vgcn-infrastructure
2017-09-29 13:57:34	usegalaxy-eu	vgcn-infrastructure
2017-09-29 13:56:27	usegalaxy-eu	vgcn-infrastructure
2017-09-29 13:49:26	usegalaxy-eu	vgcn-infrastructure
2017-09-29 13:48:16	usegalaxy-eu	vgcn-infrastructure
2017-09-29 13:40:17	usegalaxy-eu	vgcn-infrastructure
2017-09-29 13:24:42	usegalaxy-eu	vgcn-infrastructure
2017-09-29 12:47:03	usegalaxy-eu	usegalaxy-eu-tools
2017-09-29 12:43:38	usegalaxy-eu	usegalaxy-eu-tools
2017-09-29 12:39:47	usegalaxy-eu	usegalaxy-eu-tools
2017-09-29 12:38:30	usegalaxy-eu	usegalaxy-eu-tools
2017-09-29 12:36:32	usegalaxy-eu	usegalaxy-eu-tools
2017-09-29 12:05:00	usegalaxy-eu	usegalaxy-eu-tools
2017-09-29 11:56:25	usegalaxy-eu	usegalaxy-eu-tools
2017-09-29 11:47:54	usegalaxy-eu	usegalaxy-eu-tools
2017-09-29 11:24:57	usegalaxy-eu	usegalaxy-eu-tools
2017-09-29 11:20:21	usegalaxy-eu	usegalaxy-eu-tools
2017-09-29 11:19:21	usegalaxy-eu	usegalaxy-eu-tools
2017-09-29 11:14:47	usegalaxy-eu	usegalaxy-eu-tools
2017-09-29 11:08:34	usegalaxy-eu	usegalaxy-eu-tools
2017-09-29 11:01:20	galaxyproject	galaxy-hub
2017-09-29 09:01:20	usegalaxy-eu	usegalaxy-eu-tools
2017-09-29 09:00:26	usegalaxy-eu	usegalaxy-eu-tools
2017-09-29 08:36:48	usegalaxy-eu	operations
2017-09-29 07:15:08	galaxyproject	galaxy
2017-09-28 16:45:26	erasche	public-galaxy-servers
2017-09-28 16:42:37	erasche	public-galaxy-servers
2017-09-28 16:39:45	erasche	public-galaxy-servers
2017-09-28 15:18:17	erasche	public-galaxy-servers
2017-09-28 15:11:36	usegalaxy-eu	vgcn-infrastructure
2017-09-28 14:58:21	erasche	public-galaxy-servers
2017-09-28 14:09:32	usegalaxy-eu	vgcn-infrastructure
2017-09-28 14:08:16	usegalaxy-eu	vgcn-infrastructure
2017-09-28 13:38:50	usegalaxy-eu	vgcn-infrastructure
2017-09-28 13:37:57	usegalaxy-eu	vgcn-infrastructure
2017-09-28 13:37:04	usegalaxy-eu	vgcn-infrastructure
2017-09-28 13:30:39	usegalaxy-eu	vgcn-infrastructure
2017-09-28 13:28:37	usegalaxy-eu	vgcn-infrastructure
2017-09-28 13:21:51	usegalaxy-eu	vgcn-infrastructure
2017-09-28 13:19:08	usegalaxy-eu	vgcn-infrastructure
2017-09-28 13:14:28	usegalaxy-eu	vgcn-infrastructure
2017-09-28 13:12:47	usegalaxy-eu	vgcn-infrastructure
2017-09-28 12:59:18	usegalaxy-eu	vgcn-infrastructure
2017-09-28 12:31:52	usegalaxy-eu	vgcn-infrastructure
2017-09-28 12:27:05	erasche	galaxy
2017-09-28 09:52:10	erasche	galaxy
2017-09-28 08:11:06	erasche	galaxy
2017-09-28 08:09:04	erasche	galaxy
2017-09-28 08:06:10	erasche	galaxy
2017-09-27 21:24:42	galaxyproject	galaxy-hub
2017-09-27 21:23:49	galaxyproject	galaxy-hub
2017-09-27 20:40:11	erasche	public-galaxy-servers
2017-09-27 20:27:33	erasche	public-galaxy-servers
2017-09-27 16:50:18	usegalaxy-eu	vgcn-infrastructure
2017-09-27 16:44:39	usegalaxy-eu	vgcn-infrastructure
2017-09-27 16:40:02	usegalaxy-eu	vgcn-infrastructure
2017-09-27 16:35:45	usegalaxy-eu	vgcn-infrastructure
2017-09-27 16:28:24	usegalaxy-eu	vgcn-infrastructure
2017-09-27 16:27:02	usegalaxy-eu	vgcn-infrastructure
2017-09-27 16:26:19	usegalaxy-eu	vgcn-infrastructure
2017-09-27 16:25:38	usegalaxy-eu	vgcn-infrastructure
2017-09-27 16:21:55	usegalaxy-eu	vgcn-infrastructure
2017-09-27 16:15:44	usegalaxy-eu	vgcn-infrastructure
2017-09-27 16:14:13	usegalaxy-eu	vgcn-infrastructure
2017-09-27 16:08:48	usegalaxy-eu	vgcn-infrastructure
2017-09-27 13:43:50	usegalaxy-eu	vgcn
2017-09-27 09:03:02	usegalaxy-eu	usegalaxy-eu-tools
2017-09-27 09:02:54	usegalaxy-eu	usegalaxy-eu-tools
2017-09-27 09:00:38	usegalaxy-eu	usegalaxy-eu-tools
2017-09-26 17:34:39	usegalaxy-eu	operations
2017-09-26 13:10:30	erasche	galactic-radio-telescope
2017-09-26 12:45:17	erasche	galactic-radio-telescope
2017-09-26 08:54:27	erasche	galaxy
2017-09-26 08:49:28	erasche	galactic-radio-telescope
2017-09-26 08:48:31	erasche	galactic-radio-telescope
2017-09-26 08:36:15	galaxyproject	tools-iuc
2017-09-26 08:22:19	galaxyproject	tools-iuc
2017-09-25 15:32:11	erasche	galaxy
2017-09-25 13:20:04	usegalaxy-eu	vgcn
2017-09-25 13:18:08	usegalaxy-eu	vgcn
2017-09-25 09:40:07	erasche	galaxy
2017-09-25 09:11:23	galaxyproject	galaxy
2017-09-25 08:43:07	erasche	Apollo
2017-09-25 08:07:08	usegalaxy-eu	operations
2017-09-25 05:41:50	erasche	remapper
2017-09-24 21:51:58	erasche	remapper
2017-09-24 20:21:31	erasche	remapper
2017-09-23 18:43:11	erasche	remapper
2017-09-23 18:41:32	erasche	erasche.github.io
2017-09-23 18:34:06	erasche	erasche.github.io
2017-09-23 16:43:21	erasche	erasche.github.io
2017-09-21 14:14:44	erasche	jbrowse-chat
2017-09-21 14:13:38	erasche	jbrowse-chat
2017-09-21 14:10:21	erasche	jbrowse-chat
2017-09-21 14:09:40	erasche	jbrowse-chat
2017-09-21 13:33:13	galaxy-genome-annotation	python-apollo
2017-09-21 13:32:05	galaxy-genome-annotation	python-apollo
2017-09-21 13:23:46	galaxy-genome-annotation	python-apollo
2017-09-21 12:00:53	galaxy-iuc	command-engine
2017-09-21 11:34:24	usegalaxy-eu	vgcn
2017-09-21 07:40:01	usegalaxy-eu	vgcn
2017-09-20 15:26:16	usegalaxy-eu	vgcn
2017-09-19 14:17:48	usegalaxy-eu	vgcn
2017-09-18 18:08:57	usegalaxy-eu	vgcn
2017-09-18 18:05:48	usegalaxy-eu	vgcn
2017-09-18 18:02:08	usegalaxy-eu	vgcn
2017-09-18 17:39:11	usegalaxy-eu	vgcn
2017-09-18 16:44:42	usegalaxy-eu	vgcn
2017-09-18 16:44:29	usegalaxy-eu	vgcn
2017-09-18 16:29:34	usegalaxy-eu	vgcn
2017-09-18 15:53:04	usegalaxy-eu	vgcn
2017-09-18 15:02:19	usegalaxy-eu	vgcn
2017-09-18 13:39:10	usegalaxy-eu	infrastructure-playbook
2017-09-18 13:14:23	usegalaxy-eu	operations
2017-09-18 13:14:09	usegalaxy-eu	operations
2017-09-18 11:16:12	erasche	galaxy
2017-09-18 09:51:32	bgruening	galaxy
2017-09-18 09:34:07	erasche	galaxy
2017-09-18 08:36:29	erasche	galaxy
2017-09-17 22:29:35	erasche	remapper
2017-09-16 22:09:02	erasche	remapper
2017-09-16 09:29:25	erasche	remapper
2017-09-16 08:52:15	erasche	remapper
2017-09-16 08:45:42	erasche	remapper
2017-09-15 23:29:31	galaxyproject	galaxy
2017-09-15 23:07:20	erasche	remapper
2017-09-15 23:05:34	erasche	remapper
2017-09-15 12:17:49	galaxyproject	galaxy
2017-09-15 08:57:02	galaxyproject	galaxy
2017-09-14 15:54:37	erasche	galaxy
2017-09-14 15:54:29	erasche	galaxy
2017-09-14 09:45:33	erasche	fakeCAS
2017-09-14 09:41:03	erasche	fakeCAS
2017-09-14 09:23:13	erasche	galaxy
2017-09-14 08:39:44	galaxyproject	galaxy
2017-09-14 08:39:28	galaxyproject	galaxy
2017-09-13 16:32:59	usegalaxy-eu	operations
2017-09-13 16:10:16	galaxyproject	tools-iuc
2017-09-13 15:07:45	usegalaxy-eu	infrastructure-playbook
2017-09-13 15:03:38	usegalaxy-eu	infrastructure-playbook
2017-09-13 15:00:07	usegalaxy-eu	infrastructure-playbook
2017-09-13 14:59:00	usegalaxy-eu	infrastructure-playbook
2017-09-13 14:57:15	usegalaxy-eu	infrastructure-playbook
2017-09-13 14:55:47	usegalaxy-eu	infrastructure-playbook
2017-09-13 14:44:56	usegalaxy-eu	infrastructure-playbook
2017-09-13 14:40:23	usegalaxy-eu	infrastructure-playbook
2017-09-13 14:33:37	usegalaxy-eu	infrastructure-playbook
2017-09-13 14:02:54	usegalaxy-eu	infrastructure-playbook
2017-09-13 13:54:49	usegalaxy-eu	infrastructure-playbook
2017-09-13 13:47:23	usegalaxy-eu	infrastructure-playbook
2017-09-13 12:40:01	galaxyproject	galaxy
2017-09-13 09:57:58	erasche	galaxy
2017-09-13 08:05:13	erasche	galaxy
2017-09-13 07:53:47	erasche	galaxy
2017-09-12 16:09:03	erasche	public-galaxy-servers
2017-09-12 16:06:46	erasche	public-galaxy-servers
2017-09-12 14:11:49	erasche	public-galaxy-servers
2017-09-12 13:13:55	erasche	public-galaxy-servers
2017-09-12 13:10:35	galaxy-iuc	parsec
2017-09-12 13:09:14	galaxy-iuc	parsec
2017-09-11 09:44:20	erasche	erasche.github.io
2017-09-11 09:39:24	galaxy-iuc	parsec
2017-09-11 09:32:32	galaxy-iuc	parsec
2017-09-11 09:29:42	galaxy-iuc	parsec
2017-09-10 21:18:23	erasche	remapper
2017-09-10 20:11:00	erasche	remapper
2017-09-10 20:01:09	erasche	remapper
2017-09-10 19:54:39	erasche	redeclipse-maps
2017-09-08 20:41:24	erasche	redeclipse-maps
2017-09-08 12:18:29	galaxyproject	galaxy
2017-09-08 10:56:30	erasche	galaxy
2017-09-08 10:53:13	erasche	HiCBrowser
2017-09-07 21:56:05	erasche	redeclipse-maps
2017-09-07 15:43:13	galaxy-genome-annotation	galaxy-tools
2017-09-07 15:09:34	galaxyproject	galaxy
2017-09-07 14:35:00	erasche	galaxy
2017-09-07 09:07:39	usegalaxy-eu	usegalaxy-eu-tools
2017-09-07 09:06:28	usegalaxy-eu	usegalaxy-eu-tools
2017-09-07 09:04:58	usegalaxy-eu	usegalaxy-eu-tools
2017-09-07 09:00:53	usegalaxy-eu	usegalaxy-eu-tools
2017-09-07 08:53:36	usegalaxy-eu	usegalaxy-eu-tools
2017-09-07 08:51:21	usegalaxy-eu	usegalaxy-eu-tools
2017-09-07 08:50:14	usegalaxy-eu	usegalaxy-eu-tools
2017-09-06 14:09:53	usegalaxy-eu	infrastructure-playbook
2017-09-06 08:31:33	erasche	dotfiles
2017-09-03 09:03:11	erasche	dotfiles
2017-09-01 07:42:04	erasche	erasche.github.io
2017-09-01 07:29:09	erasche	erasche.github.io
2017-08-31 14:20:46	erasche	galaxy
2017-08-31 09:27:42	erasche	dotfiles
2017-08-30 06:13:25	usegalaxy-eu	usegalaxy-eu-tools
2017-08-28 12:55:05	usegalaxy-eu	operations
2017-08-28 11:46:09	erasche	galaxy
2017-08-28 08:53:52	galaxyproject	galaxy
2017-08-28 08:53:27	galaxyproject	galaxy
2017-08-28 08:53:10	galaxyproject	galaxy
2017-08-28 08:45:26	erasche	galaxy
2017-08-28 07:38:21	usegalaxy-eu	usegalaxy-eu-tools
2017-08-25 16:46:02	galaxyproject	galaxy
2017-08-25 16:43:25	erasche	galaxy
2017-08-25 16:42:22	galaxyproject	galaxy
2017-08-25 16:40:45	erasche	galaxy
2017-08-25 16:28:36	erasche	galaxy
2017-08-25 14:42:58	usegalaxy-eu	usegalaxy-eu-tools
2017-08-25 14:35:42	usegalaxy-eu	usegalaxy-eu-tools
2017-08-25 11:27:32	GMOD	jbrowse-registry
2017-08-25 11:09:44	GMOD	jbrowse-registry
2017-08-25 08:31:09	erasche	galaxy
2017-08-24 14:15:30	usegalaxy-eu	usegalaxy-eu-tools
2017-08-24 14:14:54	usegalaxy-eu	usegalaxy-eu-tools
2017-08-24 14:11:03	usegalaxy-eu	usegalaxy-eu-tools
2017-08-24 14:09:37	usegalaxy-eu	usegalaxy-eu-tools
2017-08-24 14:02:14	usegalaxy-eu	usegalaxy-eu-tools
2017-08-24 14:00:58	usegalaxy-eu	usegalaxy-eu-tools
2017-08-24 13:56:51	usegalaxy-eu	usegalaxy-eu-tools
2017-08-24 13:48:27	usegalaxy-eu	usegalaxy-eu-tools
2017-08-24 13:47:59	usegalaxy-eu	usegalaxy-eu-tools
2017-08-24 13:47:08	usegalaxy-eu	usegalaxy-eu-tools
2017-08-24 13:46:10	usegalaxy-eu	usegalaxy-eu-tools
2017-08-24 13:45:03	usegalaxy-eu	usegalaxy-eu-tools
2017-08-24 13:44:44	usegalaxy-eu	usegalaxy-eu-tools
2017-08-24 13:43:58	usegalaxy-eu	usegalaxy-eu-tools
2017-08-24 13:43:29	usegalaxy-eu	usegalaxy-eu-tools
2017-08-24 13:38:49	usegalaxy-eu	usegalaxy-eu-tools
2017-08-24 13:10:13	BackofenLab	galaxy-freiburg-tools
2017-08-24 13:08:44	BackofenLab	galaxy-freiburg-tools
2017-08-24 13:08:19	BackofenLab	galaxy-freiburg-tools
2017-08-24 13:07:43	BackofenLab	galaxy-freiburg-tools
2017-08-24 13:04:05	BackofenLab	galaxy-freiburg-tools
2017-08-24 12:44:34	bgruening	galaxy-freiburg-tools
2017-08-24 12:43:49	bgruening	galaxy-freiburg-tools
2017-08-24 12:42:59	bgruening	galaxy-freiburg-tools
2017-08-24 08:42:53	bgruening	galaxy-freiburg-tools
2017-08-24 08:40:36	bgruening	galaxy-freiburg-tools
2017-08-24 08:34:43	bgruening	galaxy-freiburg-tools
2017-08-24 08:34:34	bgruening	galaxy-freiburg-tools
2017-08-23 20:06:28	bgruening	galaxy-freiburg-tools
2017-08-23 18:36:28	galaxyproject	galaxy
2017-08-23 17:01:53	bgruening	galaxy-freiburg-tools
2017-08-23 16:34:14	bgruening	galaxy-freiburg-tools
2017-08-23 15:44:23	erasche	infrastructure-playbook
2017-08-23 12:19:15	erasche	infrastructure-playbook
2017-08-23 10:01:07	erasche	infrastructure-playbook
2017-08-23 10:00:58	erasche	infrastructure-playbook
2017-08-22 17:20:08	erasche	infrastructure-playbook
2017-08-22 17:18:42	erasche	infrastructure-playbook
2017-08-22 17:14:03	erasche	infrastructure-playbook
2017-08-22 16:06:40	erasche	infrastructure-playbook
2017-08-22 15:39:56	erasche	infrastructure-playbook
2017-08-22 15:39:08	erasche	infrastructure-playbook
2017-08-22 15:37:01	erasche	infrastructure-playbook
2017-08-22 14:28:13	erasche	infrastructure-playbook
2017-08-22 14:09:10	erasche	infrastructure-playbook
2017-08-22 13:54:31	erasche	infrastructure-playbook
2017-08-22 13:49:19	erasche	infrastructure-playbook
2017-08-22 13:47:01	erasche	infrastructure-playbook
2017-08-22 13:37:26	erasche	infrastructure-playbook
2017-08-22 13:35:08	erasche	infrastructure-playbook
2017-08-22 11:45:01	erasche	infrastructure-playbook
2017-08-22 09:58:22	erasche	infrastructure-playbook
2017-08-22 09:29:32	erasche	infrastructure-playbook
2017-08-22 09:17:59	erasche	infrastructure-playbook
2017-08-22 09:17:07	erasche	infrastructure-playbook
2017-08-22 09:05:49	erasche	infrastructure-playbook
2017-08-22 09:04:23	erasche	infrastructure-playbook
2017-08-22 09:03:51	erasche	infrastructure-playbook
2017-08-22 08:51:24	erasche	infrastructure-playbook
2017-08-21 13:20:47	erasche	galaxy
2017-08-21 13:10:49	erasche	galaxy
2017-08-21 12:19:07	erasche	galaxy
2017-08-21 12:11:34	erasche	galaxy
2017-08-21 11:33:00	erasche	galaxy
2017-08-21 11:21:05	erasche	galaxy
2017-08-21 10:20:23	erasche	galaxy
2017-08-21 10:05:34	erasche	galaxy
2017-08-18 12:28:43	erasche	galaxy
2017-08-18 11:48:31	galaxyproject	galaxy
2017-08-18 09:40:43	erasche	galaxy
2017-08-18 09:24:51	erasche	galactic-radio-telescope
2017-08-18 09:13:07	erasche	galactic-radio-telescope
2017-08-16 17:44:36	galaxy-genome-annotation	galaxy-tools
2017-08-15 15:57:27	erasche	galaxy_tools-1
2017-08-15 15:35:57	galaxyproject	tools-iuc
2017-08-15 14:02:24	erasche	galactic-radio-telescope
2017-08-15 10:22:14	erasche	galactic-radio-telescope
2017-08-15 10:19:23	erasche	galactic-radio-telescope
2017-08-15 09:38:57	erasche	galactic-radio-telescope
2017-08-15 09:37:39	erasche	galactic-radio-telescope
2017-08-15 09:05:15	erasche	galactic-radio-telescope
2017-08-14 20:27:48	galaxyproject	galaxy-hub
2017-08-14 15:47:51	erasche	galactic-radio-telescope
2017-08-14 15:20:34	erasche	galactic-radio-telescope
2017-08-14 14:02:04	TAMU-CPT	docker-postgres-backup
2017-08-14 14:01:48	TAMU-CPT	docker-postgres-backup
2017-08-14 13:36:26	erasche	docker-django
2017-08-14 13:36:12	erasche	docker-django
2017-08-14 13:35:18	erasche	docker-django
2017-08-14 13:20:56	erasche	galactic-radio-telescope
2017-08-14 12:42:54	TAMU-CPT	docker-postgres-backup
2017-08-14 12:42:48	TAMU-CPT	docker-postgres-backup
2017-08-14 12:23:37	erasche	galactic-radio-telescope
2017-08-14 09:56:02	erasche	galactic-radio-telescope
2017-08-14 09:52:06	erasche	galactic-radio-telescope
2017-08-14 09:45:17	erasche	galactic-radio-telescope
2017-08-14 09:37:21	erasche	galactic-radio-telescope
2017-08-14 09:18:13	erasche	galactic-radio-telescope
2017-08-11 17:20:09	erasche	galactic-radio-telescope
2017-08-11 17:16:11	TAMU-CPT	docker-postgres-backup
2017-08-11 17:16:07	TAMU-CPT	docker-postgres-backup
2017-08-11 16:59:11	erasche	galactic-radio-telescope
2017-08-11 13:36:54	bgruening	galaxytools
2017-08-11 13:28:49	bgruening	galaxytools
2017-08-11 13:23:57	bgruening	galaxytools
2017-08-11 13:21:08	bgruening	galaxytools
2017-08-11 13:16:02	bgruening	galaxytools
2017-08-11 13:14:22	bgruening	galaxytools
2017-08-11 13:10:19	bgruening	galaxytools
2017-08-11 13:08:54	bgruening	galaxytools
2017-08-11 13:06:10	erasche	vcflib-tools
2017-08-11 10:04:08	erasche	proteomics-datatypes
2017-08-10 16:36:57	erasche	galactic-radio-telescope
2017-08-10 16:11:44	erasche	galactic-radio-telescope
2017-08-10 15:55:55	erasche	galaxy
2017-08-10 15:51:59	erasche	galaxy
2017-08-10 15:49:30	erasche	galaxy
2017-08-10 12:02:23	erasche	galaxy
2017-08-10 12:01:44	erasche	galaxy
2017-08-10 12:00:47	erasche	galaxy
2017-08-10 11:51:46	erasche	galaxy
2017-08-10 11:48:57	erasche	galaxy
2017-08-10 11:43:35	erasche	galaxy
2017-08-10 11:35:07	erasche	galactic-radio-telescope
2017-08-10 11:21:37	erasche	galactic-radio-telescope
2017-08-10 11:17:52	erasche	galactic-radio-telescope
2017-08-10 11:15:04	erasche	galactic-radio-telescope
2017-08-10 11:13:18	erasche	galactic-radio-telescope
2017-08-10 10:25:54	erasche	galaxy
2017-08-10 10:22:12	galaxyproject	tools-iuc
2017-08-09 17:26:13	bgruening	galaxy-freiburg-tools
2017-08-08 17:54:10	erasche	freiburg-galaxy-bot
2017-08-08 17:04:34	erasche	freiburg-galaxy-bot
2017-08-08 17:02:35	erasche	galaxy
2017-08-08 16:55:48	erasche	galaxy
2017-08-08 16:42:28	galaxyproject	galaxy
2017-08-08 15:55:27	erasche	galaxy
2017-08-08 15:44:21	erasche	freiburg-galaxy-bot
2017-08-08 15:43:59	erasche	freiburg-galaxy-bot
2017-08-07 14:46:13	erasche	galaxy
2017-08-07 14:42:47	erasche	galaxy
2017-08-07 14:34:47	erasche	galaxy
2017-08-07 14:10:26	erasche	galaxy
2017-08-07 14:05:09	erasche	galaxy
2017-08-07 13:59:56	erasche	galaxy
2017-08-07 10:09:48	galaxyproject	tools-iuc
2017-08-07 09:46:30	erasche	galaxy
2017-08-07 09:42:53	galaxyproject	tools-iuc
2017-08-07 09:17:18	galaxyproject	tools-iuc
2017-08-07 09:15:36	galaxyproject	tools-iuc
2017-08-07 09:05:49	galaxyproject	tools-iuc
2017-08-07 08:52:44	erasche	galaxy
2017-08-07 08:50:54	erasche	galaxy
2017-08-05 06:28:06	galaxyproject	galaxy
2017-08-04 15:18:11	erasche	galaxy
2017-08-04 15:02:41	erasche	galaxy
2017-08-04 15:00:57	erasche	galaxy
2017-08-04 14:04:00	erasche	galaxy
2017-08-04 13:53:50	erasche	galactic-radio-telescope
2017-08-04 12:57:26	erasche	galactic-radio-telescope
2017-08-04 12:56:02	erasche	galactic-radio-telescope
2017-08-04 11:45:05	erasche	galaxy
2017-08-04 11:39:54	erasche	galactic-radio-telescope
2017-08-04 11:38:54	erasche	galactic-radio-telescope
2017-08-04 11:07:26	erasche	galaxy
2017-08-04 11:05:54	erasche	galaxy
2017-08-04 08:06:19	GMOD	jbrowse-registry
2017-08-03 08:36:17	galaxyproject	galaxy
2017-08-02 20:52:44	erasche	public-galaxy-servers
2017-08-02 19:19:17	erasche	public-galaxy-servers
2017-08-02 17:24:24	erasche	galactic-radio-telescope
2017-08-02 16:12:48	erasche	galaxy
2017-08-02 11:30:50	erasche	argparse2tool
2017-08-02 11:27:34	hmenager	argparse2tool
2017-08-02 11:27:21	erasche	argparse2tool
2017-08-01 13:52:40	erasche	galactic-radio-telescope
2017-08-01 13:41:16	erasche	galactic-radio-telescope
2017-08-01 13:40:39	erasche	galaxy
2017-08-01 13:38:53	erasche	galaxy
2017-08-01 13:35:53	erasche	galaxy
2017-08-01 12:40:46	erasche	galaxy
2017-07-31 09:10:49	erasche	dotfiles
2017-07-28 20:57:29	galaxyproject	galaxy
2017-07-27 19:44:18	erasche	galaxy
2017-07-27 19:31:22	galaxyproject	galaxy
2017-07-27 13:20:50	erasche	horizon
2017-07-27 13:19:25	erasche	horizon
2017-07-27 13:18:46	erasche	horizon
2017-07-27 13:16:32	erasche	horizon
2017-07-27 13:16:01	erasche	horizon
2017-07-27 09:41:39	erasche	galaxyxml
2017-07-27 09:17:33	erasche	galaxyxml
2017-07-25 19:21:41	galaxy-genome-annotation	python-apollo
2017-07-25 19:13:33	galaxy-genome-annotation	python-apollo
2017-07-25 19:09:24	galaxy-genome-annotation	python-apollo
2017-07-24 18:25:35	galaxy-genome-annotation	python-apollo
2017-07-24 18:22:08	galaxy-genome-annotation	python-apollo
2017-07-21 15:59:35	erasche	galaxy
2017-07-16 18:42:46	erasche	jbrowse-chat
2017-07-15 18:20:41	erasche	jbrowse-chat-server
2017-07-15 18:20:24	erasche	jbrowse-chat
2017-07-14 16:25:49	erasche	jbrowse-chat
2017-07-14 16:21:51	erasche	jbrowse-chat
2017-07-14 16:21:23	erasche	jbrowse-chat
2017-07-14 16:15:44	erasche	jbrowse-chat
2017-07-14 15:01:37	erasche	jbrowse-chat
2017-07-14 06:57:24	erasche	jbrowse-chat-server
2017-07-14 06:55:32	erasche	jbrowse-chat
2017-07-14 06:53:25	erasche	jbrowse-chat-server
2017-07-14 06:52:01	erasche	jbrowse-chat-server
2017-07-14 06:47:01	erasche	jbrowse-chat
2017-07-14 06:46:47	erasche	jbrowse-chat
2017-07-13 17:26:29	galaxy-iuc	command-engine
2017-07-13 16:47:09	erasche	docker-galaxy-annotation
2017-07-12 17:04:41	erasche	galaxy
2017-07-12 16:18:50	erasche	galaxy
2017-07-12 07:07:47	erasche	galaxy
2017-07-12 03:34:09	erasche	galaxy
2017-07-11 06:04:23	galaxy-ctf	writeups
2017-07-11 04:10:49	galaxy-ctf	ctf-image
2017-07-11 04:08:09	galaxy-ctf	ctf-image
2017-07-11 04:06:23	TAMU-CPT	galaxy-tools
2017-07-11 03:34:43	TAMU-CPT	galaxy-tools
2017-07-11 03:07:44	galaxy-ctf	ctf-image
2017-07-09 19:58:17	erasche	galaxy
2017-07-08 03:53:38	GMOD	docker-apollo
2017-07-08 03:35:33	GMOD	docker-apollo
2017-07-08 03:30:25	GMOD	docker-apollo
2017-07-07 18:46:19	erasche	docker-apollo
2017-07-07 07:11:26	erasche	galaxy
2017-07-06 23:27:10	TAMU-CPT	galaxy-tools
2017-07-06 14:37:22	galaxyproject	starforge
2017-07-05 20:36:50	TAMU-CPT	galaxy-tools
2017-07-05 20:22:44	TAMU-CPT	galaxy-tools
2017-07-05 19:32:26	TAMU-CPT	galaxy-tools
2017-07-05 19:21:39	TAMU-CPT	galaxy-tools
2017-07-05 19:13:01	TAMU-CPT	galaxy-tools
2017-07-05 19:06:26	TAMU-CPT	galaxy-tools
2017-07-05 17:59:57	galaxyproject	cargo-port
2017-07-04 22:14:36	galaxyproject	tools-iuc
2017-07-04 01:12:16	galaxyproject	tools-iuc
2017-07-04 01:05:55	erasche	galaxy
2017-07-04 01:04:05	erasche	galaxy
2017-07-04 01:03:12	erasche	galaxy
2017-07-04 01:01:00	erasche	galaxy
2017-07-04 00:55:49	erasche	galaxy
2017-07-02 06:43:37	erasche	galaxy
2017-07-02 06:00:46	erasche	galaxy
2017-07-02 05:51:30	erasche	galaxy
2017-07-02 04:46:23	galaxyproject	tools-iuc
2017-07-01 21:35:25	galaxyproject	tools-iuc
2017-06-30 12:25:02	galaxy-genome-annotation	docker-galaxy-genome-annotation
2017-06-30 12:06:21	erasche	presentations
2017-06-30 10:47:37	erasche	presentations
2017-06-30 10:23:39	galaxy-genome-annotation	galaxy-circos-tool
2017-06-30 08:17:54	erasche	presentations
2017-06-30 08:11:29	TAMU-CPT	LaTeX-styles
2017-06-30 07:48:32	TAMU-CPT	LaTeX-styles
2017-06-30 04:38:44	galaxy-ctf	milky-way
2017-06-29 15:39:25	erasche	docker-apollo
2017-06-29 15:38:34	erasche	docker-apollo
2017-06-29 15:37:51	erasche	docker-apollo
2017-06-29 15:36:38	erasche	docker-apollo
2017-06-29 15:19:25	erasche	presentations
2017-06-29 14:37:17	galaxy-genome-annotation	docker-galaxy-genome-annotation
2017-06-29 14:36:29	galaxy-genome-annotation	docker-galaxy-genome-annotation
2017-06-29 14:35:28	galaxy-genome-annotation	docker-galaxy-genome-annotation
2017-06-29 07:01:12	erasche	presentations
2017-06-29 06:59:58	erasche	presentations
2017-06-29 05:31:58	erasche	presentations
2017-06-29 05:19:13	erasche	docker-apollo
2017-06-29 05:12:40	erasche	docker-apollo
2017-06-29 05:09:09	erasche	presentations
2017-06-29 04:18:18	erasche	docker-apollo
2017-06-28 21:18:26	erasche	docker-apollo
2017-06-28 17:51:51	erasche	docker-apollo
2017-06-28 16:58:31	galaxy-iuc	standards
2017-06-28 14:33:34	erasche	docker-apollo
2017-06-28 14:22:22	erasche	docker-apollo
2017-06-28 14:19:00	erasche	docker-apollo
2017-06-28 12:13:24	galaxy-ctf	milky-way
2017-06-28 08:40:57	galaxy-ctf	rancher-catalog
2017-06-28 08:27:45	galaxy-ctf	milky-way
2017-06-27 13:43:26	galaxy-ctf	milky-way
2017-06-27 13:33:55	galaxy-ctf	milky-way
2017-06-27 13:08:11	galaxy-ctf	milky-way
2017-06-27 12:38:43	galaxy-ctf	milky-way
2017-06-27 12:09:32	galaxy-ctf	milky-way
2017-06-27 11:43:26	galaxy-iuc	parsec
2017-06-27 10:40:19	galaxyproject	tools-iuc
2017-06-27 09:46:32	galaxyproject	tools-iuc
2017-06-27 09:45:40	galaxyproject	tools-iuc
2017-06-27 09:08:20	galaxyproject	tools-iuc
2017-06-27 08:29:39	galaxy-ctf	milky-way
2017-06-27 08:27:02	TAMU-CPT	galaxy-tools
2017-06-27 08:25:36	galaxy-genome-annotation	galaxy-tools
2017-06-27 08:13:04	galaxy-genome-annotation	galaxy-tools
2017-06-27 07:47:48	galaxy-iuc	parsec
2017-06-27 07:47:42	galaxy-iuc	command-engine
2017-06-27 07:34:09	galaxy-iuc	command-engine
2017-06-26 23:03:00	galaxy-genome-annotation	galaxy-tools
2017-06-26 22:30:21	erasche	galaxy-data_source-examples
2017-06-26 17:46:28	TAMU-CPT	galaxy-tools
2017-06-24 14:56:42	erasche	presentations
2017-06-23 18:27:36	TAMU-CPT	galaxy-tools
2017-06-23 18:25:45	TAMU-CPT	galaxy-tools
2017-06-23 18:13:00	TAMU-CPT	galaxy-tools
2017-06-23 17:44:07	galaxyproject	tools-iuc
2017-06-23 17:27:56	galaxyproject	tools-iuc
2017-06-23 17:20:52	galaxy-genome-annotation	docker-galaxy-genome-annotation
2017-06-23 17:18:21	galaxyproject	tools-iuc
2017-06-23 02:11:17	erasche	dotfiles
2017-06-23 02:07:13	erasche	dotfiles
2017-06-23 01:16:46	galaxyproject	tools-iuc
2017-06-23 01:15:13	galaxyproject	tools-iuc
2017-06-23 00:58:23	galaxyproject	tools-iuc
2017-06-23 00:53:04	galaxyproject	galaxy-hub
2017-06-22 22:21:47	galaxyproject	tools-iuc
2017-06-22 21:55:47	erasche	presentations
2017-06-22 21:41:13	TAMU-CPT	galaxy-tools
2017-06-22 21:38:09	galaxyproject	tools-iuc
2017-06-22 21:13:01	galaxy-genome-annotation	galaxy-tools
2017-06-22 21:10:50	TAMU-CPT	galaxy-tools
2017-06-22 20:57:28	TAMU-CPT	galaxy-tools
2017-06-22 20:44:43	TAMU-CPT	galaxy-tools
2017-06-22 19:10:28	erasche	dotfiles
2017-06-22 16:14:49	erasche	presentations
2017-06-22 04:08:31	erasche	training-material
2017-06-21 20:33:26	erasche	presentations
2017-06-21 20:33:07	erasche	presentations
2017-06-21 19:49:13	TAMU-CPT	galaxy-tools
2017-06-21 19:39:07	TAMU-CPT	galaxy-tools
2017-06-21 19:27:39	TAMU-CPT	galaxy-tools
2017-06-21 18:49:01	TAMU-CPT	galaxy-tools
2017-06-21 18:45:09	TAMU-CPT	galaxy-tools
2017-06-21 18:31:14	TAMU-CPT	galaxy-tools
2017-06-21 18:30:05	TAMU-CPT	galaxy-tools
2017-06-21 17:36:05	TAMU-CPT	galaxy-tools
2017-06-21 17:34:15	TAMU-CPT	galaxy-tools
2017-06-21 16:37:15	TAMU-CPT	galaxy-tools
2017-06-21 16:16:13	galaxy-iuc	parsec
2017-06-21 16:11:15	galaxy-iuc	parsec
2017-06-21 16:10:22	galaxy-genome-annotation	python-chado
2017-06-21 16:10:09	galaxy-iuc	command-engine
2017-06-21 15:54:02	galaxy-iuc	command-engine
2017-06-21 15:29:27	galaxy-genome-annotation	python-apollo
2017-06-21 15:29:20	galaxy-iuc	command-engine
2017-06-21 15:28:18	galaxy-genome-annotation	python-apollo
2017-06-21 15:28:09	galaxy-iuc	command-engine
2017-06-21 15:19:18	galaxy-genome-annotation	python-apollo
2017-06-21 15:19:06	galaxy-iuc	command-engine
2017-06-21 14:20:18	galaxy-iuc	command-engine
2017-06-20 19:39:17	TAMU-CPT	galaxy-tools
2017-06-20 17:20:54	galaxy-iuc	parsec-autobuilder
2017-06-20 17:16:25	galaxy-iuc	parsec-autobuilder
2017-06-20 17:08:33	galaxy-iuc	parsec-autobuilder
2017-06-20 16:54:24	abretaud	python-chado
2017-06-20 15:09:17	abretaud	python-chado
2017-06-20 15:01:23	abretaud	python-chado
2017-06-20 14:59:51	abretaud	python-chado
2017-06-20 14:49:18	abretaud	python-chado
2017-06-16 21:10:56	abretaud	python-chado
2017-06-15 20:59:23	TAMU-CPT	galaxy-tools
2017-06-15 19:44:36	erasche	bioblend
2017-06-15 18:58:47	erasche	bioblend
2017-06-15 18:57:38	erasche	bioblend
2017-06-15 15:53:45	erasche	bioblend
2017-06-14 21:19:29	TAMU-CPT	galaxy-tools
2017-06-14 21:07:21	galaxyproject	tools-iuc
2017-06-14 21:06:48	TAMU-CPT	galaxy-tools
2017-06-14 16:17:33	galaxyproject	ephemeris
2017-06-14 16:12:38	erasche	docker-apollo
2017-06-14 16:10:30	erasche	Apollo
2017-06-14 15:56:41	TAMU-CPT	galaxy-tools
2017-06-14 02:53:54	erasche	presentations
2017-06-14 01:59:51	erasche	presentations
2017-06-13 21:36:07	TAMU-CPT	galaxy-tools
2017-06-13 21:19:30	TAMU-CPT	galaxy-tools
2017-06-13 20:46:57	galaxyproject	galaxy-hub
2017-06-13 20:44:06	galaxyproject	galaxy-hub
2017-06-13 19:50:43	galaxyproject	galaxy-hub
2017-06-13 19:50:42	galaxyproject	galaxy-hub
2017-06-13 19:48:42	galaxyproject	galaxy-hub
2017-06-13 19:29:54	galaxy-iuc	parsec
2017-06-13 19:24:06	galaxyproject	galaxy-hub
2017-06-13 19:22:13	galaxy-iuc	parsec
2017-06-13 15:28:24	GMOD	jbrowse-registry
2017-06-13 15:27:56	galaxy-genome-annotation	docker-galaxy-genome-annotation
2017-06-13 15:17:05	TAMU-CPT	galaxy-tools
2017-06-13 15:15:17	TAMU-CPT	galaxy-tools
2017-06-13 15:05:18	TAMU-CPT	galaxy-tools
2017-06-13 15:01:21	TAMU-CPT	galaxy-tools
2017-06-13 14:57:58	TAMU-CPT	galaxy-tools
2017-06-13 14:57:50	TAMU-CPT	galaxy-tools
2017-06-12 21:16:54	galaxy-genome-annotation	docker-galaxy-genome-annotation
2017-06-12 20:58:35	erasche	presentations
2017-06-12 20:51:54	galaxy-genome-annotation	docker-galaxy-genome-annotation
2017-06-12 20:49:43	galaxy-genome-annotation	galaxy-genome-annotation.github.io
2017-06-12 20:44:59	galaxy-genome-annotation	docker-galaxy-genome-annotation
2017-06-12 20:40:45	galaxy-genome-annotation	docker-galaxy-genome-annotation
2017-06-12 20:39:59	galaxy-genome-annotation	docker-galaxy-genome-annotation
2017-06-12 20:27:11	galaxy-genome-annotation	docker-galaxy-genome-annotation
2017-06-12 20:25:41	galaxy-genome-annotation	galaxy-tools
2017-06-12 20:24:35	galaxy-genome-annotation	galaxy-tools
2017-06-12 20:23:51	galaxy-genome-annotation	galaxy-tools
2017-06-12 20:18:47	galaxy-genome-annotation	galaxy-tools
2017-06-12 19:39:47	galaxy-genome-annotation	galaxy-tools
2017-06-12 19:39:33	galaxy-genome-annotation	galaxy-tools
2017-06-12 19:39:13	galaxy-genome-annotation	galaxy-tools
2017-06-12 19:29:53	galaxy-genome-annotation	galaxy-tools
2017-06-12 19:29:32	galaxy-genome-annotation	galaxy-tools
2017-06-12 19:26:27	galaxy-genome-annotation	galaxy-tools
2017-06-12 19:22:28	galaxy-genome-annotation	galaxy-tools
2017-06-12 15:30:46	galaxy-iuc	parsec
2017-06-12 15:15:46	erasche	presentations
2017-06-12 15:14:27	TAMU-CPT	LaTeX-styles
2017-06-12 15:11:40	GMOD	jbrowse-registry
2017-06-12 14:48:56	erasche	docker-recipes
2017-06-12 14:46:07	erasche	docker-recipes
2017-06-11 16:59:27	galaxy-ctf	milky-way
2017-06-10 20:18:52	galaxy-genome-annotation	galaxy-circos-tool
2017-06-10 18:15:21	galaxy-genome-annotation	galaxy-circos-tool
2017-06-10 17:38:14	galaxy-genome-annotation	galaxy-circos-tool
2017-06-10 16:52:39	galaxy-genome-annotation	galaxy-circos-tool
2017-06-09 03:57:12	erasche	presentations
2017-06-09 03:56:46	TAMU-CPT	LaTeX-styles
2017-06-09 03:16:10	TAMU-CPT	LaTeX-styles
2017-06-09 03:15:59	TAMU-CPT	LaTeX-styles
2017-06-08 21:15:58	galaxyproject	tools-iuc
2017-06-06 21:18:42	erasche	galaxy
2017-06-06 19:35:00	galaxy-genome-annotation	galaxy-circos-tool
2017-06-06 19:14:22	galaxy-genome-annotation	galaxy-circos-tool
2017-06-06 18:50:49	TAMU-CPT	galaxy-tools
2017-06-06 18:48:57	TAMU-CPT	galaxy-tools
2017-06-06 18:44:10	TAMU-CPT	galaxy-tools
2017-06-06 18:42:18	TAMU-CPT	galaxy-tools
2017-06-06 18:30:12	TAMU-CPT	galaxy-tools
2017-06-06 17:34:59	TAMU-CPT	galaxy-tools
2017-06-06 17:28:42	TAMU-CPT	galaxy-tools
2017-06-06 17:27:57	TAMU-CPT	galaxy-tools
2017-06-06 17:24:36	TAMU-CPT	galaxy-tools
2017-06-06 17:22:54	TAMU-CPT	galaxy-tools
2017-06-06 17:16:32	TAMU-CPT	galaxy-tools
2017-06-06 16:43:25	TAMU-CPT	galaxy-tools
2017-06-06 16:38:24	TAMU-CPT	galaxy-tools
2017-06-06 16:36:10	TAMU-CPT	galaxy-tools
2017-06-06 16:32:51	TAMU-CPT	galaxy-tools
2017-06-06 16:25:36	TAMU-CPT	galaxy-tools
2017-06-06 16:23:44	TAMU-CPT	galaxy-tools
2017-06-06 16:21:46	TAMU-CPT	galaxy-tools
2017-06-06 16:18:15	TAMU-CPT	galaxy-tools
2017-06-06 16:18:08	TAMU-CPT	galaxy-tools
2017-06-06 15:48:14	TAMU-CPT	galaxy-tools
2017-06-06 14:59:06	erasche	chado-schema-builder
2017-06-06 14:55:39	erasche	hello-world-interactive-environment
2017-06-06 01:07:01	erasche	chado-schema-builder
2017-06-06 01:02:25	erasche	dotfiles
2017-06-06 00:55:13	TAMU-CPT	docker-recipes
2017-06-06 00:50:52	erasche	chado-schema-builder
2017-06-06 00:48:50	erasche	chado-schema-builder
2017-06-06 00:48:22	erasche	chado-schema-builder
2017-06-06 00:45:10	erasche	chado-schema-builder
2017-06-05 18:33:14	TAMU-CPT	galaxy-tools
2017-06-05 18:32:22	TAMU-CPT	galaxy-tools
2017-06-05 18:23:27	galaxy-ctf	website
2017-06-05 18:20:41	galaxy-iuc	parsec
2017-06-05 18:19:44	galaxy-iuc	parsec
2017-06-05 18:18:25	galaxy-iuc	parsec
2017-06-04 21:51:22	galaxyproject	cargo-port
2017-06-04 21:48:14	galaxyproject	cargo-port
2017-06-04 21:44:17	galaxyproject	cargo-port
2017-06-04 21:35:15	galaxyproject	cargo-port
2017-06-04 16:29:18	galaxyproject	cargo-port
2017-06-03 17:50:05	galaxy-ctf	milky-way
2017-06-03 17:47:30	galaxy-ctf	milky-way
2017-06-03 17:41:47	galaxy-ctf	milky-way
2017-06-03 17:29:44	galaxy-ctf	milky-way
2017-06-03 17:19:08	galaxy-ctf	milky-way
2017-06-03 17:17:47	galaxy-ctf	milky-way
2017-06-03 15:42:22	galaxy-ctf	milky-way
2017-06-03 15:41:54	galaxy-ctf	milky-way
2017-06-03 14:51:34	galaxy-ctf	milky-way
2017-06-03 14:34:22	galaxy-ctf	milky-way
2017-06-03 14:30:06	galaxy-ctf	milky-way
2017-06-03 14:19:13	galaxy-ctf	milky-way
2017-06-03 14:14:33	galaxy-ctf	milky-way
2017-06-02 18:23:03	TAMU-CPT	galaxy-tools
2017-06-02 18:22:22	TAMU-CPT	galaxy-tools
2017-06-02 18:21:11	TAMU-CPT	galaxy-tools
2017-06-02 18:11:40	TAMU-CPT	galaxy-tools
2017-06-02 16:06:23	TAMU-CPT	galaxy-tools
2017-06-01 21:25:41	TAMU-CPT	galaxy-tools
2017-06-01 21:15:55	TAMU-CPT	galaxy-tools
2017-06-01 21:15:22	TAMU-CPT	galaxy-tools
2017-06-01 17:45:30	TAMU-CPT	galaxy-tools
2017-06-01 16:43:37	erasche	galaxy
2017-06-01 16:42:45	erasche	galaxy
2017-06-01 16:31:55	galaxyproject	galaxy-hub
2017-06-01 14:33:40	galaxy-iuc	parsec
2017-06-01 14:32:07	galaxy-iuc	parsec
2017-06-01 14:25:35	TAMU-CPT	docker-recipes
2017-06-01 14:25:08	jbrowse-themes	ThemeComponent-RightAlignedControls
2017-06-01 14:25:05	jbrowse-themes	ThemeComponent-RearrangedRulers
2017-06-01 14:25:04	jbrowse-themes	ThemeComponent-Flat
2017-06-01 14:25:02	jbrowse-themes	ThemeComponent-DisableGrid
2017-06-01 14:25:00	jbrowse-themes	ThemeComponent-Colors-BlackWhite-BlueGreen
2017-06-01 14:23:49	GMOD	jbrowse-registry
2017-06-01 14:21:58	TAMU-CPT	blastview
2017-06-01 14:21:34	TAMU-CPT	SitewideNotices
2017-06-01 14:21:03	TAMU-CPT	cacao-apollo-plugin
2017-06-01 14:20:51	TAMU-CPT	cacao-apollo-plugin
2017-06-01 14:20:31	TAMU-CPT	rancher-catalog
2017-06-01 14:20:00	galaxy-iuc	parsec
2017-06-01 14:19:13	TAMU-CPT	galaxy-apollo
2017-06-01 14:18:30	erasche	apollo-permissions-manager
2017-06-01 14:17:30	galaxy-genome-annotation	python-apollo
2017-06-01 14:17:19	galaxy-genome-annotation	apollo-google-docs-integration
2017-06-01 14:17:12	galaxy-genome-annotation	galaxy-apollo
2017-06-01 14:16:54	galaxy-genome-annotation	docker-galaxy-annotation
2017-06-01 14:16:33	galaxy-genome-annotation	dockerized-gmod-deployment
2017-06-01 14:15:33	galaxy-genome-annotation	apollo-git-backup
2017-06-01 14:14:55	galaxy-genome-annotation	galaxy-genome-annotation.github.io
2017-05-30 02:52:40	erasche	redeclipse-maps
2017-05-28 21:46:47	galaxy-ctf	milky-way
2017-05-28 21:44:29	galaxy-ctf	milky-way
2017-05-28 21:31:05	galaxy-ctf	milky-way
2017-05-28 21:23:20	galaxy-ctf	milky-way
2017-05-28 21:21:16	erasche	docker-django
2017-05-28 21:21:15	erasche	docker-django
2017-05-28 20:59:02	erasche	docker-django
2017-05-28 20:54:02	erasche	docker-django
2017-05-28 20:39:45	galaxy-ctf	milky-way
2017-05-28 20:30:42	galaxy-ctf	milky-way
2017-05-28 18:30:48	galaxy-ctf	website
2017-05-28 17:57:07	galaxy-ctf	milky-way
2017-05-28 17:18:31	erasche	docker-django
2017-05-28 17:17:26	erasche	docker-django
2017-05-28 16:56:39	erasche	ansible-galaxy-extras
2017-05-28 15:49:49	erasche	ansible-galaxy-extras
2017-05-26 18:11:43	galaxyproject	planemo
2017-05-26 17:06:26	galaxy-genome-annotation	galaxy-genome-annotation.github.io
2017-05-26 16:48:26	galaxy-iuc	parsec
2017-05-26 16:44:19	galaxy-iuc	parsec
2017-05-26 16:29:18	galaxy-iuc	parsec
2017-05-26 16:01:51	galaxy-genome-annotation	galaxy-genome-annotation.github.io
2017-05-26 16:00:28	galaxy-genome-annotation	galaxy-genome-annotation.github.io
2017-05-26 15:59:15	galaxy-genome-annotation	galaxy-genome-annotation.github.io
2017-05-26 15:56:36	galaxy-genome-annotation	galaxy-genome-annotation.github.io
2017-05-26 15:45:42	galaxy-genome-annotation	apollo-git-backup
2017-05-26 15:45:09	galaxy-genome-annotation	docker-galaxy-annotation
2017-05-26 15:44:51	galaxy-genome-annotation	galaxy-apollo
2017-05-26 15:42:54	galaxy-genome-annotation	galaxy-genome-annotation.github.io
2017-05-26 15:32:36	galaxy-genome-annotation	galaxy-genome-annotation.github.io
2017-05-26 15:31:13	galaxy-genome-annotation	galaxy-genome-annotation.github.io
2017-05-26 15:18:20	galaxy-genome-annotation	galaxy-genome-annotation.github.io
2017-05-25 23:23:30	galaxy-iuc	parsec
2017-05-25 23:22:35	galaxy-iuc	parsec
2017-05-25 22:44:52	galaxy-iuc	parsec
2017-05-25 19:48:35	galaxy-iuc	parsec
2017-05-25 19:32:34	galaxy-iuc	parsec
2017-05-25 18:08:44	galaxy-iuc	parsec
2017-05-25 18:06:47	galaxy-iuc	parsec
2017-05-25 17:38:43	TAMU-CPT	rancher-catalog
2017-05-25 17:35:21	TAMU-CPT	rancher-catalog
2017-05-25 14:42:08	TAMU-CPT	docker-recipes
2017-05-24 18:23:42	erasche	galaxy
2017-05-24 12:23:01	GMOD	jbrowse-registry
2017-05-24 12:18:43	GMOD	jbrowse-registry
2017-05-24 12:18:21	TAMU-CPT	SitewideNotices
2017-05-24 03:31:56	GMOD	jbrowse-registry
2017-05-24 03:31:07	TAMU-CPT	SitewideNotices
2017-05-24 00:04:22	galaxyproject	tools-iuc
2017-05-23 14:30:17	galaxy-ctf	public-metrics-dashboard
2017-05-22 21:26:26	GMOD	jbrowse-registry
2017-05-22 19:52:39	GMOD	jbrowse-registry
2017-05-22 19:49:11	GMOD	jbrowse-registry
2017-05-22 19:39:50	TAMU-CPT	SitewideNotices
2017-05-22 19:38:33	TAMU-CPT	SitewideNotices
2017-05-21 04:39:27	erasche	docker-django
2017-05-21 04:33:16	galaxy-ctf	milky-way
2017-05-21 04:32:49	galaxy-ctf	milky-way
2017-05-21 03:20:21	galaxy-ctf	rancher-catalog
2017-05-21 03:13:40	galaxy-ctf	milky-way
2017-05-21 03:12:57	galaxy-ctf	milky-way
2017-05-20 00:39:03	erasche	redeclipse-maps
2017-05-19 19:04:07	galaxy-genome-annotation	apollo-google-docs-integration
2017-05-18 17:25:47	TAMU-CPT	rancher-catalog
2017-05-18 17:18:09	TAMU-CPT	rancher-catalog
2017-05-18 17:14:43	TAMU-CPT	docker-recipes
2017-05-18 17:07:07	TAMU-CPT	docker-recipes
2017-05-18 17:05:40	TAMU-CPT	rancher-catalog
2017-05-18 17:04:52	TAMU-CPT	rancher-catalog
2017-05-18 16:07:31	galaxyproject	cargo-port
2017-05-18 13:36:50	galaxyproject	tools-iuc
2017-05-18 12:47:11	galaxyproject	tools-iuc
2017-05-18 12:25:26	galaxyproject	tools-iuc
2017-05-17 21:36:46	galaxy-ctf	rancher-catalog
2017-05-16 22:11:15	erasche	docker-galaxy-stable
2017-05-16 21:51:42	erasche	galaxy
2017-05-16 21:30:24	erasche	galaxy
2017-05-16 18:56:54	erasche	galaxy
2017-05-16 18:16:53	erasche	galaxy
2017-05-16 18:12:19	erasche	galaxy
2017-05-16 17:34:41	erasche	galaxy
2017-05-16 17:34:19	erasche	galaxy
2017-05-16 16:17:32	erasche	figlet2circos
2017-05-16 16:17:12	erasche	figlet2circos
2017-05-15 20:41:28	galaxyproject	cargo-port
2017-05-15 17:39:01	erasche	bioblend
2017-05-14 20:49:29	erasche	primitive
2017-05-14 16:05:33	erasche	bioblend
2017-05-14 16:02:15	erasche	galaxy
2017-05-13 03:05:15	galaxy-ctf	rancher-catalog
2017-05-13 02:45:43	galaxy-ctf	rancher-catalog
2017-05-13 01:34:19	galaxy-ctf	rancher-catalog
2017-05-13 01:26:50	galaxy-ctf	rancher-catalog
2017-05-10 23:41:28	galaxy-genome-annotation	python-apollo
2017-05-10 23:15:05	galaxy-genome-annotation	python-apollo
2017-05-10 20:06:35	galaxy-genome-annotation	python-apollo
2017-05-10 19:20:25	erasche	bioblend
2017-05-10 19:15:42	erasche	bioblend
2017-05-10 18:28:18	galaxy-genome-annotation	python-apollo
2017-05-10 18:22:22	galaxy-genome-annotation	python-apollo
2017-05-10 18:19:45	galaxy-genome-annotation	python-apollo
2017-05-10 18:16:39	galaxy-genome-annotation	python-apollo
2017-05-10 18:15:50	galaxy-genome-annotation	python-apollo
2017-05-10 18:13:55	galaxy-genome-annotation	python-apollo
2017-05-10 18:11:19	galaxy-genome-annotation	python-apollo
2017-05-10 17:29:00	galaxy-genome-annotation	python-apollo
2017-05-10 03:23:48	galaxyproject	cargo-port
2017-05-10 00:49:05	galaxy-genome-annotation	python-apollo
2017-05-10 00:46:56	galaxy-genome-annotation	python-apollo
2017-05-10 00:46:01	galaxy-genome-annotation	python-apollo
2017-05-10 00:42:50	galaxy-genome-annotation	python-apollo
2017-05-10 00:41:09	galaxy-genome-annotation	python-apollo
2017-05-10 00:31:16	galaxy-genome-annotation	python-apollo
2017-05-10 00:30:46	galaxy-genome-annotation	python-apollo
2017-05-09 23:58:09	galaxy-genome-annotation	python-apollo
2017-05-09 22:52:36	galaxy-genome-annotation	python-apollo
2017-05-09 22:52:11	galaxy-genome-annotation	python-apollo
2017-05-09 22:26:05	galaxyproject	cargo-port
2017-05-09 20:13:32	erasche	apollo-permissions-manager
2017-05-09 20:13:11	erasche	apollo-permissions-manager
2017-05-09 19:35:55	galaxy-genome-annotation	apollo-git-backup
2017-05-09 19:34:32	galaxy-genome-annotation	apollo-git-backup
2017-05-09 19:26:41	galaxy-genome-annotation	python-apollo
2017-05-09 19:25:14	galaxy-genome-annotation	python-apollo
2017-05-09 19:24:17	galaxy-genome-annotation	python-apollo
2017-05-09 19:21:33	galaxy-genome-annotation	python-apollo
2017-05-09 19:02:01	galaxy-genome-annotation	python-apollo
2017-05-09 18:59:28	galaxy-genome-annotation	python-apollo
2017-05-09 18:49:32	galaxy-genome-annotation	python-apollo
2017-05-09 18:41:32	galaxy-genome-annotation	python-apollo
2017-05-09 18:39:53	galaxy-genome-annotation	python-apollo
2017-05-09 18:37:00	galaxy-genome-annotation	python-apollo
2017-05-09 18:33:50	galaxy-genome-annotation	python-apollo
2017-05-09 18:31:08	erasche	python-apollo
2017-05-09 16:39:02	galaxy-iuc	parsec
2017-05-09 16:10:53	TAMU-CPT	cacao-backend
2017-05-09 15:41:30	TAMU-CPT	cacao-backend
2017-05-09 15:29:42	TAMU-CPT	cacao-backend
2017-05-09 15:24:36	TAMU-CPT	docker-recipes
2017-05-09 15:01:36	TAMU-CPT	cacao-backend
2017-05-09 00:12:57	galaxy-iuc	parsec
2017-05-09 00:09:42	galaxy-iuc	parsec
2017-05-08 23:59:35	galaxy-iuc	parsec
2017-05-08 23:41:07	galaxy-iuc	parsec
2017-05-08 23:31:42	galaxy-iuc	parsec
2017-05-08 23:28:33	TAMU-CPT	galaxy-tools
2017-05-08 23:28:25	TAMU-CPT	galaxy-tools
2017-05-08 22:54:46	galaxy-iuc	parsec
2017-05-08 22:50:49	galaxy-iuc	parsec
2017-05-08 22:41:17	erasche	bioblend
2017-05-08 20:44:42	TAMU-CPT	galaxy-tools
2017-05-08 20:09:37	GMOD	jbrowse-registry
2017-05-08 19:46:36	galaxyproject	bioblend
2017-05-08 19:44:14	GMOD	jbrowse-registry
2017-05-08 19:42:16	GMOD	jbrowse-registry
2017-05-08 18:06:18	galaxyproject	bioblend
2017-05-08 18:00:23	TAMU-CPT	galaxy-tools
2017-05-08 01:45:00	erasche	docker-galaxy-stable
2017-05-07 22:44:18	erasche	CuteR
2017-05-07 20:59:57	galaxy-ctf	rancher-catalog
2017-05-07 20:44:51	galaxy-ctf	rancher-catalog
2017-05-07 20:12:19	galaxy-ctf	rancher-catalog
2017-05-07 20:05:46	galaxy-ctf	rancher-catalog
2017-05-07 19:50:31	galaxy-ctf	rancher-catalog
2017-05-06 21:56:34	galaxy-ctf	rancher-catalog
2017-05-06 21:53:50	galaxy-ctf	rancher-catalog
2017-05-06 19:45:12	galaxy-ctf	rancher-catalog
2017-05-06 19:44:41	galaxy-ctf	rancher-catalog
2017-05-06 19:42:38	galaxy-ctf	rancher-catalog
2017-05-06 19:28:27	galaxy-ctf	rancher-catalog
2017-05-06 19:27:26	galaxy-ctf	rancher-catalog
2017-05-06 18:45:34	galaxy-ctf	rancher-catalog
2017-05-06 18:33:59	galaxy-ctf	rancher-catalog
2017-05-05 18:57:17	TAMU-CPT	galaxy-tools
2017-05-05 18:48:15	TAMU-CPT	rancher-catalog
2017-05-05 18:29:13	TAMU-CPT	rancher-catalog
2017-05-05 18:27:57	TAMU-CPT	rancher-catalog
2017-05-05 18:19:13	TAMU-CPT	rancher-catalog
2017-05-05 18:14:51	TAMU-CPT	rancher-catalog
2017-05-05 16:30:13	TAMU-CPT	galaxy-tools
2017-05-05 16:21:43	TAMU-CPT	galaxy-tools
2017-05-05 16:21:16	TAMU-CPT	galaxy-tools
2017-05-05 16:17:24	TAMU-CPT	galaxy-tools
2017-05-05 15:21:47	TAMU-CPT	cacao-backend
2017-05-05 13:49:18	TAMU-CPT	galaxy-tools
2017-05-04 22:33:16	TAMU-CPT	cacao-backend
2017-05-04 21:03:52	galaxyproject	bioblend
2017-05-04 20:41:58	TAMU-CPT	multi-starts
2017-05-04 20:21:35	TAMU-CPT	galaxy-tools
2017-05-04 19:02:11	TAMU-CPT	galaxy-tools
2017-05-04 18:12:51	TAMU-CPT	galaxy-tools
2017-05-03 20:06:34	galaxyproject	bioblend
2017-05-03 19:59:44	galaxy-iuc	parsec
2017-05-03 19:47:21	galaxy-iuc	parsec
2017-05-03 19:43:44	galaxy-iuc	parsec
2017-05-03 19:42:37	galaxy-iuc	parsec
2017-05-03 19:37:45	galaxy-iuc	parsec
2017-05-03 19:33:25	galaxy-iuc	parsec
2017-05-03 19:32:23	galaxy-iuc	parsec
2017-05-03 19:25:59	galaxy-iuc	parsec
2017-05-03 19:13:06	galaxyproject	bioblend
2017-05-03 17:59:59	TAMU-CPT	galaxy-tools
2017-05-03 17:51:58	galaxyproject	bioblend
2017-05-03 17:42:29	erasche	galaxy
2017-05-03 17:05:14	erasche	galaxy
2017-05-03 17:04:06	erasche	galaxy
2017-05-03 16:33:13	galaxyproject	bioblend
2017-05-03 16:11:46	galaxyproject	bioblend
2017-05-02 23:25:20	galaxy-iuc	parsec
2017-05-02 23:24:05	galaxy-iuc	parsec
2017-05-02 23:18:24	galaxy-iuc	parsec
2017-05-02 23:13:05	galaxy-iuc	parsec
2017-05-02 23:08:27	galaxy-iuc	parsec
2017-05-02 21:33:52	galaxy-iuc	parsec
2017-05-02 20:29:23	galaxy-iuc	parsec
2017-05-02 19:44:35	galaxy-iuc	parsec
2017-05-02 18:55:25	galaxy-iuc	parsec
2017-05-02 18:53:40	galaxy-iuc	parsec
2017-05-02 16:08:52	TAMU-CPT	galaxy-tools
2017-05-01 18:08:49	galaxyproject	galaxy
2017-05-01 16:20:58	TAMU-CPT	galaxy-tools
2017-05-01 16:12:36	TAMU-CPT	galaxy-tools
2017-05-01 16:12:30	TAMU-CPT	galaxy-tools
2017-04-30 21:25:58	Acekith	redeclipseDM
2017-04-30 21:25:35	Acekith	redeclipsectf
2017-04-30 21:25:00	Acekith	redeclipsectf
2017-04-30 21:24:32	Acekith	redeclipseDM
2017-04-30 07:49:27	galaxyproject	ephemeris
2017-04-30 05:16:02	galaxyproject	ephemeris
2017-04-30 03:19:54	erasche	CTFd
2017-04-26 20:27:28	bgruening	docker-jupyter-notebook
2017-04-26 20:18:50	TAMU-CPT	galaxy-tools
2017-04-26 18:57:18	erasche	docker-rstudio-notebook
2017-04-26 18:10:24	TAMU-CPT	rancher-catalog
2017-04-26 18:04:56	erasche	docker-rstudio-notebook
2017-04-26 17:28:47	TAMU-CPT	rancher-catalog
2017-04-26 17:26:11	TAMU-CPT	galaxy-tools
2017-04-26 17:04:59	TAMU-CPT	galaxy-tools
2017-04-25 23:04:56	TAMU-CPT	galaxy-tools
2017-04-25 22:07:11	erasche	docker-rstudio-notebook
2017-04-25 20:54:20	erasche	docker-rstudio-notebook
2017-04-25 20:28:21	erasche	galaxy
2017-04-25 20:03:33	TAMU-CPT	galaxy-test-workflows
2017-04-25 19:57:42	TAMU-CPT	galaxy-workflow-import-tester
2017-04-25 19:53:54	TAMU-CPT	xunit-python-decorator
2017-04-25 19:52:41	TAMU-CPT	xunit-python-decorator
2017-04-25 19:41:03	TAMU-CPT	galaxy-tools
2017-04-25 19:38:30	TAMU-CPT	xunit-python-decorator
2017-04-25 19:33:13	TAMU-CPT	xunit-python-decorator
2017-04-25 15:47:26	TAMU-CPT	galaxy-tools
2017-04-25 15:30:20	TAMU-CPT	galaxy-tools
2017-04-25 15:24:10	TAMU-CPT	galaxy-tools
2017-04-25 15:21:24	TAMU-CPT	galaxy-tools
2017-04-25 05:20:57	erasche	textnews
2017-04-25 04:19:52	erasche	textnews
2017-04-25 04:18:10	erasche	textnews
2017-04-25 04:16:45	erasche	textnews
2017-04-25 04:11:44	erasche	textnews
2017-04-25 04:00:58	erasche	textnews
2017-04-25 04:00:43	erasche	textnews
2017-04-25 03:58:34	erasche	textnews
2017-04-25 03:57:53	erasche	textnews
2017-04-25 03:47:10	erasche	textnews
2017-04-24 22:49:23	TAMU-CPT	rancher-catalog
2017-04-24 22:14:57	erasche	gx-cookie-proxy
2017-04-24 20:14:19	erasche	galaxy
2017-04-24 19:27:24	erasche	galaxy
2017-04-24 17:55:22	TAMU-CPT	galaxy-tools
2017-04-24 17:34:41	erasche	gx-cookie-proxy
2017-04-24 17:34:00	erasche	gx-cookie-proxy
2017-04-24 17:31:59	erasche	gx-cookie-proxy
2017-04-24 15:55:35	TAMU-CPT	galaxy-tools
2017-04-24 15:43:11	TAMU-CPT	galaxy-tools
2017-04-23 05:53:32	erasche	redeclipse-maps
2017-04-23 05:52:46	erasche	redeclipse-maps
2017-04-21 19:35:31	TAMU-CPT	galaxy-tools
2017-04-21 17:30:40	TAMU-CPT	galaxy-tools
2017-04-21 17:08:31	TAMU-CPT	galaxy-tools
2017-04-21 16:07:17	erasche	docker-tripal
2017-04-21 16:03:30	erasche	docker-tripal
2017-04-20 21:28:22	TAMU-CPT	galaxy-tools
2017-04-20 21:15:29	TAMU-CPT	galaxy-tools
2017-04-20 20:50:06	TAMU-CPT	galaxy-tools
2017-04-20 20:42:19	TAMU-CPT	galaxy-tools
2017-04-20 20:37:50	TAMU-CPT	galaxy-tools
2017-04-20 19:06:12	erasche	apollo-permissions-manager
2017-04-20 19:05:39	erasche	apollo-permissions-manager
2017-04-20 18:35:02	TAMU-CPT	galaxy-tools
2017-04-20 16:50:22	TAMU-CPT	galaxy-tools
2017-04-20 15:55:27	bgruening	galaxy_ie_helpers
2017-04-19 18:39:10	erasche	galaxyxml
2017-04-19 18:38:06	erasche	galaxyxml
2017-04-19 18:29:49	GMOD	jbrowse-registry
2017-04-19 18:26:10	GMOD	jbrowse-registry
2017-04-19 18:16:57	jbrowse-themes	ThemeComponent-RightAlignedControls
2017-04-19 18:16:55	jbrowse-themes	ThemeComponent-RearrangedRulers
2017-04-19 18:16:53	jbrowse-themes	ThemeComponent-Flat
2017-04-19 18:16:51	jbrowse-themes	ThemeComponent-DisableGrid
2017-04-19 18:16:49	jbrowse-themes	ThemeComponent-ComboTrackSelectorGalaxyLogo
2017-04-19 18:16:47	jbrowse-themes	ThemeComponent-Colors-BlackWhite-BlueGreen
2017-04-19 18:12:08	GMOD	jbrowse-registry
2017-04-19 17:59:12	GMOD	jbrowse-registry
2017-04-19 17:31:12	jbrowse-themes	ThemeComponent-Colors-BlackWhite-BlueGreen
2017-04-19 17:14:12	jbrowse-themes	ThemeComponent-RightAlignedControls
2017-04-19 17:14:10	jbrowse-themes	ThemeComponent-RearrangedRulers
2017-04-19 17:14:08	jbrowse-themes	ThemeComponent-Flat
2017-04-19 17:14:06	jbrowse-themes	ThemeComponent-DisableGrid
2017-04-19 17:14:04	jbrowse-themes	ThemeComponent-ComboTrackSelectorGalaxyLogo
2017-04-19 17:14:02	jbrowse-themes	ThemeComponent-Colors-BlackWhite-BlueGreen
2017-04-19 02:15:50	galaxyproject	tools-iuc
2017-04-19 00:41:08	GMOD	jbrowse-registry
2017-04-18 22:41:12	TAMU-CPT	galaxy-tools
2017-04-18 19:31:42	GMOD	jbrowse-registry
2017-04-18 19:31:29	GMOD	jbrowse-registry
2017-04-18 19:26:42	GMOD	jbrowse-registry
2017-04-18 06:20:49	GMOD	jbrowse-registry
2017-04-18 06:20:35	GMOD	jbrowse-registry
2017-04-18 06:16:07	erasche	jbrowse-dark-theme
2017-04-18 06:08:54	TAMU-CPT	blastview
2017-04-18 06:02:40	GMOD	jbrowse-registry
2017-04-18 06:00:48	GMOD	jbrowse-registry
2017-04-18 05:55:21	erasche	jbrowse-dark-theme
2017-04-18 05:52:18	erasche	jbrowse-dark-theme
2017-04-18 05:51:56	erasche	jbrowse-dark-theme
2017-04-18 05:51:38	erasche	jbrowse-dark-theme
2017-04-17 21:03:19	TAMU-CPT	galaxy-tools
2017-04-17 19:55:52	TAMU-CPT	galaxy-tools
2017-04-17 18:41:08	erasche	docker-apollo
2017-04-17 06:02:55	erasche	redeclipse-maps
2017-04-17 01:58:13	erasche	redeclipse-maps
2017-04-17 01:47:07	erasche	redeclipse-maps
2017-04-17 01:30:03	erasche	redeclipse-maps
2017-04-15 23:49:56	erasche	go-otp
2017-04-15 23:43:27	erasche	go-otp
2017-04-15 23:39:23	erasche	go-otp
2017-04-15 23:33:24	erasche	go-otp
2017-04-15 23:29:41	erasche	go-otp
2017-04-15 00:32:32	erasche	redeclipse-maps
2017-04-14 19:11:47	galaxy-genome-annotation	docker-galaxy-annotation
2017-04-14 19:11:46	erasche	docker-galaxy-annotation
2017-04-14 18:59:33	galaxy-genome-annotation	docker-galaxy-annotation
2017-04-13 20:42:42	TAMU-CPT	galaxy-tools
2017-04-13 20:42:24	TAMU-CPT	galaxy-tools
2017-04-13 20:39:18	TAMU-CPT	galaxy-tools
2017-04-13 17:22:41	TAMU-CPT	galaxy-tools
2017-04-13 16:57:58	TAMU-CPT	galaxy-tools
2017-04-13 16:38:25	erasche	galaxyxml
2017-04-13 16:35:07	erasche	galaxyxml
2017-04-13 16:27:24	erasche	galaxy
2017-04-13 15:45:14	TAMU-CPT	galaxy-test-workflows
2017-04-13 15:23:08	TAMU-CPT	galaxy-tools
2017-04-13 15:23:00	TAMU-CPT	galaxy-tools
2017-04-13 15:02:42	erasche	galaxy-data_source-examples
2017-04-13 14:47:48	TAMU-CPT	galaxy-tools
2017-04-13 03:26:49	TAMU-CPT	galaxy-tools
2017-04-13 02:23:27	TAMU-CPT	galaxy-tools
2017-04-13 00:29:15	TAMU-CPT	galaxy-tools
2017-04-13 00:27:51	TAMU-CPT	galaxy-tools
2017-04-12 23:53:28	TAMU-CPT	galaxy-tools
2017-04-12 23:16:40	TAMU-CPT	galaxy-tools
2017-04-12 22:39:10	TAMU-CPT	galaxy-tools
2017-04-12 22:16:23	TAMU-CPT	blast-db-download
2017-04-12 22:01:00	TAMU-CPT	galaxy-tools
2017-04-12 21:55:36	TAMU-CPT	galaxy-tools
2017-04-12 21:44:41	TAMU-CPT	galaxy-tools
2017-04-12 19:09:05	erasche	docker-apollo
2017-04-12 18:37:05	erasche	docker-apollo
2017-04-12 18:36:16	erasche	Apollo
2017-04-12 18:22:33	erasche	Apollo
2017-04-12 16:38:16	TAMU-CPT	galaxy-tools
2017-04-12 16:37:01	TAMU-CPT	galaxy-tools
2017-04-12 16:35:23	TAMU-CPT	galaxy-tools
2017-04-12 16:14:59	erasche	docker-apollo
2017-04-12 15:54:44	erasche	docker-apollo
2017-04-12 15:54:14	erasche	Apollo
2017-04-12 15:23:24	erasche	docker-apollo
2017-04-12 00:13:26	erasche	docker-jasig-cas-proxy
2017-04-12 00:12:43	erasche	docker-jasig-cas-proxy
2017-04-11 22:38:35	TAMU-CPT	galaxy-workflows
2017-04-11 22:37:49	TAMU-CPT	galaxy-workflows
2017-04-11 22:36:49	TAMU-CPT	galaxy-workflows
2017-04-11 22:31:25	TAMU-CPT	galaxy-workflows
2017-04-11 21:09:22	TAMU-CPT	galaxy-tools
2017-04-11 19:43:20	erasche	docker-apollo
2017-04-11 18:28:46	GMOD	jbrowse-registry
2017-04-11 18:23:04	GMOD	jbrowse-registry
2017-04-11 17:07:11	erasche	jbrowse-chado-postgraphql
2017-04-11 16:39:28	erasche	galaxy
2017-04-11 16:26:34	erasche	docker-jasig-cas-proxy
2017-04-11 16:16:01	TAMU-CPT	galaxy-tools
2017-04-11 03:34:25	TAMU-CPT	galaxy-tools
2017-04-10 21:11:10	TAMU-CPT	galaxy-tools
2017-04-10 21:06:27	TAMU-CPT	galaxy-tools
2017-04-10 19:52:22	erasche	docker-jasig-cas-proxy
2017-04-10 18:29:15	TAMU-CPT	galaxy-tools
2017-04-10 18:00:07	TAMU-CPT	galaxy-tools
2017-04-10 17:55:47	TAMU-CPT	galaxy-tools
2017-04-10 17:49:35	TAMU-CPT	galaxy-tools
2017-04-10 17:48:09	TAMU-CPT	galaxy-tools
2017-04-10 17:41:51	TAMU-CPT	galaxy-tools
2017-04-10 14:50:04	erasche	galaxyxml
2017-04-09 20:35:26	erasche	chado-jbrowse-connector
2017-04-08 21:52:50	erasche	docker-jasig-cas-proxy
2017-04-08 21:22:01	erasche	fakeCAS
2017-04-08 21:13:14	erasche	fakeCAS
2017-04-08 21:09:08	erasche	fakeCAS
2017-04-08 17:15:18	erasche	fakeCAS
2017-04-08 16:27:09	erasche	fakeCAS
2017-04-08 16:13:36	erasche	fakeCAS
2017-04-07 22:34:39	TAMU-CPT	galaxy-tools
2017-04-07 22:31:06	TAMU-CPT	galaxy-tools
2017-04-07 22:22:31	TAMU-CPT	galaxy-tools
2017-04-07 20:43:13	TAMU-CPT	galaxy-test-workflows
2017-04-07 19:24:30	TAMU-CPT	galaxy-tools
2017-04-07 18:54:44	TAMU-CPT	galaxy-tools
2017-04-07 16:16:40	erasche	OpenRefine-galaxy-ie
2017-04-07 05:54:50	erasche	go-otp
2017-04-06 22:41:19	TAMU-CPT	galaxy-tools
2017-04-06 22:39:53	TAMU-CPT	galaxy-tools
2017-04-06 22:31:20	TAMU-CPT	galaxy-tools
2017-04-06 21:48:46	TAMU-CPT	galaxy-tools
2017-04-06 21:46:44	TAMU-CPT	galaxy-tools
2017-04-06 21:27:18	TAMU-CPT	galaxy-tools
2017-04-06 21:09:55	TAMU-CPT	galaxy-tools
2017-04-06 21:08:27	TAMU-CPT	galaxy-tools
2017-04-06 18:48:49	TAMU-CPT	galaxy-tools
2017-04-06 18:47:30	TAMU-CPT	galaxy-tools
2017-04-06 15:55:44	erasche	Apollo
2017-04-06 15:55:08	erasche	Apollo
2017-04-06 00:36:20	erasche	galaxyxml
2017-04-05 21:28:15	erasche	docker-apollo
2017-04-05 20:20:59	erasche	docker-apollo
2017-04-05 19:51:45	erasche	docker-apollo
2017-04-05 19:39:27	TAMU-CPT	galaxy-tools
2017-04-05 18:09:24	erasche	Apollo
2017-04-05 17:27:28	erasche	docker-apollo
2017-04-05 17:05:13	erasche	docker-apollo
2017-04-05 16:21:22	erasche	docker-apollo
2017-04-05 16:21:07	erasche	Apollo
2017-04-05 15:39:30	erasche	hello-world-interactive-environment
2017-04-05 02:32:14	erasche	Apollo
2017-04-05 02:05:37	erasche	docker-apollo
2017-04-05 02:05:06	erasche	Apollo
2017-04-05 01:11:30	TAMU-CPT	galaxy-tools
2017-04-05 00:09:52	TAMU-CPT	galaxy-tools
2017-04-04 23:02:35	TAMU-CPT	rancher-catalog
2017-04-04 22:44:23	TAMU-CPT	rancher-catalog
2017-04-04 19:59:56	erasche	docker-apollo
2017-04-04 19:59:01	erasche	Apollo
2017-04-04 19:51:51	erasche	Apollo
2017-04-04 19:50:57	erasche	Apollo
2017-04-04 19:47:47	erasche	Apollo
2017-04-03 21:38:24	TAMU-CPT	galaxy-tools
2017-04-03 21:08:15	TAMU-CPT	galaxy-tools
2017-04-03 20:21:18	TAMU-CPT	galaxy-tools
2017-04-03 19:51:43	erasche	apollo-permissions-manager
2017-04-03 19:49:59	erasche	apollo-permissions-manager
2017-04-03 16:38:51	TAMU-CPT	galaxy-tools
2017-04-03 16:28:25	TAMU-CPT	galaxy-tools
2017-04-03 16:25:07	TAMU-CPT	galaxy-tools
2017-04-03 16:23:36	TAMU-CPT	galaxy-tools
2017-04-03 14:47:31	TAMU-CPT	galaxy-tools
2017-04-01 00:59:13	erasche	apollo-permissions-manager
2017-04-01 00:57:58	erasche	apollo-permissions-manager
2017-04-01 00:57:49	erasche	apollo-permissions-manager
2017-04-01 00:55:24	erasche	apollo-permissions-manager
2017-04-01 00:53:31	erasche	apollo-permissions-manager
2017-04-01 00:47:15	erasche	apollo-permissions-manager
2017-03-30 17:21:34	TAMU-CPT	galaxy-test-workflows
2017-03-30 16:28:19	TAMU-CPT	galaxy-tools
2017-03-30 02:17:20	erasche	redeclipse-maps
2017-03-29 21:53:08	erasche	galaxy-workflow-status
2017-03-29 21:46:06	erasche	galaxy-workflow-plotter
2017-03-29 21:44:53	erasche	galaxy-workflow-status
2017-03-29 21:44:08	erasche	galaxy-workflow-status
2017-03-29 21:43:04	erasche	galaxy-workflow-status
2017-03-29 21:42:27	erasche	galaxy-workflow-status
2017-03-29 21:37:16	erasche	galaxy-workflow-status
2017-03-29 21:36:26	erasche	galaxy-workflow-status
2017-03-29 21:34:46	erasche	galaxy-workflow-plotter
2017-03-29 21:34:18	erasche	galaxy-workflow-plotter
2017-03-29 21:33:34	erasche	galaxy-workflow-plotter
2017-03-29 21:26:03	erasche	galaxy-workflow-plotter
2017-03-29 17:50:18	TAMU-CPT	galaxy-tools
2017-03-29 17:45:41	TAMU-CPT	galaxy-tools
2017-03-29 17:19:14	TAMU-CPT	galaxy-tools
2017-03-29 15:45:29	TAMU-CPT	galaxy-tools
2017-03-28 23:35:04	bgruening	galaxy_ie_helpers
2017-03-28 22:28:21	TAMU-CPT	galaxy-tools
2017-03-28 22:21:45	TAMU-CPT	galaxy-tools
2017-03-28 22:20:06	TAMU-CPT	galaxy-tools
2017-03-28 22:12:17	erasche	galaxy
2017-03-28 22:12:05	erasche	galaxy
2017-03-28 22:10:57	TAMU-CPT	galaxy-tools
2017-03-28 21:33:11	TAMU-CPT	galaxy-tools
2017-03-28 21:30:39	TAMU-CPT	galaxy-tools
2017-03-28 21:07:33	TAMU-CPT	galaxy-tools
2017-03-28 21:07:09	TAMU-CPT	one_snp_away
2017-03-28 21:03:14	TAMU-CPT	galaxy-tools
2017-03-28 21:02:49	TAMU-CPT	one_snp_away
2017-03-28 19:44:04	TAMU-CPT	galaxy-tools
2017-03-28 16:29:21	erasche	galaxy
2017-03-27 15:56:27	TAMU-CPT	galaxy-tools
2017-03-27 14:42:40	TAMU-CPT	galaxy-tools
2017-03-26 19:03:14	TAMU-CPT	galaxy-test-workflows
2017-03-26 18:49:47	TAMU-CPT	galaxy-test-workflows
2017-03-26 05:28:16	TAMU-CPT	galaxy-test-workflows
2017-03-25 03:13:05	TAMU-CPT	galaxy-tools
2017-03-25 03:11:51	TAMU-CPT	galaxy-tools
2017-03-25 02:07:53	TAMU-CPT	galaxy-tools
2017-03-24 21:28:15	TAMU-CPT	galaxy-tools
2017-03-24 20:56:15	erasche	galaxy
2017-03-24 20:22:18	TAMU-CPT	galaxy-tools
2017-03-24 20:14:58	TAMU-CPT	galaxy-tools
2017-03-24 06:14:59	galaxyproject	galaxy
2017-03-24 04:31:36	TAMU-CPT	galaxy-circos-tool
2017-03-24 03:07:56	TAMU-CPT	galaxy-tools
2017-03-24 02:36:03	erasche	docker-apollo
2017-03-24 02:22:37	TAMU-CPT	galaxy-tools
2017-03-23 22:49:21	TAMU-CPT	rancher-catalog
2017-03-23 22:48:32	TAMU-CPT	rancher-catalog
2017-03-23 21:59:41	TAMU-CPT	rancher-catalog
2017-03-23 15:00:36	TAMU-CPT	galaxy-tools
2017-03-23 14:52:36	TAMU-CPT	galaxy-tools
2017-03-22 22:21:53	TAMU-CPT	galaxy-tools
2017-03-22 20:12:47	TAMU-CPT	galaxy-tools
2017-03-22 19:38:13	TAMU-CPT	galaxy-tools
2017-03-22 19:18:44	TAMU-CPT	galaxy-tools
2017-03-22 12:49:18	erasche	galaxyxml
2017-03-21 20:45:40	erasche	docker-chado
2017-03-19 16:54:59	erasche	redeclipse-maps
2017-03-18 15:03:44	TAMU-CPT	galaxy-circos-tool
2017-03-17 16:22:53	galaxyproject	cargo-port
2017-03-17 15:12:55	erasche	galaxy
2017-03-17 15:12:37	erasche	galaxy
2017-03-17 15:11:19	erasche	galaxy
2017-03-15 15:50:37	TAMU-CPT	galaxy-test-workflows
2017-03-15 15:48:42	TAMU-CPT	galaxy-test-workflows
2017-03-15 15:45:20	TAMU-CPT	galaxy-test-workflows
2017-03-15 15:36:51	TAMU-CPT	galaxy-test-workflows
2017-03-15 15:36:20	TAMU-CPT	galaxy-test-workflows
2017-03-15 15:34:34	TAMU-CPT	galaxy-test-workflows
2017-03-15 15:34:02	TAMU-CPT	galaxy-test-workflows
2017-03-15 15:32:22	TAMU-CPT	galaxy-test-workflows
2017-03-15 15:26:38	TAMU-CPT	galaxy-test-workflows
2017-03-15 01:47:59	TAMU-CPT	galaxy-tools
2017-03-15 00:20:35	TAMU-CPT	galaxy-tools
2017-03-14 22:59:31	TAMU-CPT	blast-db-download
2017-03-14 22:42:24	TAMU-CPT	galaxy-tools
2017-03-14 22:26:43	TAMU-CPT	galaxy-tools
2017-03-14 20:07:25	TAMU-CPT	galaxy-tools
2017-03-14 18:36:01	TAMU-CPT	galaxy-tools
2017-03-14 17:14:38	TAMU-CPT	galaxy-tools
2017-03-14 17:02:53	TAMU-CPT	galaxy-tools
2017-03-14 16:55:29	galaxy-genome-annotation	dockerized-gmod-deployment
2017-03-14 16:29:49	TAMU-CPT	galaxy-tools
2017-03-14 16:27:24	TAMU-CPT	galaxy-tools
2017-03-06 18:59:15	TAMU-CPT	galaxy-tools
2017-03-06 18:30:41	galaxy-genome-annotation	dockerized-gmod-deployment
2017-03-06 17:27:39	TAMU-CPT	galaxy-tools
2017-03-05 23:42:11	erasche	docker-galaxy-annotation
2017-03-05 23:41:48	TAMU-CPT	galaxy-apollo
2017-03-05 23:26:44	erasche	docker-galaxy-annotation
2017-03-05 22:27:49	erasche	dotfiles
2017-03-05 22:25:31	galaxy-genome-annotation	dockerized-gmod-deployment
2017-03-05 22:02:40	galaxy-genome-annotation	docker-galaxy-annotation
2017-03-05 22:02:38	erasche	docker-galaxy-annotation
2017-03-05 22:01:19	TAMU-CPT	galaxy-circos-tool
2017-03-05 21:42:34	galaxy-genome-annotation	docker-galaxy-annotation
2017-03-05 21:42:32	erasche	docker-galaxy-annotation
2017-03-05 03:22:12	galaxy-genome-annotation	docker-galaxy-annotation
2017-03-05 03:22:10	erasche	docker-galaxy-annotation
2017-03-05 03:15:17	galaxy-genome-annotation	dockerized-gmod-deployment
2017-03-05 03:14:40	erasche	jbrowse-chado-postgraphql
2017-03-05 03:12:19	erasche	jbrowse-chado-postgraphql
2017-03-05 02:24:31	galaxy-genome-annotation	dockerized-gmod-deployment
2017-03-05 02:24:14	erasche	docker-tripal
2017-03-05 02:23:24	galaxy-genome-annotation	docker-galaxy-annotation
2017-03-05 02:23:22	erasche	docker-galaxy-annotation
2017-03-05 02:21:33	erasche	jbrowse-chado-postgraphql
2017-03-04 23:04:49	erasche	docker-tripal
2017-03-04 23:00:23	TAMU-CPT	galaxy-apollo
2017-03-04 01:49:09	TAMU-CPT	galaxy-tools
2017-03-04 01:48:06	TAMU-CPT	galaxy-tools
2017-03-04 01:09:24	GMOD	jbrowse-registry
2017-03-04 01:05:24	GMOD	jbrowse-registry
2017-03-04 00:16:13	erasche	docker-apollo
2017-03-03 23:24:03	TAMU-CPT	galaxy-tools
2017-03-03 21:53:34	erasche	jbrowse
2017-03-03 19:40:22	TAMU-CPT	cacao-backend
2017-03-03 19:37:49	TAMU-CPT	cacao-backend
2017-03-03 19:08:28	erasche	docker-apollo
2017-03-03 18:59:09	TAMU-CPT	xunit-python-decorator
2017-03-03 17:26:23	erasche	docker-apollo
2017-03-03 17:25:09	TAMU-CPT	cacao-apollo-plugin
2017-03-02 22:52:10	erasche	galaxy
2017-03-02 21:28:25	TAMU-CPT	galaxy-tools
2017-03-02 21:20:37	erasche	gx-cookie-proxy
2017-03-02 21:11:25	TAMU-CPT	cacao-frontend
2017-03-02 21:00:20	TAMU-CPT	rancher-catalog
2017-03-02 21:00:07	TAMU-CPT	rancher-catalog
2017-03-02 20:56:32	TAMU-CPT	cacao-frontend
2017-03-02 20:54:56	TAMU-CPT	cacao-frontend
2017-03-02 19:24:25	erasche	erasche.github.io
2017-03-02 17:38:23	TAMU-CPT	bioconda-recipes
2017-03-02 03:42:10	galaxy-genome-annotation	docker-galaxy-annotation
2017-03-02 03:42:08	erasche	docker-galaxy-annotation
2017-03-02 03:39:43	TAMU-CPT	galaxy-apollo
2017-03-01 23:08:25	TAMU-CPT	cacao-frontend
2017-03-01 22:53:09	TAMU-CPT	cacao-frontend
2017-03-01 22:29:05	TAMU-CPT	cacao-backend
2017-03-01 21:48:38	TAMU-CPT	galaxy-circos-tool
2017-03-01 21:39:51	TAMU-CPT	cacao-backend
2017-03-01 21:39:28	TAMU-CPT	cacao-frontend
2017-03-01 21:39:11	TAMU-CPT	cacao-frontend
2017-03-01 20:19:01	erasche	docker-apollo
2017-03-01 18:31:47	erasche	docker-apollo
2017-03-01 18:31:46	erasche	docker-apollo
2017-03-01 18:31:45	erasche	docker-apollo
2017-03-01 18:31:41	erasche	docker-apollo
2017-02-28 17:59:27	TAMU-CPT	cacao-backend
2017-02-28 00:47:36	TAMU-CPT	cacao-backend
2017-02-28 00:44:34	TAMU-CPT	cacao-backend
2017-02-28 00:34:27	TAMU-CPT	galaxy-tools
2017-02-28 00:30:12	TAMU-CPT	rancher-catalog
2017-02-28 00:29:50	TAMU-CPT	cacao-backend
2017-02-28 00:29:12	TAMU-CPT	rancher-catalog
2017-02-27 23:24:20	erasche	gx-cookie-proxy
2017-02-27 23:22:59	erasche	gx-cookie-proxy
2017-02-27 23:17:53	erasche	docker-remote-user-proxy
2017-02-27 21:42:17	TAMU-CPT	cacao-backend
2017-02-25 20:26:16	TAMU-CPT	blast-db-download
2017-02-24 20:38:57	TAMU-CPT	rancher-catalog
2017-02-24 19:27:47	galaxyproject	galaxy
2017-02-24 19:26:41	galaxyproject	galaxy
2017-02-24 19:07:25	TAMU-CPT	blast-db-download
2017-02-24 18:10:38	TAMU-CPT	blast-db-download
2017-02-24 17:45:44	TAMU-CPT	blast-db-download
2017-02-24 17:43:39	TAMU-CPT	blast-db-download
2017-02-24 17:42:10	TAMU-CPT	blast-db-download
2017-02-24 17:39:43	TAMU-CPT	blast-db-download
2017-02-23 22:01:39	erasche	docker-recipes
2017-02-23 21:54:37	erasche	docker-postgraphql
2017-02-23 05:18:46	TAMU-CPT	galaxy-tools
2017-02-23 03:58:59	TAMU-CPT	galaxy-tools
2017-02-23 00:54:46	TAMU-CPT	galaxy-tools
2017-02-23 00:47:45	TAMU-CPT	galaxy-tools
2017-02-23 00:45:26	TAMU-CPT	galaxy-tools
2017-02-23 00:29:57	TAMU-CPT	galaxy-tools
2017-02-23 00:10:06	TAMU-CPT	galaxy-tools
2017-02-22 23:04:41	bgruening	galaxy_ie_helpers
2017-02-22 22:40:05	bgruening	galaxy_ie_helpers
2017-02-22 22:33:02	bgruening	galaxy_ie_helpers
2017-02-22 22:27:18	bgruening	galaxy_ie_helpers
2017-02-22 22:23:30	TAMU-CPT	galaxy-tools
2017-02-22 21:58:06	erasche	docker-rstudio-notebook
2017-02-22 21:46:29	TAMU-CPT	galaxy-tools
2017-02-22 03:23:56	TAMU-CPT	galaxy-tools
2017-02-22 02:08:11	TAMU-CPT	galaxy-tools
2017-02-21 18:38:43	erasche	docker-apollo
2017-02-21 18:01:18	erasche	jbrowse
2017-02-21 17:54:29	erasche	jbrowse
2017-02-21 17:23:46	erasche	galaxy
2017-02-21 16:50:54	erasche	docker-apollo
2017-02-21 16:41:24	erasche	Apollo
2017-02-21 16:10:20	TAMU-CPT	galaxy-tools
2017-02-20 22:18:26	galaxyproject	tools-iuc
2017-02-20 21:54:07	galaxyproject	tools-iuc
2017-02-20 20:25:28	galaxyproject	tools-iuc
2017-02-20 20:09:07	TAMU-CPT	galaxy-tools
2017-02-20 20:06:35	TAMU-CPT	galaxy-tools
2017-02-20 19:52:17	TAMU-CPT	galaxy-tools
2017-02-20 19:45:54	TAMU-CPT	galaxy-tools
2017-02-20 18:47:34	TAMU-CPT	galaxy-tools
2017-02-20 15:38:00	erasche	docker-postgraphql
2017-02-20 15:37:42	erasche	docker-postgraphql
2017-02-18 02:11:58	erasche	jbrowse-chado-postgraphql
2017-02-18 02:11:16	erasche	jbrowse-chado-postgraphql
2017-02-17 23:44:55	erasche	jbrowse-chado-postgraphql
2017-02-17 21:17:23	galaxyproject	galaxy
2017-02-17 00:00:26	erasche	docker-apollo
2017-02-16 23:58:40	erasche	Apollo
2017-02-16 05:04:25	TAMU-CPT	galaxy-tools
2017-02-16 04:56:50	TAMU-CPT	galaxy-tools
2017-02-16 04:12:16	TAMU-CPT	galaxy-tools
2017-02-16 03:36:50	TAMU-CPT	galaxy-tools
2017-02-16 03:30:19	TAMU-CPT	galaxy-tools
2017-02-16 03:20:53	TAMU-CPT	galaxy-tools
2017-02-16 03:16:19	TAMU-CPT	galaxy-tools
2017-02-16 02:59:18	TAMU-CPT	galaxy-tools
2017-02-16 02:52:54	TAMU-CPT	galaxy-tools
2017-02-16 02:36:11	TAMU-CPT	galaxy-tools
2017-02-16 02:35:24	TAMU-CPT	galaxy-tools
2017-02-16 02:26:55	TAMU-CPT	galaxy-tools
2017-02-16 02:11:56	TAMU-CPT	galaxy-tools
2017-02-16 01:53:15	TAMU-CPT	galaxy-tools
2017-02-15 21:31:28	erasche	galaxy
2017-02-15 21:28:47	erasche	galaxy
2017-02-15 21:08:16	TAMU-CPT	galaxy-tools
2017-02-15 18:29:00	TAMU-CPT	galaxy-tools
2017-02-15 17:42:41	TAMU-CPT	galaxy-tools
2017-02-15 17:30:36	TAMU-CPT	galaxy-tools
2017-02-15 17:27:17	TAMU-CPT	galaxy-tools
2017-02-15 15:55:42	TAMU-CPT	galaxy-tools
2017-02-15 15:54:15	TAMU-CPT	galaxy-tools
2017-02-15 06:35:09	TAMU-CPT	galaxy-tools
2017-02-15 06:14:45	TAMU-CPT	galaxy-tools
2017-02-15 06:11:57	TAMU-CPT	galaxy-tools
2017-02-15 05:56:14	TAMU-CPT	galaxy-tools
2017-02-15 05:32:18	TAMU-CPT	galaxy-tools
2017-02-15 05:05:53	TAMU-CPT	galaxy-tools
2017-02-15 05:03:33	TAMU-CPT	galaxy-tools
2017-02-15 03:33:36	TAMU-CPT	galaxy-tools
2017-02-15 03:25:45	TAMU-CPT	galaxy-tools
2017-02-15 03:17:31	TAMU-CPT	galaxy-tools
2017-02-15 03:11:01	TAMU-CPT	galaxy-tools
2017-02-15 03:08:17	TAMU-CPT	galaxy-tools
2017-02-15 03:07:51	TAMU-CPT	galaxy-tools
2017-02-15 02:59:26	TAMU-CPT	galaxy-tools
2017-02-15 02:56:00	TAMU-CPT	galaxy-tools
2017-02-15 02:49:44	TAMU-CPT	galaxy-tools
2017-02-15 02:48:56	TAMU-CPT	galaxy-tools
2017-02-15 02:47:49	TAMU-CPT	galaxy-tools
2017-02-15 02:44:25	TAMU-CPT	galaxy-tools
2017-02-15 02:43:55	TAMU-CPT	galaxy-tools
2017-02-15 02:40:12	TAMU-CPT	galaxy-tools
2017-02-14 19:12:01	TAMU-CPT	galaxy-tools
2017-02-14 18:58:40	TAMU-CPT	blast-db-download
2017-02-14 18:54:54	TAMU-CPT	blast-db-download
2017-02-14 18:19:46	TAMU-CPT	blast-db-download
2017-02-14 18:19:10	TAMU-CPT	blast-db-download
2017-02-14 18:18:13	TAMU-CPT	blast-db-download
2017-02-14 17:55:46	TAMU-CPT	blast-db-download
2017-02-14 15:01:08	TAMU-CPT	galaxy-tools
2017-02-14 14:42:35	TAMU-CPT	galaxy-tools
2017-02-14 14:33:10	galaxyproject	galaxy
2017-02-14 05:01:11	TAMU-CPT	galaxy-tools
2017-02-14 00:52:51	TAMU-CPT	galaxy-tools
2017-02-14 00:45:19	TAMU-CPT	galaxy-tools
2017-02-13 19:28:20	TAMU-CPT	docker-postgres-backup
2017-02-13 19:02:56	TAMU-CPT	galaxy-tools
2017-02-13 18:06:58	TAMU-CPT	galaxy-tools
2017-02-13 02:54:28	erasche	CTFd
2017-02-13 02:53:56	erasche	CTFd
2017-02-10 22:36:40	TAMU-CPT	galaxy-tools
2017-02-10 22:31:19	TAMU-CPT	galaxy-tools
2017-02-10 05:23:50	erasche	redeclipse-maps
2017-02-10 05:22:03	erasche	redeclipse-maps
2017-02-10 04:11:02	erasche	redeclipse-maps
2017-02-10 03:43:43	erasche	redeclipse-maps
2017-02-09 21:21:54	TAMU-CPT	galaxy-tools
2017-02-09 21:14:57	TAMU-CPT	galaxy-tools
2017-02-09 21:02:38	TAMU-CPT	galaxy-tools
2017-02-09 20:08:21	TAMU-CPT	galaxy-tools
2017-02-09 17:41:17	TAMU-CPT	galaxy-test-workflows
2017-02-09 17:32:14	TAMU-CPT	galaxy-test-workflows
2017-02-09 17:26:26	galaxyproject	tools-iuc
2017-02-09 17:24:33	TAMU-CPT	cert-expiry-watcher
2017-02-09 17:21:53	TAMU-CPT	cert-expiry-watcher
2017-02-09 07:56:50	erasche	redeclipse-maps
2017-02-09 07:55:06	erasche	redeclipse-maps
2017-02-09 07:53:36	erasche	redeclipse-maps
2017-02-09 07:52:58	erasche	redeclipse-maps
2017-02-09 07:46:32	erasche	redeclipse-maps
2017-02-09 03:56:32	erasche	redeclipse-maps
2017-02-09 01:45:15	TAMU-CPT	galaxy-tools
2017-02-09 01:40:24	TAMU-CPT	galaxy-tools
2017-02-09 01:21:41	TAMU-CPT	galaxy-tools
2017-02-09 00:59:58	TAMU-CPT	galaxy-tools
2017-02-09 00:56:06	TAMU-CPT	galaxy-tools
2017-02-09 00:54:11	TAMU-CPT	galaxy-tools
2017-02-08 21:52:51	bgruening	galaxy_ie_helpers
2017-02-08 21:52:04	bgruening	galaxy_ie_helpers
2017-02-08 19:46:34	TAMU-CPT	docker-recipes
2017-02-08 19:45:45	elenimijalis	go_parse
2017-02-08 19:36:06	TAMU-CPT	rancher-catalog
2017-02-08 19:11:04	TAMU-CPT	docker-recipes
2017-02-08 18:22:03	erasche	docker-apollo
2017-02-08 17:12:11	TAMU-CPT	galaxy-tools
2017-02-08 07:20:01	erasche	docker-postgraphql
2017-02-08 07:10:31	erasche	chado-jbrowse-connector
2017-02-07 20:17:07	TAMU-CPT	galaxy-tools
2017-02-07 20:14:23	TAMU-CPT	galaxy-tools
2017-02-07 20:07:43	TAMU-CPT	galaxy-tools
2017-02-07 19:48:07	TAMU-CPT	galaxy-tools
2017-02-07 18:17:43	TAMU-CPT	guanine
2017-02-07 18:17:35	TAMU-CPT	guanine-frontend
2017-02-07 17:09:53	GMOD	jbrowse-registry
2017-02-07 16:41:52	erasche	argparse2tool
2017-02-07 16:28:44	erasche	argparse2tool
2017-02-07 05:11:03	TAMU-CPT	galaxy-apollo
2017-02-07 05:10:41	TAMU-CPT	one_snp_away
2017-02-07 05:09:14	TAMU-CPT	CHAPLIN
2017-02-07 05:08:49	TAMU-CPT	parse-jpred
2017-02-07 05:08:13	TAMU-CPT	Phage-Registry
2017-02-07 05:07:40	TAMU-CPT	cacao-apollo-plugin
2017-02-07 05:05:31	TAMU-CPT	galaxy-circos-tool
2017-02-07 05:04:22	TAMU-CPT	cacao-frontend
2017-02-07 05:03:09	TAMU-CPT	docker-recipes
2017-02-07 04:58:27	TAMU-CPT	licecomb
2017-02-07 04:57:02	TAMU-CPT	galaxy-apollo-docs
2017-02-07 04:55:50	TAMU-CPT	spanins-frontend
2017-02-07 04:55:39	TAMU-CPT	rancher-catalog
2017-02-07 04:54:26	TAMU-CPT	cacao-backend
2017-02-07 04:54:16	TAMU-CPT	lims-backend
2017-02-07 04:54:04	TAMU-CPT	spanins
2017-02-07 04:53:54	TAMU-CPT	CICADA
2017-02-07 04:53:13	TAMU-CPT	gdrive-folders-for-student-data
2017-02-07 04:52:52	TAMU-CPT	guanine-frontend
2017-02-07 04:52:38	TAMU-CPT	lims-frontend
2017-02-07 04:52:17	TAMU-CPT	galaxy-tools
2017-02-07 04:45:25	TAMU-CPT	galaxy-test-workflows
2017-02-07 04:40:32	TAMU-CPT	galaxy-test-workflows
2017-02-07 04:38:03	TAMU-CPT	galaxy-test-workflows
2017-02-06 16:11:49	galaxyproject	tools-iuc
2017-02-06 02:49:12	erasche	redeclipse-maps
2017-02-06 02:47:12	erasche	redeclipse-maps
2017-02-04 21:51:08	TAMU-CPT	galaxy-tools
2017-02-04 21:07:48	TAMU-CPT	rancher-catalog
2017-02-04 20:37:20	TAMU-CPT	rancher-catalog
2017-02-04 18:52:40	TAMU-CPT	rancher-catalog
2017-02-04 18:45:10	TAMU-CPT	rancher-catalog
2017-02-04 18:36:00	TAMU-CPT	rancher-catalog
2017-02-04 18:17:57	TAMU-CPT	rancher-catalog
2017-02-04 16:43:13	TAMU-CPT	docker-postgres-backup
2017-02-04 16:38:24	TAMU-CPT	docker-postgres-backup
2017-02-04 04:26:30	erasche	docker-recipes
2017-02-04 04:10:53	erasche	docker-recipes
2017-02-04 04:00:46	erasche	docker-recipes
2017-02-04 03:54:21	erasche	docker-recipes
2017-02-04 03:50:44	erasche	docker-postgrest
2017-02-04 03:27:36	erasche	docker-postgrest
2017-02-04 03:25:53	erasche	docker-postgrest
2017-02-04 02:56:50	erasche	docker-postgraphql
2017-02-04 02:47:06	erasche	docker-chado
2017-02-04 00:23:21	TAMU-CPT	blast-db-download
2017-02-04 00:12:10	TAMU-CPT	blast-db-download
2017-02-03 21:15:25	TAMU-CPT	blast-db-download
2017-02-03 20:17:20	TAMU-CPT	blast-db-download
2017-02-03 18:32:25	TAMU-CPT	rancher-catalog
2017-02-03 18:32:01	TAMU-CPT	rancher-catalog
2017-02-03 18:12:18	TAMU-CPT	blast-db-download
2017-02-03 16:54:15	TAMU-CPT	docker-postgres-backup
2017-02-03 01:16:03	erasche	gx-cookie-proxy
2017-02-03 01:14:21	TAMU-CPT	rancher-catalog
2017-02-03 01:11:13	TAMU-CPT	rancher-catalog
2017-02-03 01:02:47	TAMU-CPT	rancher-catalog
2017-02-02 22:10:31	erasche	docker-rstudio-notebook
2017-02-02 18:23:22	erasche	gx-cookie-proxy
2017-02-02 18:22:25	erasche	gx-cookie-proxy
2017-02-02 18:17:42	erasche	Apollo
2017-02-02 18:16:32	erasche	gx-cookie-proxy
2017-02-02 16:35:52	TAMU-CPT	galaxy-tools
2017-02-02 16:30:17	TAMU-CPT	galaxy-tools
2017-02-02 06:21:40	erasche	docker-apollo
2017-02-02 06:02:07	TAMU-CPT	rancher-catalog
2017-02-02 05:44:19	erasche	gx-cookie-proxy
2017-02-02 05:41:34	erasche	gx-cookie-proxy
2017-02-02 05:19:35	TAMU-CPT	rancher-catalog
2017-02-02 05:12:12	erasche	gx-cookie-proxy
2017-02-01 21:32:12	TAMU-CPT	rancher-catalog
2017-02-01 21:31:05	TAMU-CPT	rancher-catalog
2017-02-01 21:28:56	TAMU-CPT	rancher-catalog
2017-02-01 21:23:22	TAMU-CPT	rancher-catalog
2017-02-01 21:20:37	TAMU-CPT	docker-postgres-backup
2017-02-01 21:12:49	TAMU-CPT	rancher-catalog
2017-02-01 21:10:30	TAMU-CPT	docker-postgres-backup
2017-02-01 21:09:30	TAMU-CPT	docker-postgres-backup
2017-02-01 20:01:19	TAMU-CPT	galaxy-tools
2017-02-01 19:39:12	TAMU-CPT	rancher-catalog
2017-02-01 19:34:31	TAMU-CPT	rancher-catalog
2017-02-01 19:30:03	TAMU-CPT	rancher-catalog
2017-02-01 19:28:53	TAMU-CPT	rancher-catalog
2017-02-01 18:43:26	TAMU-CPT	rancher-catalog
2017-02-01 18:31:10	TAMU-CPT	rancher-catalog
2017-02-01 18:16:58	erasche	galaxy
2017-02-01 18:06:28	erasche	galaxy
2017-02-01 14:38:11	TAMU-CPT	galaxy-apollo
2017-02-01 06:40:23	erasche	docker-remote-user-proxy
2017-02-01 05:29:24	erasche	Apollo
2017-02-01 04:10:01	erasche	Apollo
2017-02-01 03:42:56	erasche	docker-apollo
2017-02-01 03:42:27	erasche	Apollo
2017-02-01 02:07:54	TAMU-CPT	galaxy-apollo
2017-02-01 01:36:27	TAMU-CPT	galaxy-apollo
2017-02-01 01:24:28	TAMU-CPT	galaxy-apollo
2017-01-31 20:47:51	TAMU-CPT	galaxy-tools
2017-01-31 20:31:47	erasche	galaxyxml
2017-01-31 20:27:19	erasche	galaxyxml
2017-01-31 20:26:03	erasche	galaxyxml
2017-01-31 19:11:41	erasche	gx-cookie-proxy
2017-01-31 19:08:49	erasche	gx-cookie-proxy
2017-01-31 18:35:21	erasche	gx-cookie-proxy
2017-01-31 18:10:50	erasche	gx-cookie-proxy
2017-01-31 18:09:22	TAMU-CPT	galaxy-apollo
2017-01-31 06:32:38	erasche	erasche.github.io
2017-01-31 06:32:30	erasche	erasche.github.io
2017-01-31 02:05:24	TAMU-CPT	galaxy-tools
2017-01-31 01:59:01	TAMU-CPT	galaxy-tools
2017-01-31 01:53:39	TAMU-CPT	galaxy-tools
2017-01-31 01:48:52	TAMU-CPT	galaxy-tools
2017-01-31 01:44:41	TAMU-CPT	galaxy-tools
2017-01-31 00:36:54	TAMU-CPT	galaxy-tools
2017-01-30 22:59:15	TAMU-CPT	lims-backend
2017-01-30 22:59:11	TAMU-CPT	lims-frontend
2017-01-30 20:57:06	TAMU-CPT	galaxy-tools
2017-01-30 17:04:45	galaxyproject	cargo-port
2017-01-30 07:24:15	galaxyproject	cargo-port
2017-01-30 07:22:17	bgruening	galaxy_ie_helpers
2017-01-27 05:04:05	TAMU-CPT	lims-frontend
2017-01-27 05:02:37	TAMU-CPT	lims-backend
2017-01-27 04:52:49	TAMU-CPT	lims-frontend
2017-01-27 04:47:29	TAMU-CPT	lims-frontend
2017-01-27 03:49:24	TAMU-CPT	lims-frontend
2017-01-27 03:43:19	TAMU-CPT	lims-backend
2017-01-27 03:41:52	TAMU-CPT	lims-backend
2017-01-27 00:46:06	TAMU-CPT	lims-backend
2017-01-27 00:00:28	TAMU-CPT	galaxy-tools
2017-01-26 20:42:06	TAMU-CPT	galaxy-tools
2017-01-26 20:31:45	TAMU-CPT	galaxy-tools
2017-01-26 20:29:47	TAMU-CPT	galaxy-tools
2017-01-26 19:01:41	TAMU-CPT	lims-backend
2017-01-26 18:59:29	TAMU-CPT	lims-frontend
2017-01-26 18:22:13	erasche	docker-remote-user-proxy
2017-01-26 18:11:20	TAMU-CPT	docker-httpbin
2017-01-26 17:41:00	TAMU-CPT	spanins-frontend
2017-01-26 17:40:12	TAMU-CPT	spanins
2017-01-26 17:37:38	TAMU-CPT	guanine
2017-01-26 17:37:11	TAMU-CPT	guanine-frontend
2017-01-26 17:36:16	TAMU-CPT	cacao-frontend
2017-01-26 17:35:58	TAMU-CPT	cacao-backend
2017-01-26 17:16:19	TAMU-CPT	galaxy-tools
2017-01-26 16:12:06	TAMU-CPT	lims-frontend
2017-01-26 16:05:13	TAMU-CPT	lims-frontend
2017-01-26 02:19:54	erasche	docker-apollo
2017-01-25 22:29:21	TAMU-CPT	lims-frontend
2017-01-25 22:23:54	TAMU-CPT	lims-frontend
2017-01-25 20:56:43	TAMU-CPT	galaxy-tools
2017-01-25 20:56:25	TAMU-CPT	galaxy-tools
2017-01-25 20:48:35	TAMU-CPT	galaxy-tools
2017-01-25 20:48:18	TAMU-CPT	galaxy-tools
2017-01-25 20:42:11	TAMU-CPT	galaxy-tools
2017-01-25 20:37:57	TAMU-CPT	galaxy-tools
2017-01-25 17:36:17	TAMU-CPT	guanine
2017-01-25 17:35:35	TAMU-CPT	guanine
2017-01-25 17:33:37	TAMU-CPT	mauved3
2017-01-25 17:16:43	TAMU-CPT	mauved3
2017-01-25 06:45:51	erasche	redeclipse-maps
2017-01-25 06:45:19	erasche	redeclipse-maps
2017-01-25 06:18:17	galaxyproject	cargo-port
2017-01-25 06:17:41	galaxyproject	cargo-port
2017-01-25 06:15:46	galaxyproject	cargo-port
2017-01-25 06:11:57	galaxyproject	cargo-port
2017-01-25 06:07:10	galaxyproject	cargo-port
2017-01-25 05:59:50	galaxyproject	cargo-port
2017-01-25 05:57:32	galaxyproject	cargo-port
2017-01-25 05:50:55	galaxyproject	cargo-port
2017-01-25 05:36:13	galaxyproject	cargo-port
2017-01-25 05:19:39	galaxyproject	cargo-port
2017-01-24 23:28:10	TAMU-CPT	blast-db-download
2017-01-24 22:40:01	TAMU-CPT	galaxy-tools
2017-01-24 20:43:18	erasche	dotfiles
2017-01-24 20:28:36	TAMU-CPT	galaxy-tools
2017-01-24 18:27:49	TAMU-CPT	galaxy-tools
2017-01-24 17:29:38	TAMU-CPT	galaxy-tools
2017-01-24 04:40:09	TAMU-CPT	galaxy-tools
2017-01-24 04:16:49	TAMU-CPT	rancher-catalog
2017-01-24 03:55:08	TAMU-CPT	rancher-catalog
2017-01-24 03:27:48	TAMU-CPT	blast-db-download
2017-01-24 03:21:06	TAMU-CPT	rancher-catalog
2017-01-24 03:04:03	TAMU-CPT	rancher-catalog
2017-01-24 03:03:38	TAMU-CPT	rancher-catalog
2017-01-24 03:00:56	TAMU-CPT	rancher-catalog
2017-01-24 02:59:02	TAMU-CPT	rancher-catalog
2017-01-24 02:49:26	TAMU-CPT	rancher-catalog
2017-01-24 02:45:11	TAMU-CPT	rancher-catalog
2017-01-24 02:44:12	TAMU-CPT	rancher-catalog
2017-01-24 02:42:12	TAMU-CPT	rancher-catalog
2017-01-24 02:39:49	TAMU-CPT	rancher-catalog
2017-01-24 02:37:24	TAMU-CPT	rancher-catalog
2017-01-24 02:33:23	TAMU-CPT	rancher-catalog
2017-01-22 05:59:26	erasche	erasche.github.io
2017-01-22 05:59:19	erasche	erasche.github.io
2017-01-22 05:29:27	erasche	erasche.github.io
2017-01-22 05:29:20	erasche	erasche.github.io
2017-01-22 04:41:02	erasche	erasche.github.io
2017-01-22 04:14:37	erasche	erasche.github.io
2017-01-22 04:14:30	erasche	erasche.github.io
2017-01-22 04:14:23	erasche	erasche.github.io
2017-01-22 04:02:36	erasche	erasche.github.io
2017-01-22 04:02:29	erasche	erasche.github.io
2017-01-22 04:00:33	erasche	erasche.github.io
2017-01-22 04:00:26	erasche	erasche.github.io
2017-01-22 03:56:43	erasche	erasche.github.io
2017-01-22 03:56:37	erasche	erasche.github.io
2017-01-20 22:24:38	TAMU-CPT	rancher-catalog
2017-01-20 21:39:04	TAMU-CPT	rancher-catalog
2017-01-20 21:34:48	TAMU-CPT	rancher-catalog
2017-01-19 20:11:35	TAMU-CPT	mauved3
2017-01-19 19:22:41	TAMU-CPT	galaxy-tools
2017-01-19 18:29:44	TAMU-CPT	rancher-catalog
2017-01-19 16:47:29	TAMU-CPT	galaxy-tools
2017-01-19 16:47:01	TAMU-CPT	galaxy-tools
2017-01-19 03:10:17	TAMU-CPT	blast-db-download
2017-01-18 23:40:39	TAMU-CPT	galaxy-tools
2017-01-18 23:39:26	TAMU-CPT	galaxy-tools
2017-01-18 23:14:27	TAMU-CPT	blast-db-download
2017-01-18 23:11:11	TAMU-CPT	galaxy-tools
2017-01-18 23:10:36	TAMU-CPT	blast-db-download
2017-01-18 22:13:03	TAMU-CPT	blast-db-download
2017-01-18 22:06:58	TAMU-CPT	blast-db-download
2017-01-18 22:05:43	TAMU-CPT	blast-db-download
2017-01-18 22:04:13	TAMU-CPT	blast-db-download
2017-01-18 22:02:49	TAMU-CPT	blast-db-download
2017-01-18 21:58:07	TAMU-CPT	galaxy-tools
2017-01-18 21:18:51	TAMU-CPT	galaxy-tools
2017-01-18 20:57:27	TAMU-CPT	galaxy-tools
2017-01-18 20:50:08	TAMU-CPT	blast-db-download
2017-01-18 20:49:02	TAMU-CPT	blast-db-download
2017-01-18 20:06:39	TAMU-CPT	galaxy-tools
2017-01-18 18:18:08	TAMU-CPT	blast-db-download
2017-01-17 22:31:33	TAMU-CPT	blast-db-download
2017-01-17 22:24:10	TAMU-CPT	galaxy-tools
2017-01-17 22:23:33	TAMU-CPT	galaxy-tools
2017-01-17 22:21:57	TAMU-CPT	galaxy-tools
2017-01-17 22:21:38	TAMU-CPT	galaxy-tools
2017-01-17 22:16:15	TAMU-CPT	galaxy-tools
2017-01-17 19:57:04	TAMU-CPT	gdrive-folders-for-student-data
2017-01-17 19:18:38	TAMU-CPT	galaxy-tools
2017-01-17 19:17:10	TAMU-CPT	galaxy-tools
2017-01-17 18:06:07	erasche	galaxyxml
2017-01-17 18:05:03	erasche	galaxyxml
2017-01-17 17:59:30	erasche	galaxyxml
2017-01-17 17:53:54	erasche	galaxyxml
2017-01-17 17:49:04	erasche	galaxyxml
2017-01-17 17:47:10	erasche	galaxyxml
2017-01-17 17:45:50	erasche	galaxyxml
2017-01-17 17:16:27	erasche	galaxyxml
2017-01-17 17:12:59	erasche	hello-world-interactive-environment
2017-01-13 21:04:48	erasche	galaxy
2017-01-13 18:47:01	erasche	galaxy
2017-01-13 18:36:38	erasche	dotfiles
2017-01-13 18:08:46	erasche	galaxy
2017-01-12 22:42:28	erasche	galaxy
2017-01-12 21:15:54	erasche	galaxy
2017-01-12 00:47:01	erasche	dotfiles
2017-01-11 22:30:46	galaxyproject	galaxy-hub
2017-01-11 22:18:48	galaxyproject	galaxy-hub
2017-01-11 20:48:24	erasche	docker-apollo
2017-01-11 20:48:17	erasche	docker-apollo
2017-01-11 20:40:14	erasche	docker-apollo
2017-01-11 20:35:00	erasche	Apollo
2017-01-11 19:02:30	erasche	emboss-5.0-docs
2017-01-11 00:21:17	galaxyproject	galaxy
2017-01-10 21:08:19	erasche	Apollo
2017-01-10 21:06:10	TAMU-CPT	galaxy-tools
2017-01-10 20:49:12	TAMU-CPT	cacao-backend
2017-01-10 19:43:58	TAMU-CPT	cacao-frontend
2017-01-10 19:23:50	TAMU-CPT	guanine-frontend
2017-01-10 18:26:13	TAMU-CPT	galaxy-tools
2017-01-10 17:49:17	TAMU-CPT	galaxy-tools
2017-01-09 22:15:46	TAMU-CPT	lims-backend
2017-01-09 22:06:37	TAMU-CPT	lims-backend
2017-01-09 21:11:21	TAMU-CPT	lims-backend
2017-01-09 19:26:29	TAMU-CPT	lims-frontend
2017-01-09 19:25:47	TAMU-CPT	lims-frontend
2017-01-08 15:07:32	GMOD	jbrowse-registry
2017-01-08 14:56:10	GMOD	jbrowse-registry
2017-01-08 14:53:42	GMOD	jbrowse-registry
2017-01-08 14:44:24	erasche	jbrowse
2017-01-08 14:40:30	GMOD	jbrowse-registry
2017-01-08 14:28:54	erasche	jbrowse
2017-01-08 14:28:35	erasche	jbrowse
2017-01-08 14:28:26	erasche	jbrowse
2017-01-08 14:28:01	erasche	jbrowse
2017-01-08 13:14:47	GMOD	jbrowse-registry
2017-01-08 12:31:58	GMOD	jbrowse-registry
2017-01-08 12:15:37	GMOD	jbrowse-registry
2017-01-08 12:07:39	GMOD	jbrowse-registry
2017-01-08 12:05:28	GMOD	jbrowse-registry
2017-01-08 11:02:58	GMOD	jbrowse-registry
2017-01-08 11:00:24	GMOD	jbrowse-registry
2017-01-08 10:57:55	erasche	jbrowse-registry
2017-01-08 10:47:21	GMOD	jbrowse-registry
2017-01-08 10:47:05	erasche	jbrowse-registry
2017-01-08 10:33:06	GMOD	jbrowse-registry
2017-01-08 10:29:54	GMOD	jbrowse-registry
2017-01-08 10:27:39	GMOD	jbrowse-registry
2017-01-08 10:27:14	GMOD	jbrowse-registry
2017-01-07 12:25:19	erasche	erasche.github.io
2017-01-07 12:25:13	erasche	erasche.github.io
2017-01-07 12:14:55	erasche	erasche.github.io
2017-01-07 12:14:49	erasche	erasche.github.io
2017-01-07 12:04:19	erasche	erasche.github.io
2017-01-07 12:04:08	erasche	erasche.github.io
2017-01-07 11:53:08	erasche	erasche.github.io
2017-01-07 11:53:03	erasche	erasche.github.io
2017-01-07 11:43:20	erasche	erasche.github.io
2017-01-07 11:43:15	erasche	erasche.github.io
2017-01-07 11:26:42	erasche	CircosThreadTone
2017-01-07 10:05:47	erasche	CircosThreadTone
2017-01-07 10:00:01	erasche	CircosThreadTone
2017-01-07 09:57:34	erasche	CircosThreadTone
2017-01-07 08:23:54	erasche	erasche.github.io
2017-01-07 08:23:51	erasche	erasche.github.io
2017-01-07 08:22:13	erasche	erasche.github.io
2017-01-07 08:22:09	erasche	erasche.github.io
2017-01-07 08:13:54	erasche	erasche.github.io
2017-01-07 08:13:51	erasche	erasche.github.io
2017-01-07 08:13:16	erasche	galaxy-workflow-plotter
2017-01-07 08:08:31	erasche	erasche.github.io
2017-01-07 08:08:19	erasche	erasche.github.io
2017-01-07 06:54:50	erasche	erasche.github.io
2017-01-07 06:54:47	erasche	erasche.github.io
2017-01-07 06:47:54	erasche	erasche.github.io
2017-01-07 06:47:51	erasche	erasche.github.io
2017-01-07 06:47:44	erasche	erasche.github.io
2017-01-07 06:47:34	erasche	erasche.github.io
2017-01-07 06:47:31	erasche	erasche.github.io
2017-01-07 06:46:55	erasche	erasche.github.io
2017-01-07 06:40:19	erasche	erasche.github.io
2017-01-07 06:38:34	erasche	erasche.github.io
2017-01-07 06:20:38	erasche	erasche.github.io
2017-01-07 06:20:21	erasche	erasche.github.io
2017-01-07 06:13:37	erasche	erasche.github.io
2017-01-07 06:11:09	erasche	erasche.github.io
2017-01-07 05:39:28	erasche	erasche.github.io
2017-01-07 05:39:02	erasche	erasche.github.io
2017-01-07 05:38:37	erasche	erasche.github.io
2017-01-07 05:21:41	erasche	erasche.github.io
2017-01-07 05:21:38	erasche	erasche.github.io
2017-01-07 05:19:05	erasche	erasche.github.io
2017-01-07 05:17:00	erasche	erasche.github.io
2017-01-07 05:07:47	erasche	erasche.github.io
2017-01-07 05:06:37	erasche	erasche.github.io
2017-01-07 05:05:46	erasche	erasche.github.io
2017-01-06 20:47:13	TAMU-CPT	lims-backend
2017-01-06 20:41:51	TAMU-CPT	lims-backend
2017-01-06 20:37:27	TAMU-CPT	lims-backend
2017-01-06 20:33:11	TAMU-CPT	lims-backend
2017-01-06 20:29:11	TAMU-CPT	lims-backend
2017-01-06 20:25:01	TAMU-CPT	lims-backend
2017-01-06 20:20:56	TAMU-CPT	lims-backend
2017-01-06 20:13:43	TAMU-CPT	lims-backend
2017-01-06 20:05:40	TAMU-CPT	lims-backend
2017-01-06 20:01:32	TAMU-CPT	lims-backend
2017-01-06 19:25:31	TAMU-CPT	galaxy-tools
2017-01-06 19:22:21	TAMU-CPT	lims-backend
2017-01-06 19:14:34	TAMU-CPT	galaxy-tools
2017-01-06 18:59:03	TAMU-CPT	galaxy-tools
2017-01-06 18:55:09	TAMU-CPT	lims-backend
2017-01-06 18:32:11	TAMU-CPT	lims-backend
2017-01-06 18:02:13	TAMU-CPT	galaxy-tools
2017-01-06 17:42:48	TAMU-CPT	galaxy-workflow-import-tester
2017-01-06 17:41:40	TAMU-CPT	galaxy-workflow-import-tester
2017-01-06 16:23:26	TAMU-CPT	galaxy-workflow-import-tester
2017-01-06 15:20:11	galaxy-iuc	parsec
2017-01-04 19:17:46	erasche	dotfiles
2017-01-02 23:28:16	erasche	redeclipse-maps
2017-01-02 10:46:06	erasche	galaxyxml
2016-12-24 23:20:52	erasche	dotfiles
2016-12-24 19:26:48	TAMU-CPT	lims-frontend
2016-12-24 18:45:57	TAMU-CPT	blast-db-download
2016-12-24 18:24:28	TAMU-CPT	lims-frontend
2016-12-23 21:45:19	TAMU-CPT	rancher-catalog
2016-12-23 21:38:47	TAMU-CPT	rancher-catalog
2016-12-23 21:32:41	TAMU-CPT	lims-backend
2016-12-23 21:00:42	TAMU-CPT	docker-recipes
2016-12-23 20:56:23	TAMU-CPT	lims-backend
2016-12-23 20:45:58	TAMU-CPT	lims-backend
2016-12-23 20:43:21	TAMU-CPT	lims-backend
2016-12-23 20:41:21	TAMU-CPT	lims-backend
2016-12-23 20:35:23	TAMU-CPT	lims-backend
2016-12-23 20:23:56	TAMU-CPT	lims-backend
2016-12-23 20:22:26	TAMU-CPT	lims-frontend
2016-12-23 20:14:18	TAMU-CPT	rancher-catalog
2016-12-23 20:10:16	TAMU-CPT	lims-backend
2016-12-23 20:09:42	TAMU-CPT	lims-frontend
2016-12-23 09:08:44	TAMU-CPT	lims-frontend
2016-12-23 09:08:27	TAMU-CPT	lims-backend
2016-12-22 22:58:25	TAMU-CPT	lims-backend
2016-12-22 22:46:45	TAMU-CPT	lims-backend
2016-12-22 22:05:44	TAMU-CPT	lims-frontend
2016-12-22 21:37:01	TAMU-CPT	lims-frontend
2016-12-22 21:35:43	TAMU-CPT	lims-backend
2016-12-22 20:31:36	TAMU-CPT	lims-backend
2016-12-22 19:30:42	TAMU-CPT	lims-backend
2016-12-22 19:28:47	TAMU-CPT	lims-backend
2016-12-22 19:28:24	TAMU-CPT	lims-backend
2016-12-22 18:28:34	galaxy-genome-annotation	docker-galaxy-annotation
2016-12-22 18:28:32	erasche	docker-galaxy-annotation
2016-12-22 07:45:02	erasche	dotfiles
2016-12-22 07:29:36	erasche	dotfiles
2016-12-21 23:33:10	TAMU-CPT	lims-frontend
2016-12-21 19:08:41	TAMU-CPT	lims-backend
2016-12-21 18:42:26	erasche	docker-apollo
2016-12-21 18:25:45	erasche	Apollo
2016-12-21 18:19:06	TAMU-CPT	galaxy-tools
2016-12-21 18:12:18	TAMU-CPT	galaxy-tools
2016-12-21 04:11:58	erasche	galaxy
2016-12-20 21:34:22	TAMU-CPT	galaxy-tools
2016-12-20 19:33:36	TAMU-CPT	galaxy-tools
2016-12-20 19:29:40	erasche	galaxy
2016-12-20 17:00:03	erasche	galaxy
2016-12-20 16:39:14	TAMU-CPT	galaxy-tools
2016-12-20 16:25:16	erasche	galaxy
2016-12-20 16:21:43	erasche	galaxy
2016-12-20 05:51:38	erasche	fakeCAS
2016-12-20 05:50:25	erasche	fakeCAS
2016-12-20 05:47:44	erasche	fakeCAS
2016-12-20 05:41:13	erasche	fakeCAS
2016-12-20 05:39:03	erasche	fakeCAS
2016-12-19 21:30:42	TAMU-CPT	galaxy-tools
2016-12-19 21:19:50	erasche	galaxy
2016-12-19 20:28:32	erasche	galaxy
2016-12-19 20:16:41	TAMU-CPT	galaxy-tools
2016-12-19 19:44:48	TAMU-CPT	galaxy-tools
2016-12-19 19:43:38	TAMU-CPT	galaxy-tools
2016-12-19 19:29:13	TAMU-CPT	galaxy-tools
2016-12-19 19:25:59	TAMU-CPT	galaxy-tools
2016-12-19 19:25:09	TAMU-CPT	galaxy-tools
2016-12-19 19:06:39	TAMU-CPT	galaxy-tools
2016-12-19 18:39:58	TAMU-CPT	galaxy-tools
2016-12-19 18:38:07	TAMU-CPT	galaxy-tools
2016-12-19 02:46:06	Acekith	media-control
2016-12-19 02:45:33	Acekith	media-control
2016-12-19 01:20:28	TAMU-CPT	galaxy-tools
2016-12-19 00:30:27	TAMU-CPT	galaxy-tools
2016-12-19 00:27:38	TAMU-CPT	galaxy-tools
2016-12-19 00:20:14	TAMU-CPT	galaxy-tools
2016-12-19 00:01:49	TAMU-CPT	galaxy-tools
2016-12-18 22:17:26	erasche	redeclipse-maps
2016-12-18 22:12:19	erasche	redeclipse-maps
2016-12-18 22:06:31	erasche	redeclipse-maps
2016-12-18 22:03:23	erasche	redeclipse-maps
2016-12-17 22:32:41	galaxyproject	galaxy
2016-12-17 02:13:09	TAMU-CPT	lims-frontend
2016-12-17 02:13:03	TAMU-CPT	lims-backend
2016-12-16 23:15:51	TAMU-CPT	lims-backend
2016-12-16 20:50:22	TAMU-CPT	lims-backend
2016-12-16 20:32:54	TAMU-CPT	lims-backend
2016-12-16 19:32:55	TAMU-CPT	guanine
2016-12-16 18:38:35	TAMU-CPT	lims-backend
2016-12-15 21:25:02	TAMU-CPT	lims-frontend
2016-12-15 20:27:34	TAMU-CPT	lims-frontend
2016-12-15 16:39:14	erasche	galaxy-site
2016-12-15 15:54:42	TAMU-CPT	blast-db-download
2016-12-15 15:11:52	erasche	docker-tripal
2016-12-15 05:38:32	erasche	docker-chado
2016-12-15 05:28:18	erasche	docker-chado
2016-12-15 03:07:06	TAMU-CPT	blast-db-download
2016-12-14 21:19:29	TAMU-CPT	blast-db-download
2016-12-14 04:06:10	TAMU-CPT	licecomb
2016-12-14 03:32:29	erasche	galaxyxml
2016-12-13 22:00:37	TAMU-CPT	mauved3
2016-12-13 21:50:31	TAMU-CPT	galaxy-tools
2016-12-13 21:06:02	TAMU-CPT	galaxy-tools
2016-12-13 20:51:14	TAMU-CPT	galaxy-tools
2016-12-13 16:17:47	TAMU-CPT	galaxy-tools
2016-12-12 21:01:07	TAMU-CPT	galaxy-tools
2016-12-12 21:00:30	TAMU-CPT	galaxy-tools
2016-12-12 18:19:47	galaxyproject	tools-iuc
2016-12-10 06:59:01	erasche	redeclipse-maps
2016-12-10 06:46:16	erasche	redeclipse-maps
2016-12-10 06:46:06	erasche	redeclipse-maps
2016-12-10 03:55:15	erasche	redeclipse-maps
2016-12-09 22:30:04	TAMU-CPT	lims-backend
2016-12-09 22:26:09	TAMU-CPT	lims-backend
2016-12-09 21:20:42	TAMU-CPT	galaxy-tools
2016-12-09 19:38:19	TAMU-CPT	cacao-apollo-plugin
2016-12-09 18:39:39	erasche	docker-chado
2016-12-09 18:39:17	erasche	docker-chado
2016-12-09 18:10:59	erasche	docker-apollo
2016-12-08 21:07:32	TAMU-CPT	cacao-jbrowse-plugin
2016-12-08 21:06:42	TAMU-CPT	cacao-jbrowse-plugin
2016-12-08 21:06:10	TAMU-CPT	cacao-jbrowse-plugin
2016-12-08 20:52:12	TAMU-CPT	lims-backend
2016-12-08 17:16:59	TAMU-CPT	cacao-backend
2016-12-08 16:28:18	TAMU-CPT	cacao-backend
2016-12-07 22:48:31	TAMU-CPT	guanine
2016-12-07 22:48:15	TAMU-CPT	guanine-frontend
2016-12-07 22:41:34	TAMU-CPT	guanine-frontend
2016-12-07 18:27:15	TAMU-CPT	cacao-frontend
2016-12-07 00:47:49	TAMU-CPT	galaxy-tools
2016-12-06 19:16:53	TAMU-CPT	galaxy-tools
2016-12-06 18:34:59	TAMU-CPT	galaxy-tools
2016-12-06 02:00:48	erasche	redeclipse-maps
2016-12-06 01:57:42	erasche	redeclipse-maps
2016-12-06 01:30:37	erasche	redeclipse-maps
2016-12-06 00:48:58	TAMU-CPT	cacao-backend
2016-12-06 00:31:13	TAMU-CPT	rancher-catalog
2016-12-06 00:28:39	TAMU-CPT	cacao-frontend
2016-12-06 00:05:45	TAMU-CPT	cacao-backend
2016-12-06 00:03:40	TAMU-CPT	cacao-backend
2016-12-06 00:00:30	TAMU-CPT	docker-recipes
2016-12-05 23:59:41	TAMU-CPT	docker-recipes
2016-12-05 20:22:30	erasche	docker-apollo
2016-12-02 23:13:21	galaxyproject	cargo-port
2016-12-02 23:11:56	galaxyproject	cargo-port
2016-12-02 22:59:16	galaxyproject	cargo-port
2016-12-02 22:49:52	galaxyproject	cargo-port
2016-12-02 19:55:20	TAMU-CPT	rancher-catalog
2016-12-02 19:29:23	galaxyproject	cargo-port
2016-12-02 19:25:46	TAMU-CPT	rancher-catalog
2016-12-02 18:41:22	TAMU-CPT	rancher-catalog
2016-12-02 18:33:18	TAMU-CPT	rancher-catalog
2016-12-02 18:14:47	TAMU-CPT	rancher-catalog
2016-12-02 17:50:00	erasche	galaxy
2016-12-02 16:33:11	galaxyproject	cargo-port
2016-12-01 23:55:08	erasche	docker-chado
2016-12-01 23:41:21	TAMU-CPT	rancher-catalog
2016-12-01 23:34:40	TAMU-CPT	rancher-catalog
2016-12-01 23:29:49	TAMU-CPT	rancher-catalog
2016-12-01 23:20:48	TAMU-CPT	rancher-catalog
2016-12-01 23:17:08	TAMU-CPT	rancher-catalog
2016-12-01 23:04:33	erasche	docker-apollo
2016-12-01 22:58:23	TAMU-CPT	rancher-catalog
2016-12-01 22:55:35	TAMU-CPT	rancher-catalog
2016-12-01 22:52:58	TAMU-CPT	rancher-catalog
2016-12-01 22:45:44	galaxyproject	p4
2016-12-01 22:31:20	galaxyproject	p4
2016-12-01 22:28:17	galaxyproject	p4
2016-12-01 22:10:34	galaxyproject	p4
2016-12-01 21:58:56	erasche	docker-apollo
2016-12-01 21:52:59	erasche	docker-apollo
2016-12-01 21:51:18	erasche	docker-apollo
2016-12-01 21:45:28	TAMU-CPT	rancher-catalog
2016-12-01 20:23:59	TAMU-CPT	spanins
2016-12-01 19:34:40	TAMU-CPT	spanins
2016-12-01 19:25:42	TAMU-CPT	spanins
2016-12-01 19:17:21	TAMU-CPT	spanins
2016-12-01 19:10:32	TAMU-CPT	spanins
2016-12-01 18:44:32	TAMU-CPT	spanins
2016-12-01 18:40:18	TAMU-CPT	spanins
2016-12-01 18:37:52	TAMU-CPT	spanins
2016-11-30 23:35:34	TAMU-CPT	rancher-catalog
2016-11-30 23:21:47	TAMU-CPT	rancher-catalog
2016-11-30 22:32:10	TAMU-CPT	guanine-frontend
2016-11-30 22:24:12	TAMU-CPT	rancher-catalog
2016-11-30 22:15:46	TAMU-CPT	docker-recipes
2016-11-30 21:23:49	TAMU-CPT	galaxy-tools
2016-11-30 21:18:20	TAMU-CPT	galaxy-tools
2016-11-30 20:53:52	erasche	docker-apollo
2016-11-30 20:50:27	erasche	docker-apollo
2016-11-30 20:33:18	TAMU-CPT	CICADA
2016-11-30 20:33:08	TAMU-CPT	guanine-frontend
2016-11-30 20:21:43	TAMU-CPT	guanine-frontend
2016-11-30 19:04:47	TAMU-CPT	galaxy-tools
2016-11-30 18:10:04	TAMU-CPT	galaxy-tools
2016-11-30 18:07:10	TAMU-CPT	galaxy-tools
2016-11-30 17:55:20	TAMU-CPT	galaxy-tools
2016-11-29 23:05:03	TAMU-CPT	guanine-frontend
2016-11-29 23:04:57	TAMU-CPT	CICADA
2016-11-29 22:55:05	TAMU-CPT	guanine-frontend
2016-11-29 22:26:20	TAMU-CPT	guanine
2016-11-29 22:26:02	TAMU-CPT	cc-automated-drf-template
2016-11-29 20:56:40	TAMU-CPT	rancher-catalog
2016-11-29 20:45:41	TAMU-CPT	docker-recipes
2016-11-29 20:44:23	TAMU-CPT	guanine
2016-11-29 20:39:58	TAMU-CPT	docker-recipes
2016-11-29 20:39:23	TAMU-CPT	guanine
2016-11-29 20:38:46	TAMU-CPT	docker-recipes
2016-11-29 20:33:02	TAMU-CPT	guanine-frontend
2016-11-29 20:21:04	TAMU-CPT	guanine-frontend
2016-11-29 20:18:52	TAMU-CPT	docker-recipes
2016-11-29 20:16:32	TAMU-CPT	docker-recipes
2016-11-29 19:47:35	TAMU-CPT	docker-recipes
2016-11-29 19:22:30	TAMU-CPT	guanine-frontend
2016-11-29 19:14:08	TAMU-CPT	guanine
2016-11-29 19:08:00	TAMU-CPT	rancher-catalog
2016-11-29 19:06:21	TAMU-CPT	docker-recipes
2016-11-29 17:55:17	galaxy-genome-annotation	docker-galaxy-annotation
2016-11-29 17:55:15	erasche	docker-galaxy-annotation
2016-11-29 17:55:09	galaxy-genome-annotation	docker-galaxy-annotation
2016-11-29 17:46:38	TAMU-CPT	docker-recipes
2016-11-29 17:22:01	TAMU-CPT	docker-recipes
2016-11-29 16:21:32	TAMU-CPT	docker-recipes
2016-11-29 16:20:42	TAMU-CPT	docker-recipes
2016-11-29 16:02:40	TAMU-CPT	rancher-catalog
2016-11-29 16:02:00	TAMU-CPT	rancher-catalog
2016-11-23 22:36:59	erasche	docker-chado
2016-11-23 22:35:34	erasche	docker-chado
2016-11-23 22:34:34	erasche	docker-chado
2016-11-22 18:56:51	TAMU-CPT	galaxy-tools
2016-11-19 00:10:50	TAMU-CPT	CICADA
2016-11-18 16:58:43	erasche	docker-galaxy-annotation
2016-11-17 22:09:36	TAMU-CPT	mauved3
2016-11-17 22:01:19	TAMU-CPT	mauved3
2016-11-17 20:09:10	erasche	docker-chado
2016-11-17 18:00:02	erasche	chado-jbrowse-connector
2016-11-17 17:57:10	erasche	chado-jbrowse-connector
2016-11-17 17:24:39	erasche	chado-jbrowse-connector
2016-11-17 00:48:58	erasche	argparse2tool
2016-11-17 00:12:12	erasche	argparse2tool
2016-11-17 00:04:54	erasche	argparse2tool
2016-11-16 23:53:21	erasche	argparse2tool
2016-11-16 22:00:31	erasche	argparse2tool
2016-11-16 21:56:58	erasche	argparse2tool
2016-11-16 21:41:33	erasche	argparse2tool
2016-11-16 18:12:51	TAMU-CPT	galaxy-tools
2016-11-15 07:17:29	erasche	argparse2tool
2016-11-15 07:14:49	erasche	argparse2tool
2016-11-15 07:10:46	erasche	argparse2tool
2016-11-15 06:59:34	erasche	argparse2tool
2016-11-15 06:49:36	erasche	gxargparse
2016-11-15 06:04:42	erasche	gxargparse
2016-11-15 05:49:17	erasche	gxargparse
2016-11-15 05:24:45	erasche	gxargparse
2016-11-15 05:12:30	erasche	gxargparse
2016-11-15 05:12:13	erasche	galaxyxml
2016-11-15 05:10:07	erasche	gxargparse
2016-11-15 04:59:59	erasche	gxargparse
2016-11-14 21:45:00	erasche	galaxyxml
2016-11-14 21:44:02	erasche	galaxyxml
2016-11-14 16:59:29	TAMU-CPT	CICADA
2016-11-14 16:59:09	TAMU-CPT	CICADA
2016-11-11 23:30:55	TAMU-CPT	rancher-catalog
2016-11-11 23:13:56	TAMU-CPT	rancher-catalog
2016-11-11 23:12:39	TAMU-CPT	rancher-catalog
2016-11-11 23:11:26	TAMU-CPT	rancher-catalog
2016-11-11 22:34:18	TAMU-CPT	rancher-catalog
2016-11-11 22:28:51	TAMU-CPT	rancher-catalog
2016-11-11 22:27:18	TAMU-CPT	rancher-catalog
2016-11-11 22:02:29	TAMU-CPT	rancher-catalog
2016-11-11 20:34:07	TAMU-CPT	rancher-catalog
2016-11-11 19:24:54	TAMU-CPT	rancher-catalog
2016-11-11 19:10:55	TAMU-CPT	rancher-catalog
2016-11-11 18:19:38	galaxyproject	galaxy
2016-11-11 17:42:40	TAMU-CPT	docker-recipes
2016-11-11 17:08:41	TAMU-CPT	rancher-catalog
2016-11-11 17:07:00	TAMU-CPT	rancher-catalog
2016-11-11 16:56:56	TAMU-CPT	rancher-catalog
2016-11-11 16:56:05	TAMU-CPT	rancher-catalog
2016-11-11 02:51:22	TAMU-CPT	rancher-catalog
2016-11-10 22:52:18	TAMU-CPT	rancher-catalog
2016-11-10 22:51:36	TAMU-CPT	rancher-catalog
2016-11-07 23:13:38	TAMU-CPT	bioconda-recipes
2016-11-07 23:00:55	TAMU-CPT	bioconda-recipes
2016-11-07 22:48:09	TAMU-CPT	bioconda-recipes
2016-11-07 22:36:34	TAMU-CPT	bioconda-recipes
2016-11-07 22:04:45	TAMU-CPT	bioconda-recipes
2016-11-07 21:54:19	TAMU-CPT	bioconda-recipes
2016-11-07 17:04:47	TAMU-CPT	bioconda-recipes
2016-11-05 23:36:17	erasche	redeclipse-maps
2016-11-05 20:34:38	erasche	docker-apollo
2016-11-05 05:49:02	erasche	dotfiles
2016-11-04 18:17:51	erasche	go-otp
2016-11-02 22:01:06	TAMU-CPT	CICADA
2016-10-21 05:07:58	erasche	erasche.github.io
2016-10-21 05:07:17	erasche	erasche.github.io
2016-10-21 05:04:48	erasche	erasche.github.io
2016-10-20 18:18:58	TAMU-CPT	cc-automated-drf-template
2016-10-20 00:20:56	TAMU-CPT	rancher-catalog
2016-10-20 00:18:28	TAMU-CPT	spanins-frontend
2016-10-20 00:18:24	TAMU-CPT	rancher-catalog
2016-10-20 00:15:45	TAMU-CPT	rancher-catalog
2016-10-20 00:13:36	TAMU-CPT	rancher-catalog
2016-10-20 00:12:08	TAMU-CPT	rancher-catalog
2016-10-20 00:11:37	TAMU-CPT	rancher-catalog
2016-10-20 00:08:59	TAMU-CPT	spanins
2016-10-20 00:08:15	elenimijalis	spanins
2016-10-20 00:00:24	TAMU-CPT	rancher-catalog
2016-10-19 23:58:47	TAMU-CPT	rancher-catalog
2016-10-19 23:53:27	TAMU-CPT	spanins-frontend
2016-10-19 23:47:25	TAMU-CPT	spanins
2016-10-19 23:46:36	elenimijalis	spanins
2016-10-19 23:40:47	TAMU-CPT	rancher-catalog
2016-10-19 23:25:32	TAMU-CPT	rancher-catalog
2016-10-19 23:20:17	TAMU-CPT	rancher-catalog
2016-10-19 23:05:20	TAMU-CPT	docker-recipes
2016-10-19 23:03:18	TAMU-CPT	Phage-Registry
2016-10-19 22:49:28	TAMU-CPT	docker-recipes
2016-10-19 22:47:29	TAMU-CPT	Phage-Registry
2016-10-19 22:27:52	TAMU-CPT	docker-recipes
2016-10-19 22:26:46	TAMU-CPT	Phage-Registry
2016-10-19 22:22:49	TAMU-CPT	rancher-catalog
2016-10-19 22:22:32	TAMU-CPT	rancher-catalog
2016-10-19 22:21:32	TAMU-CPT	rancher-catalog
2016-10-19 22:20:04	TAMU-CPT	rancher-catalog
2016-10-19 22:14:33	TAMU-CPT	docker-recipes
2016-10-19 21:51:47	TAMU-CPT	rancher-catalog
2016-10-19 21:48:02	TAMU-CPT	rancher-catalog
2016-10-19 21:37:23	TAMU-CPT	rancher-catalog
2016-10-19 21:34:12	TAMU-CPT	cacao-backend
2016-10-19 21:24:29	TAMU-CPT	rancher-catalog
2016-10-19 20:55:38	TAMU-CPT	rancher-catalog
2016-10-19 20:54:14	TAMU-CPT	rancher-catalog
2016-10-19 20:53:08	TAMU-CPT	rancher-catalog
2016-10-19 20:42:56	TAMU-CPT	cacao-frontend
2016-10-19 20:25:13	TAMU-CPT	cacao-backend
2016-10-19 20:05:37	TAMU-CPT	cacao-backend
2016-10-19 19:40:31	TAMU-CPT	docker-recipes
2016-10-19 18:52:48	TAMU-CPT	rancher-catalog
2016-10-19 18:49:24	TAMU-CPT	rancher-catalog
2016-10-19 18:44:47	TAMU-CPT	rancher-catalog
2016-10-19 18:43:48	TAMU-CPT	rancher-catalog
2016-10-19 18:37:43	TAMU-CPT	rancher-catalog
2016-10-19 17:58:01	TAMU-CPT	rancher-catalog
2016-10-19 17:56:19	TAMU-CPT	rancher-catalog
2016-10-19 17:37:54	TAMU-CPT	rancher-catalog
2016-10-19 17:35:22	TAMU-CPT	rancher-catalog
2016-10-19 17:19:54	TAMU-CPT	rancher-catalog
2016-10-19 16:20:48	TAMU-CPT	docker-recipes
2016-10-19 16:05:49	TAMU-CPT	docker-recipes
2016-10-19 15:45:17	TAMU-CPT	docker-recipes
2016-10-19 15:44:20	erasche	barcode-server
2016-10-19 15:28:11	TAMU-CPT	docker-recipes
2016-10-19 15:25:47	erasche	barcode-server
2016-10-19 01:19:07	erasche	galaxy
2016-10-18 23:07:57	TAMU-CPT	rancher-catalog
2016-10-18 22:19:04	TAMU-CPT	rancher-catalog
2016-10-18 22:18:29	TAMU-CPT	docker-recipes
2016-10-18 22:17:17	erasche	barcode-server
2016-10-18 21:29:29	TAMU-CPT	rancher-catalog
2016-10-18 21:24:48	TAMU-CPT	rancher-catalog
2016-10-18 21:22:36	TAMU-CPT	docker-recipes
2016-10-18 20:59:40	TAMU-CPT	rancher-catalog
2016-10-18 20:58:58	TAMU-CPT	infra-proxy
2016-10-18 20:57:51	TAMU-CPT	infra-proxy
2016-10-18 20:48:33	TAMU-CPT	rancher-catalog
2016-10-18 20:43:08	TAMU-CPT	rancher-catalog
2016-10-18 20:37:39	TAMU-CPT	infra-proxy
2016-10-18 20:30:17	TAMU-CPT	rancher-catalog
2016-10-18 20:18:07	TAMU-CPT	rancher-catalog
2016-10-18 19:55:09	TAMU-CPT	rancher-catalog
2016-10-18 19:54:46	TAMU-CPT	rancher-catalog
2016-10-17 16:47:54	erasche	docker-jbrowse
2016-10-17 16:47:25	GMOD	jbrowse-registry
2016-10-17 16:46:06	GMOD	jbrowse-registry
2016-10-17 15:30:50	erasche	dotfiles
2016-10-17 15:00:42	TAMU-CPT	CICADA
2016-10-17 14:45:04	TAMU-CPT	CICADA
2016-10-15 20:03:55	erasche	dotfiles
2016-10-14 22:10:18	TAMU-CPT	galaxy-tools
2016-10-14 22:07:37	TAMU-CPT	galaxy-tools
2016-10-14 21:35:37	TAMU-CPT	galaxy-tools
2016-10-14 20:38:01	TAMU-CPT	galaxy-tools
2016-10-14 19:47:09	TAMU-CPT	galaxy-tools
2016-10-14 18:30:17	TAMU-CPT	galaxy-tools
2016-10-14 18:27:12	TAMU-CPT	CICADA
2016-10-13 22:47:58	galaxyproject	tools-iuc
2016-10-13 17:58:09	galaxy-genome-annotation	dockerized-gmod-deployment
2016-10-13 17:58:03	erasche	docker-jbrowse
2016-10-11 19:23:43	TAMU-CPT	one_snp_away
2016-10-07 23:12:20	TAMU-CPT	cc-automated-drf-template
2016-10-07 22:40:54	TAMU-CPT	cc-automated-drf-template
2016-10-07 22:40:23	TAMU-CPT	cc-automated-drf-template
2016-10-07 20:36:26	TAMU-CPT	rancher-catalog
2016-10-07 20:26:54	TAMU-CPT	rancher-catalog
2016-10-07 19:45:34	TAMU-CPT	cc-automated-drf-template
2016-10-07 17:37:03	TAMU-CPT	rancher-catalog
2016-10-07 14:10:27	GMOD	jbrowse-registry
2016-10-06 20:56:32	TAMU-CPT	galaxy-tools
2016-10-06 20:55:49	TAMU-CPT	galaxy-tools
2016-10-06 20:24:12	TAMU-CPT	galaxy-tools
2016-10-06 18:31:15	TAMU-CPT	galaxy-tools
2016-10-06 18:24:46	TAMU-CPT	galaxy-tools
2016-10-06 17:48:36	TAMU-CPT	galaxy-tools
2016-10-06 12:22:23	TAMU-CPT	galaxy-tools
2016-10-05 21:20:10	TAMU-CPT	galaxy-tools
2016-10-03 20:18:22	TAMU-CPT	rancher-catalog
2016-10-03 20:17:35	TAMU-CPT	rancher-catalog
2016-10-03 19:17:19	TAMU-CPT	rancher-catalog
2016-10-03 19:16:42	TAMU-CPT	rancher-catalog
2016-10-03 19:15:35	TAMU-CPT	rancher-catalog
2016-09-30 21:43:49	TAMU-CPT	galaxy-tools
2016-09-30 19:24:21	TAMU-CPT	cacao-backend
2016-09-30 19:20:25	TAMU-CPT	cacao-backend
2016-09-30 18:40:13	TAMU-CPT	cacao-backend
2016-09-30 18:11:45	TAMU-CPT	galaxy-tools
2016-09-30 17:36:01	TAMU-CPT	galaxy-tools
2016-09-30 16:47:57	TAMU-CPT	galaxy-tools
2016-09-29 15:05:56	erasche	one_snp_away
2016-09-28 21:26:59	TAMU-CPT	galaxy-tools
2016-09-28 21:23:27	erasche	one_snp_away
2016-09-28 20:14:35	TAMU-CPT	galaxy-tools
2016-09-28 17:53:02	TAMU-CPT	galaxy-tools
2016-09-28 17:44:11	TAMU-CPT	galaxy-tools
2016-09-28 16:18:37	TAMU-CPT	galaxy-tools
2016-09-27 20:27:21	TAMU-CPT	galaxy-tools
2016-09-27 20:22:46	erasche	docker-galaxy-annotation
2016-09-27 20:22:44	galaxy-genome-annotation	docker-galaxy-annotation
2016-09-27 20:21:45	erasche	docker-galaxy-annotation
2016-09-27 20:21:17	TAMU-CPT	galaxy-tools
2016-09-27 20:19:38	TAMU-CPT	galaxy-apollo
2016-09-27 20:19:23	TAMU-CPT	galaxy-tools
2016-09-27 20:09:01	galaxy-genome-annotation	docker-galaxy-annotation
2016-09-27 20:07:53	erasche	docker-galaxy-annotation
2016-09-27 20:05:52	TAMU-CPT	galaxy-apollo
2016-09-27 20:05:45	TAMU-CPT	galaxy-apollo
2016-09-27 19:36:26	TAMU-CPT	galaxy-apollo
2016-09-27 19:34:24	GMOD	jbrowse-registry
2016-09-27 19:26:06	TAMU-CPT	galaxy-tools
2016-09-27 19:07:08	erasche	jbrowse-registry
2016-09-27 19:05:17	erasche	jbrowse-registry
2016-09-27 19:00:57	GMOD	jbrowse-registry
2016-09-27 18:11:20	GMOD	jbrowse-registry
2016-09-27 15:02:05	erasche	docker-apollo
2016-09-27 14:53:31	erasche	docker-apollo
2016-09-27 14:38:40	erasche	docker-apollo
2016-09-27 14:29:53	erasche	docker-apollo
2016-09-24 16:50:08	galaxyproject	planemo
2016-09-24 15:06:43	bioarchive	aRchive_source_code
2016-09-17 00:41:48	GMOD	jbrowse-registry
2016-09-17 00:40:03	GMOD	jbrowse-registry
2016-09-16 06:02:31	GMOD	jbrowse-registry
2016-09-15 19:39:23	galaxyproject	galaxy
2016-09-15 18:40:31	TAMU-CPT	PAUSE
2016-09-14 21:24:05	TAMU-CPT	rancher-catalog
2016-09-14 21:23:14	TAMU-CPT	rancher-catalog
2016-09-14 21:18:12	TAMU-CPT	rancher-catalog
2016-09-14 21:13:28	TAMU-CPT	rancher-catalog
2016-09-14 14:10:06	erasche	chado-schema-builder
2016-09-14 10:49:05	erasche	chado-schema-builder
2016-09-14 01:49:01	erasche	chado-schema-builder
2016-09-13 20:17:24	erasche	chado-schema-builder
2016-09-13 20:12:00	erasche	chado-schema-builder
2016-09-13 20:09:48	erasche	chado-schema-builder
2016-09-13 20:07:31	erasche	chado-schema-builder
2016-09-13 14:49:43	erasche	erasche.github.io
2016-09-13 12:18:37	erasche	erasche.github.io
2016-09-13 11:26:57	erasche	erasche.github.io
2016-09-13 11:22:29	erasche	erasche.github.io
2016-09-13 10:51:25	erasche	erasche.github.io
2016-09-13 10:16:28	erasche	erasche.github.io
2016-09-12 18:54:56	elenimijalis	spanins
2016-09-12 14:52:32	erasche	galaxy
2016-09-09 20:27:18	erasche	python-chado
2016-09-09 20:23:20	erasche	python-chado
2016-09-09 19:25:11	erasche	python-chado
2016-09-09 19:14:32	erasche	python-chado
2016-09-09 17:09:22	erasche	docker-apollo
2016-09-09 15:53:35	erasche	python-chado
2016-09-08 18:57:35	erasche	python-chado
2016-09-08 17:31:47	galaxyproject	galaxy
2016-09-08 16:36:31	erasche	python-chado
2016-09-02 17:51:16	erasche	galaxy-workflow-plotter
2016-09-02 10:51:10	erasche	chado-schema-builder
2016-09-01 12:48:12	erasche	galactic-radio-telescope
2016-08-31 19:49:39	erasche	chado-schema-builder
2016-08-31 13:40:27	erasche	chado-schema-builder
2016-08-29 13:03:58	erasche	chado-schema-builder
2016-08-26 14:20:34	elenimijalis	cacao-lite
2016-08-26 14:17:50	elenimijalis	cacao-lite
2016-08-26 14:10:56	elenimijalis	cacao-lite
2016-08-26 12:56:41	elenimijalis	cacao-lite
2016-08-26 12:51:50	elenimijalis	cacao-lite
2016-08-26 12:43:43	elenimijalis	cacao-lite
2016-08-25 21:12:25	GMOD	jbrowse-registry
2016-08-25 20:03:11	erasche	docker-rstudio-notebook
2016-08-25 19:37:36	erasche	docker-rstudio-notebook
2016-08-25 18:44:16	erasche	docker-rstudio-notebook
2016-08-25 18:39:29	erasche	docker-rstudio-notebook
2016-08-24 18:58:43	erasche	chado-jbrowse-connector
2016-08-24 04:28:29	erasche	pluginapp
2016-08-23 23:54:20	erasche	galaxy
2016-08-23 18:18:40	erasche	galaxy
2016-08-23 18:16:15	erasche	galaxy
2016-08-23 18:05:58	erasche	galaxy
2016-08-21 21:21:09	galaxyproject	cargo-port
2016-08-21 21:19:29	galaxyproject	cargo-port
2016-08-21 21:09:23	galaxyproject	cargo-port
2016-08-21 21:05:56	galaxyproject	cargo-port
2016-08-21 20:53:49	galaxyproject	cargo-port
2016-08-21 20:47:17	galaxyproject	cargo-port
2016-08-21 20:39:27	galaxyproject	cargo-port
2016-08-21 18:38:59	galaxyproject	cargo-port
2016-08-21 18:25:28	galaxyproject	cargo-port
2016-08-21 18:20:13	galaxyproject	cargo-port
2016-08-21 18:19:25	galaxyproject	cargo-port
2016-08-21 18:17:52	galaxyproject	cargo-port
2016-08-21 18:16:13	galaxyproject	cargo-port
2016-08-21 18:14:43	galaxyproject	cargo-port
2016-08-21 18:12:20	galaxyproject	cargo-port
2016-08-21 18:09:29	galaxyproject	cargo-port
2016-08-21 18:07:32	galaxyproject	cargo-port
2016-08-21 18:05:36	galaxyproject	cargo-port
2016-08-21 18:04:11	galaxyproject	cargo-port
2016-08-21 18:02:25	galaxyproject	cargo-port
2016-08-21 18:00:56	galaxyproject	cargo-port
2016-08-21 17:58:35	galaxyproject	cargo-port
2016-08-21 17:56:41	galaxyproject	cargo-port
2016-08-21 17:55:34	galaxyproject	cargo-port
2016-08-21 17:50:28	galaxyproject	cargo-port
2016-08-21 17:16:23	galaxyproject	cargo-port
2016-08-21 16:39:53	galaxyproject	cargo-port
2016-08-19 18:51:15	erasche	docker-rstudio-notebook
2016-08-19 18:46:50	erasche	docker-rstudio-notebook
2016-08-19 18:04:46	erasche	docker-rstudio-notebook
2016-08-19 16:27:03	galaxyproject	cargo-port
2016-08-19 16:20:22	galaxyproject	cargo-port
2016-08-19 02:15:58	erasche	docker-rstudio-notebook
2016-08-19 01:09:43	erasche	docker-rstudio-notebook
2016-08-19 01:07:58	erasche	docker-rstudio-notebook
2016-08-19 01:07:15	erasche	docker-rstudio-notebook
2016-08-19 00:55:54	erasche	galaxy
2016-08-19 00:52:51	erasche	galaxy
2016-08-19 00:46:46	erasche	docker-rstudio-notebook
2016-08-19 00:31:57	erasche	galaxy
2016-08-18 21:46:56	erasche	docker-rstudio-notebook
2016-08-18 21:39:49	erasche	docker-rstudio-notebook
2016-08-18 18:51:12	erasche	docker-rstudio-notebook
2016-08-18 18:34:02	erasche	docker-rstudio-notebook
2016-08-18 18:32:22	erasche	docker-rstudio-notebook
2016-08-18 18:23:14	erasche	docker-rstudio-notebook
2016-08-17 22:54:11	erasche	chado-jbrowse-connector
2016-08-17 04:32:25	erasche	galactic-radio-telescope
2016-08-17 00:46:47	TAMU-CPT	Phage-Registry
2016-08-17 00:36:42	TAMU-CPT	Phage-Registry
2016-08-17 00:32:10	TAMU-CPT	Phage-Registry
2016-08-16 22:59:47	TAMU-CPT	Phage-Registry
2016-08-16 22:54:58	TAMU-CPT	Phage-Registry
2016-08-16 18:15:25	erasche	pluginapp
2016-08-16 18:13:12	erasche	pluginapp
2016-08-16 18:01:27	erasche	pluginapp
2016-08-16 17:59:58	erasche	pluginapp
2016-08-15 21:41:43	erasche	docker-apollo
2016-08-15 19:02:46	erasche	chado-schema-builder
2016-08-15 17:52:56	erasche	docker-apollo
2016-08-15 17:52:18	erasche	docker-apollo
2016-08-15 17:45:56	erasche	md-data-table
2016-08-15 17:45:26	erasche	md-data-table
2016-08-15 17:44:10	erasche	md-data-table
2016-08-15 17:38:22	erasche	md-data-table
2016-08-15 17:30:39	erasche	jbrowse
2016-08-12 22:58:10	galaxyproject	tools-devteam
2016-08-12 14:35:39	erasche	Chado
2016-08-12 14:00:19	erasche	chado-schema-builder
2016-08-12 13:46:44	erasche	chado-schema-builder
2016-08-12 12:54:56	erasche	chado-schema-builder
2016-08-11 22:19:16	elenimijalis	cacao-frontend
2016-08-11 18:25:03	erasche	galactic-radio-telescope
2016-08-11 18:24:43	erasche	galactic-radio-telescope
2016-08-11 18:06:57	erasche	galactic-radio-telescope
2016-08-11 15:29:27	galaxyproject	cargo-port
2016-08-11 14:51:22	galaxyproject	cargo-port
2016-08-11 14:45:59	galaxyproject	cargo-port
2016-08-11 14:37:30	galaxyproject	cargo-port
2016-08-11 14:37:08	galaxyproject	cargo-port
2016-08-11 00:00:45	erasche	galactic-radio-telescope
2016-08-10 23:59:08	erasche	galaxy
2016-08-10 23:13:56	erasche	galactic-radio-telescope
2016-08-10 22:08:21	erasche	galactic-radio-telescope
2016-08-10 19:31:21	erasche	galactic-radio-telescope
2016-08-10 18:12:33	erasche	galaxy
2016-08-10 18:10:25	erasche	galaxy
2016-08-09 14:33:04	erasche	docker-tripal
2016-08-09 14:32:30	bgruening	galaxy-maps
2016-08-09 14:30:52	bgruening	galaxy-maps
2016-08-09 14:25:47	erasche	galaxy-maps
2016-08-08 19:22:54	erasche	dotfiles
2016-08-08 15:52:51	galaxyproject	cargo-port
2016-08-05 15:41:01	erasche	docker-apollo
2016-08-05 14:53:51	galaxy-genome-annotation	dockerized-gmod-deployment
2016-08-05 13:51:16	erasche	docker-tripal
2016-08-04 15:16:17	elenimijalis	cacao-frontend
2016-08-04 14:41:12	elenimijalis	cacao-frontend
2016-08-02 16:28:55	elenimijalis	cacao-frontend
2016-08-02 15:02:12	elenimijalis	cacao-frontend
2016-07-29 18:19:45	galaxyproject	galaxy
2016-07-28 21:02:15	erasche	groene-thee
2016-07-28 20:11:57	galaxyproject	starforge
2016-07-28 17:35:38	elenimijalis	cacao-frontend
2016-07-28 17:33:36	elenimijalis	cacao-lite
2016-07-28 17:17:44	elenimijalis	cacao-frontend
2016-07-28 17:17:27	elenimijalis	cacao-frontend
2016-07-28 16:48:58	elenimijalis	cacao-lite
2016-07-28 15:58:34	elenimijalis	cacao-lite
2016-07-27 21:36:57	galaxyproject	galaxy
2016-07-26 10:13:56	erasche	docker-tripal
2016-07-25 20:07:13	elenimijalis	cacao-frontend
2016-07-25 19:47:11	elenimijalis	cacao-frontend
2016-07-22 23:34:37	erasche	groene-thee
2016-07-22 16:17:54	erasche	docker-tripal
2016-07-22 09:57:53	erasche	chado-jbrowse-connector
2016-07-22 09:09:59	elenimijalis	cacao-lite
2016-07-22 09:06:29	elenimijalis	cacao-lite
2016-07-22 09:04:03	elenimijalis	cacao-frontend
2016-07-22 09:02:15	elenimijalis	cacao-lite
2016-07-21 23:57:49	elenimijalis	cacao-lite
2016-07-21 19:21:08	erasche	galaxy
2016-07-21 15:41:54	erasche	chado-angular-admin
2016-07-21 15:40:12	erasche	chado-angular-admin
2016-07-21 15:38:18	erasche	chado-angular-admin
2016-07-21 15:23:09	erasche	chado-angular-admin
2016-07-21 15:21:27	erasche	chado-angular-admin
2016-07-21 15:19:48	erasche	chado-angular-admin
2016-07-21 13:36:53	erasche	chado-jbrowse-connector
2016-07-21 12:53:34	galaxy-genome-annotation	dockerized-gmod-deployment
2016-07-21 12:53:16	erasche	docker-compose-galaxy-annotation
2016-07-21 11:37:18	galaxy-genome-annotation	dockerized-gmod-deployment
2016-07-21 11:37:16	erasche	docker-compose-galaxy-annotation
2016-07-21 11:37:02	galaxy-genome-annotation	dockerized-gmod-deployment
2016-07-21 11:36:44	erasche	docker-compose-galaxy-annotation
2016-07-21 11:29:25	erasche	docker-galaxy-annotation
2016-07-21 11:24:40	galaxy-genome-annotation	dockerized-gmod-deployment
2016-07-21 11:24:33	erasche	docker-compose-galaxy-annotation
2016-07-21 11:06:15	erasche	chado-jbrowse-connector
2016-07-21 10:30:15	erasche	chado-angular-admin
2016-07-21 10:09:32	erasche	docker-galaxy-annotation
2016-07-21 10:07:40	erasche	docker-galaxy-annotation
2016-07-21 09:24:41	erasche	galaxy
2016-07-20 16:52:10	galaxy-genome-annotation	dockerized-gmod-deployment
2016-07-20 16:27:32	erasche	docker-compose-galaxy-annotation
2016-07-20 16:21:21	erasche	docker-tripal
2016-07-20 15:54:43	erasche	docker-tripal
2016-07-20 15:29:45	erasche	docker-tripal
2016-07-20 13:20:26	erasche	docker-recipes
2016-07-20 13:16:30	erasche	docker-galaxy-annotation
2016-07-20 05:28:19	elenimijalis	cacao-frontend
2016-07-20 05:25:27	elenimijalis	cacao-frontend
2016-07-20 05:24:33	elenimijalis	cacao-lite
2016-07-20 04:51:58	elenimijalis	cacao-frontend
2016-07-20 04:48:21	elenimijalis	cacao-frontend
2016-07-20 04:47:56	elenimijalis	cacao-frontend
2016-07-20 04:44:10	elenimijalis	cacao-frontend
2016-07-20 03:35:37	elenimijalis	cacao-frontend
2016-07-19 20:37:28	erasche	pluginapp
2016-07-19 20:35:55	erasche	pluginapp
2016-07-19 20:34:53	erasche	pluginapp
2016-07-19 17:20:53	erasche	pluginapp
2016-07-19 17:15:44	erasche	pluginapp
2016-07-19 16:59:09	erasche	pluginapp
2016-07-19 16:58:31	erasche	pluginapp
2016-07-19 16:57:58	erasche	pluginapp
2016-07-19 16:31:10	erasche	pluginapp
2016-07-19 16:26:16	erasche	pluginapp
2016-07-19 16:17:55	erasche	pluginapp
2016-07-19 16:10:32	erasche	pluginapp
2016-07-19 15:33:09	erasche	pluginapp
2016-07-19 15:25:54	erasche	pluginapp
2016-07-19 15:17:11	erasche	pluginapp
2016-07-19 15:11:00	erasche	pluginapp
2016-07-19 15:04:17	erasche	pluginapp
2016-07-19 14:44:35	erasche	pluginapp
2016-07-19 12:06:39	erasche	docker-tripal
2016-07-19 11:28:57	erasche	pluginapp
2016-07-18 03:03:12	galaxyproject	galaxy
2016-07-15 18:58:16	erasche	galaxy-workflow-plotter
2016-07-15 00:54:58	erasche	galaxy-workflow-plotter
2016-07-15 00:54:45	erasche	galaxy-workflow-plotter
2016-07-15 00:51:43	erasche	galaxy-workflow-plotter
2016-07-15 00:12:12	erasche	galaxy-workflow-plotter
2016-07-15 00:08:46	erasche	galaxy-workflow-plotter
2016-07-15 00:07:20	erasche	galaxy-workflow-plotter
2016-07-14 23:53:59	erasche	galaxy-workflow-plotter
2016-07-14 23:52:09	erasche	galaxy-workflow-plotter
2016-07-14 23:27:41	erasche	galaxy-workflow-plotter
2016-07-14 22:36:23	erasche	galaxy-workflow-plotter
2016-07-14 21:32:09	erasche	galaxy-workflow-plotter
2016-07-14 21:09:20	TAMU-CPT	Restriction-Digest
2016-07-14 18:39:23	erasche	presentations
2016-07-14 16:16:02	erasche	galaxy-workflow-plotter
2016-07-13 22:45:09	erasche	galaxy-workflow-plotter
2016-07-13 22:45:02	erasche	galaxy-workflow-plotter
2016-07-13 22:38:24	erasche	erasche.github.io
2016-07-13 22:37:19	erasche	erasche.github.io
2016-07-13 22:36:36	erasche	erasche.github.io
2016-07-13 22:17:07	erasche	galaxy-workflow-plotter
2016-07-13 22:16:57	erasche	galaxy-workflow-plotter
2016-07-13 22:09:55	erasche	galaxy-workflow-plotter
2016-07-13 22:09:52	erasche	galaxy-workflow-plotter
2016-07-13 21:49:46	galaxyproject	galaxy
2016-07-13 21:29:54	erasche	galaxy-workflow-plotter
2016-07-13 21:29:22	erasche	galaxy-workflow-plotter
2016-07-13 21:28:36	erasche	galaxy-workflow-plotter
2016-07-13 20:46:14	elenimijalis	go_parse
2016-07-13 20:41:54	elenimijalis	go_parse
2016-07-13 17:58:39	erasche	presentations
2016-07-13 15:50:12	elenimijalis	go_parse
2016-07-13 15:03:35	erasche	JBrowse-REST-API-Example
2016-07-13 15:00:35	erasche	JBrowse-REST-API-Example
2016-07-13 05:44:57	erasche	presentations
2016-07-13 00:54:12	erasche	presentations
2016-07-12 21:41:48	galaxyproject	tools-iuc
2016-07-12 18:39:20	elenimijalis	go_parse
2016-07-12 18:32:15	elenimijalis	go_parse
2016-07-12 17:26:22	erasche	docker-apollo
2016-07-12 17:14:44	erasche	galaxy-workflow-plotter
2016-07-12 17:12:56	erasche	galaxy-workflow-plotter
2016-07-12 17:12:48	erasche	galaxy-workflow-plotter
2016-07-12 17:12:23	erasche	galaxy-workflow-plotter
2016-07-12 17:12:15	erasche	galaxy-workflow-plotter
2016-07-12 17:09:36	erasche	galaxy-workflow-plotter
2016-07-12 17:01:50	erasche	galaxy-workflow-plotter
2016-07-12 17:00:41	erasche	galaxy-workflow-plotter
2016-07-12 17:00:16	erasche	galaxy-workflow-plotter
2016-07-12 17:00:06	erasche	galaxy-workflow-plotter
2016-07-12 00:07:33	erasche	galaxy-workflow-plotter
2016-07-12 00:07:17	erasche	galaxy-workflow-plotter
2016-07-11 23:53:54	erasche	galaxy-workflow-plotter
2016-07-11 23:50:02	erasche	galaxy-workflow-plotter
2016-07-11 23:42:25	erasche	galaxy-workflow-plotter
2016-07-11 22:34:15	erasche	galaxy-workflow-plotter
2016-07-11 19:41:16	erasche	galaxy-workflow-plotter
2016-07-11 19:38:22	erasche	galaxy-workflow-plotter
2016-07-11 19:37:24	erasche	galaxy-workflow-plotter
2016-07-11 19:36:08	erasche	galaxy-workflow-plotter
2016-07-11 18:07:02	erasche	galaxy-workflow-plotter
2016-07-11 17:16:39	erasche	galaxy-workflow-plotter
2016-07-11 16:59:32	erasche	galaxy-workflow-plotter
2016-07-11 16:29:25	erasche	galaxy-workflow-plotter
2016-07-11 16:26:08	erasche	galaxy-reports
2016-07-11 16:23:53	erasche	galaxy-reports
2016-07-11 14:32:19	erasche	presentations
2016-07-10 19:40:38	erasche	presentations
2016-07-10 19:39:19	erasche	presentations
2016-07-10 19:38:56	erasche	presentations
2016-07-10 18:35:16	erasche	presentations
2016-07-10 18:06:12	erasche	presentations
2016-07-10 17:58:48	erasche	presentations
2016-07-10 17:55:34	erasche	presentations
2016-07-08 21:51:35	erasche	galaxy-reports
2016-07-08 21:38:08	erasche	galaxy-reports
2016-07-08 21:04:25	erasche	galaxy-reports
2016-07-07 18:46:29	erasche	docker-apollo
2016-07-07 18:19:47	galaxy-iuc	parsec
2016-07-07 14:40:24	erasche	docker-recipes
2016-07-07 14:25:37	erasche	docker-recipes
2016-07-07 02:56:56	galaxyproject	tools-iuc
2016-07-06 21:31:49	erasche	presentations
2016-07-06 17:13:21	galaxyproject	tools-iuc
2016-07-06 02:56:00	galaxyproject	tools-iuc
2016-07-06 02:45:31	galaxyproject	tools-iuc
2016-07-06 02:40:31	galaxyproject	tools-iuc
2016-07-06 02:39:34	galaxyproject	tools-iuc
2016-07-06 02:38:21	galaxyproject	tools-iuc
2016-07-05 13:03:35	TAMU-CPT	galaxy-circos-tool
2016-07-01 18:33:04	erasche	docker-compose-galaxy-annotation
2016-07-01 17:57:02	erasche	docker-compose-galaxy-annotation
2016-07-01 17:51:29	erasche	chado-jbrowse-connector
2016-07-01 17:37:40	erasche	docker-recipes
2016-07-01 17:35:22	erasche	docker-recipes
2016-07-01 14:28:06	erasche	docker-compose-galaxy-annotation
2016-06-30 20:49:25	erasche	figlet2gff3
2016-06-30 18:58:42	erasche	galaxy
2016-06-30 18:36:40	galaxy-iuc	standards
2016-06-30 18:31:00	galaxy-iuc	standards
2016-06-30 18:23:00	galaxy-iuc	standards
2016-06-29 18:52:29	erasche	presentations
2016-06-29 14:24:55	galaxyproject	tools-iuc
2016-06-29 13:40:17	galaxyproject	tools-iuc
2016-06-29 13:39:36	galaxy-genome-annotation	docker-galaxy-annotation
2016-06-28 21:02:03	erasche	galaxy
2016-06-28 16:38:48	erasche	galaxy-reports
2016-06-28 15:57:50	erasche	galaxy
2016-06-28 15:45:48	erasche	galaxy
2016-06-28 15:32:12	erasche	galaxy-reports
2016-06-28 15:25:08	galaxyproject	tools-iuc
2016-06-28 15:15:47	erasche	galaxy-reports
2016-06-28 13:58:16	erasche	galaxy-reports
2016-06-27 17:34:36	erasche	galaxy
2016-06-27 16:47:00	erasche	galaxy
2016-06-26 18:32:10	erasche	galaxy
2016-06-26 14:13:39	erasche	hello-world-interactive-environment
2016-06-26 13:56:39	erasche	hello-world-interactive-environment
2016-06-26 13:20:15	erasche	galaxy
2016-06-25 20:50:04	galaxyproject	tools-iuc
2016-06-25 20:44:16	galaxyproject	tools-iuc
2016-06-25 20:42:08	galaxyproject	tools-iuc
2016-06-25 18:50:27	galaxyproject	tools-iuc
2016-06-25 18:05:02	erasche	galactic-radio-telescope
2016-06-25 17:54:50	erasche	galactic-radio-telescope
2016-06-25 17:18:14	erasche	galactic-radio-telescope
2016-06-25 17:16:11	erasche	galaxy
2016-06-25 17:06:33	erasche	galactic-radio-telescope
2016-06-25 17:05:40	erasche	galactic-radio-telescope
2016-06-25 17:02:00	erasche	galactic-radio-telescope
2016-06-25 16:42:52	erasche	galactic-radio-telescope
2016-06-25 15:44:07	erasche	galactic-radio-telescope
2016-06-25 15:43:57	erasche	galactic-radio-telescope
2016-06-25 15:16:32	erasche	galactic-radio-telescope
2016-06-25 15:13:39	erasche	galactic-radio-telescope
2016-06-25 14:29:23	erasche	galactic-radio-telescope
2016-06-25 14:10:18	erasche	galaxy
2016-06-21 19:38:25	erasche	erasche.github.io
2016-06-21 14:30:56	TAMU-CPT	galaxy-circos-tool
2016-06-21 14:29:27	TAMU-CPT	galaxy-circos-tool
2016-06-21 14:11:29	TAMU-CPT	galaxy-circos-tool
2016-06-21 13:55:39	TAMU-CPT	galaxy-circos-tool
2016-06-21 13:46:09	TAMU-CPT	galaxy-circos-tool
2016-06-21 13:07:57	TAMU-CPT	galaxy-circos-tool
2016-06-21 13:00:54	TAMU-CPT	galaxy-circos-tool
2016-06-19 05:22:45	erasche	gologme
2016-06-19 05:22:29	erasche	gologme-frontend
2016-06-19 04:23:28	erasche	gologme-frontend
2016-06-19 00:26:26	erasche	gologme
2016-06-19 00:25:58	erasche	gologme-frontend
2016-06-18 16:21:32	galaxyproject	tools-iuc
2016-06-17 19:48:29	erasche	jbrowse
2016-06-14 21:57:48	galaxyproject	p4
2016-06-14 07:08:05	erasche	erasche.github.io
2016-06-14 07:07:36	erasche	erasche.github.io
2016-06-14 05:48:47	erasche	kami-solver
2016-06-14 05:34:27	erasche	kami-solver
2016-06-14 05:32:51	erasche	kami-solver
2016-06-14 05:26:12	erasche	kami-solver
2016-06-14 04:21:43	erasche	kami-solver
2016-06-14 04:19:19	erasche	kami-solver
2016-06-14 03:31:01	erasche	kami-solver
2016-06-14 03:24:52	erasche	kami-solver
2016-06-14 00:54:14	erasche	docker-galaxy-annotation
2016-06-13 23:01:45	TAMU-CPT	galaxy-apollo
2016-06-13 18:53:27	erasche	presentations
2016-06-13 18:47:42	erasche	presentations
2016-06-13 13:06:13	erasche	galactic-radio-telescope
2016-06-13 13:01:52	erasche	dotfiles
2016-06-13 12:54:37	erasche	gologme
2016-06-13 06:48:16	erasche	kami-solver
2016-06-13 06:47:28	erasche	kami-solver
2016-06-11 19:11:19	erasche	docker-compose-galaxy-annotation
2016-06-11 06:17:26	erasche	kami-solver
2016-06-10 20:13:12	galaxyproject	tools-iuc
2016-06-10 19:58:00	galaxyproject	tools-iuc
2016-06-10 19:33:09	erasche	Apollo
2016-06-10 19:30:25	galaxyproject	tools-iuc
2016-06-10 19:11:05	galaxyproject	tools-iuc
2016-06-10 19:03:02	galaxyproject	tools-iuc
2016-06-10 18:48:23	galaxyproject	tools-iuc
2016-06-10 18:47:58	galaxyproject	tools-iuc
2016-06-10 08:05:04	erasche	kami-solver
2016-06-10 07:40:47	erasche	kami-solver
2016-06-10 07:39:34	erasche	kami-solver
2016-06-10 07:15:16	erasche	kami-solver
2016-06-08 19:33:25	erasche	docker-apollo
2016-06-08 19:33:06	erasche	Apollo
2016-06-08 00:36:50	erasche	galaxy
2016-06-07 02:19:45	erasche	dotfiles
2016-06-06 21:02:47	erasche	galaxy
2016-06-04 23:00:22	erasche	gologme-frontend
2016-06-04 22:45:31	erasche	gologme
2016-06-04 22:45:25	erasche	gologme-frontend
2016-06-04 22:15:53	erasche	gologme
2016-06-04 22:15:38	erasche	gologme-frontend
2016-06-04 22:14:56	erasche	gologme-frontend
2016-06-04 21:40:21	erasche	gologme
2016-06-04 21:38:34	erasche	gologme
2016-06-04 21:30:41	erasche	gologme
2016-06-04 21:26:04	erasche	gologme
2016-06-04 21:24:59	erasche	gologme
2016-06-04 21:09:16	erasche	gologme-frontend
2016-06-04 20:46:47	erasche	galaxy
2016-06-04 16:19:32	erasche	galaxy
2016-06-03 22:28:32	erasche	galactic-radio-telescope
2016-06-03 22:26:52	erasche	galactic-radio-telescope
2016-06-03 22:26:19	erasche	galactic-radio-telescope
2016-06-03 22:23:54	erasche	galactic-radio-telescope
2016-06-03 22:21:15	erasche	galactic-radio-telescope
2016-06-03 22:16:07	erasche	galactic-radio-telescope
2016-06-03 22:15:27	erasche	galactic-radio-telescope
2016-06-03 21:58:09	erasche	galactic-radio-telescope
2016-06-03 21:57:46	erasche	galactic-radio-telescope
2016-06-03 21:54:21	erasche	galactic-radio-telescope
2016-06-03 20:34:59	erasche	galactic-radio-telescope
2016-06-03 17:14:32	erasche	galactic-radio-telescope
2016-06-03 16:49:06	erasche	docker-compose-galaxy-annotation
2016-06-03 16:28:02	galaxyproject	tools-iuc
2016-06-03 13:57:47	galaxyproject	tools-iuc
2016-06-03 13:52:17	erasche	docker-compose-galaxy-annotation
2016-06-02 21:00:47	GMOD	docker-apollo
2016-06-02 20:32:32	GMOD	docker-apollo
2016-06-02 20:27:50	GMOD	docker-apollo
2016-06-02 20:26:07	GMOD	docker-apollo
2016-06-02 20:20:04	erasche	docker-compose-galaxy-annotation
2016-06-02 18:26:14	erasche	docker-galaxy-annotation
2016-06-02 17:19:38	galaxyproject	tools-iuc
2016-05-31 21:58:17	erasche	dotfiles
2016-05-31 21:45:09	galaxyproject	p4
2016-05-31 21:38:05	galaxyproject	p4
2016-05-31 20:18:26	galaxyproject	p4
2016-05-31 02:57:26	erasche	dotfiles
2016-05-27 22:09:28	TAMU-CPT	galaxy-apollo-docs
2016-05-27 19:32:45	erasche	docker-galaxy-annotation
2016-05-27 19:31:54	TAMU-CPT	galaxy-apollo
2016-05-27 18:35:06	GMOD	docker-apollo
2016-05-27 18:33:20	GMOD	docker-apollo
2016-05-27 18:31:52	GMOD	docker-apollo
2016-05-27 18:31:11	GMOD	docker-apollo
2016-05-27 18:30:04	GMOD	docker-apollo
2016-05-27 18:29:30	GMOD	docker-apollo
2016-05-27 18:24:08	erasche	docker-webapollo2
2016-05-27 18:22:50	erasche	Apollo
2016-05-27 17:59:41	erasche	docker-galaxy-annotation
2016-05-27 17:59:26	TAMU-CPT	galaxy-apollo
2016-05-27 17:55:16	TAMU-CPT	galaxy-apollo-docs
2016-05-27 17:51:36	TAMU-CPT	galaxy-apollo-docs
2016-05-27 17:35:30	TAMU-CPT	galaxy-apollo-docs
2016-05-27 17:32:34	TAMU-CPT	galaxy-apollo-docs
2016-05-27 17:17:32	TAMU-CPT	galaxy-apollo-docs
2016-05-27 17:00:29	erasche	docker-galaxy-annotation
2016-05-27 17:00:06	TAMU-CPT	galaxy-webapollo
2016-05-26 22:52:46	erasche	cvitjs
2016-05-26 22:50:45	erasche	cvitjs
2016-05-26 22:50:22	erasche	cvitjs
2016-05-26 22:49:24	erasche	cvitjs
2016-05-26 22:48:30	erasche	cvitjs
2016-05-26 22:47:59	erasche	cvitjs
2016-05-26 22:42:47	erasche	cvitjs
2016-05-26 22:42:06	erasche	cvitjs
2016-05-26 22:36:51	erasche	cvitjs
2016-05-26 22:36:31	erasche	cvitjs
2016-05-26 22:34:20	erasche	cvitjs
2016-05-26 22:33:59	erasche	cvitjs
2016-05-26 21:27:10	erasche	docker-galaxy-annotation
2016-05-26 20:49:26	erasche	docker-galaxy-annotation
2016-05-26 20:48:30	erasche	docker-galaxy-annotation
2016-05-26 20:45:36	TAMU-CPT	galaxy-webapollo
2016-05-25 22:05:53	erasche	docker-compose-galaxy-annotation
2016-05-25 22:00:33	erasche	docker-galaxy-annotation
2016-05-25 21:59:38	TAMU-CPT	galaxy-webapollo
2016-05-25 21:42:55	TAMU-CPT	galaxy-webapollo
2016-05-25 21:41:04	erasche	docker-compose-galaxy-annotation
2016-05-25 21:36:05	erasche	docker-webapollo2
2016-05-25 20:48:47	erasche	docker-compose-galaxy-annotation
2016-05-25 20:39:59	erasche	docker-compose-galaxy-annotation
2016-05-25 20:28:06	erasche	Apollo
2016-05-25 19:45:38	erasche	docker-webapollo2
2016-05-25 19:18:53	erasche	docker-webapollo2
2016-05-25 19:18:38	erasche	docker-webapollo2
2016-05-25 18:51:17	erasche	docker-galaxy-annotation
2016-05-25 18:37:46	TAMU-CPT	galaxy-webapollo
2016-05-25 17:25:39	TAMU-CPT	galaxy-webapollo
2016-05-25 17:16:27	erasche	docker-galaxy-annotation
2016-05-25 17:12:26	TAMU-CPT	galaxy-webapollo
2016-05-24 22:24:37	galaxyproject	tools-iuc
2016-05-24 21:46:22	erasche	galaxy
2016-05-24 21:46:15	erasche	galaxy
2016-05-24 19:22:54	erasche	docker-galaxy-annotation
2016-05-24 17:21:25	TAMU-CPT	galaxy-webapollo
2016-05-23 21:19:31	erasche	docker-recipes
2016-05-23 21:15:36	TAMU-CPT	galaxy-webapollo
2016-05-20 18:34:20	galaxyproject	galaxy
2016-05-20 15:35:46	galaxyproject	galaxy
2016-05-20 12:43:34	erasche	docker-galaxy-annotation
2016-05-20 12:42:44	TAMU-CPT	galaxy-webapollo
2016-05-19 21:38:23	TAMU-CPT	galaxy-webapollo
2016-05-19 21:17:32	TAMU-CPT	galaxy-webapollo
2016-05-19 20:28:06	TAMU-CPT	galaxy-webapollo
2016-05-19 20:27:12	TAMU-CPT	galaxy-webapollo
2016-05-19 19:54:41	erasche	gx-cookie-proxy
2016-05-19 17:51:22	erasche	galaxy
2016-05-19 16:16:52	erasche	docker-galaxy-annotation
2016-05-19 16:00:13	TAMU-CPT	galaxy-webapollo
2016-05-19 15:56:54	erasche	docker-compose-galaxy-annotation
2016-05-18 19:25:51	erasche	docker-compose-galaxy-annotation
2016-05-18 19:20:49	erasche	docker-galaxy-annotation
2016-05-18 19:19:57	erasche	docker-galaxy-annotation
2016-05-18 19:19:33	erasche	docker-galaxy-annotation
2016-05-18 19:16:08	erasche	docker-galaxy-annotation
2016-05-18 19:15:49	erasche	docker-compose-galaxy-annotation
2016-05-18 19:15:29	erasche	docker-galaxy-annotation
2016-05-18 17:25:13	TAMU-CPT	galaxy-webapollo
2016-05-18 17:11:39	erasche	galaxy
2016-05-18 00:35:01	erasche	galaxyxml
2016-05-18 00:21:15	erasche	galaxyxml
2016-05-17 00:45:08	erasche	docker-webapollo2
2016-05-17 00:29:20	erasche	docker-recipes
2016-05-17 00:27:05	TAMU-CPT	galaxy-webapollo
2016-05-17 00:17:53	erasche	docker-recipes
2016-05-17 00:16:11	erasche	docker-recipes
2016-05-16 18:51:18	erasche	docker-webapollo2
2016-05-16 18:46:58	erasche	docker-webapollo2
2016-05-12 19:54:58	galaxyproject	cargo-port
2016-05-12 19:24:01	galaxyproject	tools-iuc
2016-05-12 16:11:42	bioarchive	aRchive_source_code
2016-05-10 15:12:00	erasche	galaxy
2016-05-10 14:58:22	TAMU-CPT	gdrive-folders-for-student-data
2016-05-10 13:20:56	galaxyproject	galaxy
2016-05-09 21:16:18	erasche	dotfiles
2016-05-09 06:10:26	erasche	docker-jbrowse
2016-05-09 06:09:48	erasche	docker-jbrowse
2016-05-09 06:09:16	erasche	docker-jbrowse
2016-05-08 16:51:01	galaxyproject	p4
2016-05-04 15:47:56	erasche	docker-recipes
2016-05-04 15:06:57	TAMU-CPT	gdrive-folders-for-student-data
2016-05-04 04:15:05	elenimijalis	cacao-frontend
2016-05-03 23:30:08	elenimijalis	cacao-frontend
2016-05-03 17:48:07	TAMU-CPT	galaxy-webapollo
2016-05-03 17:38:15	TAMU-CPT	galaxy-webapollo
2016-05-02 23:33:21	galaxyproject	galaxy
2016-04-27 22:58:19	erasche	Apollo
2016-04-27 20:21:08	galaxyproject	tools-iuc
2016-04-27 17:00:32	galaxyproject	cargo-port
2016-04-27 16:06:17	galaxyproject	cargo-port
2016-04-27 15:56:56	galaxyproject	cargo-port
2016-04-27 15:43:56	galaxyproject	galaxy
2016-04-27 15:37:50	galaxyproject	cargo-port
2016-04-27 15:35:24	galaxyproject	cargo-port
2016-04-27 14:36:44	erasche	galaxy
2016-04-26 22:12:54	erasche	dotfiles
2016-04-25 20:10:41	erasche	Apollo
2016-04-25 20:03:55	erasche	Apollo
2016-04-25 19:58:27	erasche	Apollo
2016-04-25 18:21:56	erasche	Apollo
2016-04-25 01:07:33	erasche	art-db
2016-04-24 22:26:27	elenimijalis	cacao-frontend
2016-04-24 21:27:31	elenimijalis	cacao-frontend
2016-04-24 19:07:39	erasche	art-db
2016-04-24 03:20:48	erasche	art-db
2016-04-22 05:28:43	erasche	galaxy
2016-04-21 04:50:28	erasche	barcode-server
2016-04-21 04:48:43	erasche	barcode-server
2016-04-20 20:28:00	erasche	Apollo
2016-04-18 22:38:55	erasche	Apollo
2016-04-18 21:53:54	galaxyproject	galaxy
2016-04-18 18:54:44	erasche	Apollo
2016-04-17 01:33:08	erasche	gologme
2016-04-17 01:32:53	erasche	gologme
2016-04-16 21:23:01	erasche	gologme
2016-04-15 19:00:19	erasche	dotfiles
2016-04-14 19:34:20	galaxyproject	galaxy
2016-04-14 16:20:03	erasche	galaxy
2016-04-13 21:35:55	erasche	galaxy
2016-04-13 18:36:40	erasche	galaxy
2016-04-13 18:21:30	erasche	galaxy
2016-04-13 17:27:18	erasche	galaxy
2016-04-13 17:24:29	erasche	galaxy
2016-04-13 17:23:42	erasche	galaxy
2016-04-13 16:34:31	erasche	galaxy
2016-04-13 00:48:11	erasche	galaxy
2016-04-13 00:39:00	erasche	galaxy
2016-04-12 22:30:48	erasche	Apollo
2016-04-11 18:00:59	erasche	dotfiles
2016-04-11 17:54:22	erasche	p4
2016-04-11 17:49:54	erasche	p4
2016-04-09 02:01:15	erasche	RFTools
2016-04-07 14:49:21	erasche	Apollo
2016-04-06 18:26:39	erasche	docker-jupyter-notebook
2016-04-05 16:30:08	erasche	chado-angular-admin
2016-04-05 16:19:08	erasche	chado-angular-admin
2016-04-05 15:55:50	galaxyproject	galaxy
2016-04-01 18:23:17	galaxyproject	tools-iuc
2016-03-31 00:15:47	galaxyproject	tools-iuc
2016-03-31 00:01:48	galaxyproject	tools-iuc
2016-03-30 23:51:51	erasche	dotfiles
2016-03-30 02:02:43	TAMU-CPT	galaxy-webapollo
2016-03-30 01:55:40	TAMU-CPT	galaxy-webapollo
2016-03-30 01:55:01	erasche	python-apollo
2016-03-30 01:54:57	erasche	python-apollo
2016-03-28 16:10:43	erasche	dotfiles
2016-03-23 16:01:33	galaxyproject	tools-iuc
2016-03-23 15:51:29	galaxyproject	tools-iuc
2016-03-23 15:37:06	galaxyproject	tools-iuc
2016-03-23 15:10:59	galaxyproject	tools-iuc
2016-03-23 14:57:10	galaxyproject	tools-iuc
2016-03-22 20:23:06	erasche	barcode-server
2016-03-22 20:19:51	erasche	barcode-server
2016-03-22 20:14:00	erasche	barcode-server
2016-03-22 16:31:19	erasche	galaxy
2016-03-19 12:43:10	erasche	docker-jupyter-notebook
2016-03-18 19:14:48	erasche	presentations
2016-03-18 05:11:11	erasche	presentations
2016-03-18 05:09:42	erasche	presentations
2016-03-18 04:59:41	erasche	presentations
2016-03-17 15:22:59	erasche	docker-recipes
2016-03-17 15:14:25	erasche	docker-recipes
2016-03-17 15:11:12	erasche	barcode-server
2016-03-17 13:49:02	erasche	galaxy
2016-03-17 13:47:18	erasche	galaxy
2016-03-17 13:45:54	erasche	galaxy
2016-03-17 01:30:10	erasche	dotfiles
2016-03-16 20:45:51	erasche	shed
2016-03-15 16:32:34	erasche	shed
2016-03-15 15:43:27	erasche	docker-jupyter-notebook
2016-03-14 15:33:50	galaxyproject	galaxy
2016-03-12 23:06:35	erasche	dotfiles
2016-03-10 16:38:06	erasche	galaxy
2016-03-09 22:28:46	erasche	Apollo
2016-03-09 02:19:39	elenimijalis	cacao-lite
2016-03-08 22:49:02	erasche	Apollo
2016-03-08 21:46:56	erasche	gccontent
2016-03-08 21:33:31	erasche	gccontent
2016-03-08 21:28:14	erasche	gccontent
2016-03-08 18:29:27	erasche	gologme
2016-03-08 18:21:18	erasche	gologme
2016-03-08 18:13:22	erasche	gologme
2016-03-08 02:51:25	erasche	gologme
2016-03-08 00:08:14	elenimijalis	cacao-lite
2016-03-07 22:22:26	elenimijalis	cacao-lite
2016-03-07 22:18:41	elenimijalis	cacao-lite
2016-03-07 18:40:17	galaxyproject	tools-iuc
2016-03-04 22:23:50	erasche	chado-jbrowse-connector
2016-03-04 22:22:15	erasche	chado-jbrowse-connector
2016-03-04 22:10:37	erasche	chado-jbrowse-connector
2016-03-04 22:04:25	erasche	dotfiles
2016-03-04 21:05:00	erasche	chado-angular-admin
2016-03-04 21:00:31	erasche	chado-angular-admin
2016-03-03 22:25:24	erasche	JBrowse-REST-API-Example
2016-03-03 22:04:53	erasche	JBrowse-REST-API-Example
2016-03-02 18:04:08	erasche	chado-angular-admin
2016-03-02 18:00:09	erasche	chado-angular-admin
2016-03-02 17:13:10	erasche	chado-angular-admin
2016-03-02 03:12:36	erasche	docker-recipes
2016-03-02 03:08:25	erasche	docker-recipes
2016-03-01 03:09:23	galaxyproject	planemo
2016-03-01 03:08:54	erasche	galaxy
2016-03-01 01:36:06	galaxyproject	planemo
2016-03-01 01:05:08	erasche	docker-chado
2016-02-29 23:32:43	erasche	gie-proxy
2016-02-27 04:06:17	elenimijalis	cacao-lite
2016-02-27 00:41:46	erasche	videojs-framebyframe
2016-02-27 00:40:50	erasche	videojs-framebyframe
2016-02-26 22:56:20	erasche	jbrowse
2016-02-26 22:56:04	erasche	jbrowse
2016-02-26 20:08:22	erasche	galactic-radio-telescope
2016-02-26 20:00:24	erasche	galactic-radio-telescope
2016-02-26 19:58:39	erasche	galactic-radio-telescope
2016-02-26 19:57:14	erasche	galactic-radio-telescope
2016-02-26 19:57:10	erasche	galactic-radio-telescope
2016-02-26 18:27:19	erasche	galactic-radio-telescope
2016-02-26 17:34:32	erasche	docker-rstudio-notebook
2016-02-26 17:32:17	erasche	docker-rstudio-notebook
2016-02-26 17:30:03	erasche	gie-proxy
2016-02-26 17:28:58	galaxyproject	cargo-port
2016-02-26 17:24:07	erasche	gie-proxy
2016-02-26 17:21:39	erasche	gie-proxy
2016-02-26 17:20:27	erasche	gie-proxy
2016-02-26 17:08:42	erasche	gie-proxy
2016-02-26 17:07:56	erasche	gie-proxy
2016-02-26 17:00:56	erasche	gie-proxy
2016-02-26 16:58:10	erasche	gie-proxy
2016-02-26 14:51:52	erasche	galaxy
2016-02-26 14:50:46	erasche	galaxy
2016-02-26 07:26:34	erasche	galaxy
2016-02-26 07:25:54	erasche	galaxy
2016-02-26 07:18:40	erasche	galaxy
2016-02-26 07:14:54	erasche	galaxy
2016-02-26 06:53:08	erasche	gie-proxy
2016-02-26 06:07:48	erasche	galaxy
2016-02-26 05:45:04	erasche	galaxy
2016-02-25 20:23:33	galaxyproject	cargo-port
2016-02-25 19:42:35	erasche	dotfiles
2016-02-25 19:38:50	galaxyproject	tools-iuc
2016-02-25 18:29:19	galaxyproject	cargo-port
2016-02-25 15:07:04	erasche	dotfiles
2016-02-25 06:35:29	erasche	gie-proxy
2016-02-25 06:32:52	erasche	gie-proxy
2016-02-25 06:19:38	erasche	gie-proxy
2016-02-25 01:22:28	erasche	galaxy
2016-02-25 01:16:54	erasche	galaxy
2016-02-24 23:51:24	erasche	videojs-framebyframe
2016-02-24 23:50:36	erasche	videojs-framebyframe
2016-02-24 23:49:58	erasche	videojs-framebyframe
2016-02-24 23:49:12	erasche	videojs-framebyframe
2016-02-24 23:45:13	erasche	videojs-framebyframe
2016-02-24 23:44:54	erasche	videojs-framebyframe
2016-02-24 23:40:20	erasche	videojs-framebyframe
2016-02-24 23:35:04	erasche	videojs-framebyframe
2016-02-24 23:31:56	erasche	videojs-framebyframe
2016-02-24 23:30:08	erasche	videojs-framebyframe
2016-02-24 23:15:20	erasche	videojs-framebyframe
2016-02-24 23:08:41	erasche	videojs-framebyframe
2016-02-24 23:07:07	erasche	videojs-framebyframe
2016-02-24 23:06:48	erasche	videojs-framebyframe
2016-02-24 23:05:43	erasche	videojs-framebyframe
2016-02-24 22:54:28	erasche	galaxy
2016-02-24 20:55:46	erasche	docker-jbrowse
2016-02-24 17:37:36	erasche	docker-jbrowse
2016-02-24 17:37:03	erasche	docker-jbrowse
2016-02-24 17:35:13	erasche	docker-recipes
2016-02-24 17:22:49	erasche	docker-jbrowse
2016-02-24 00:43:17	erasche	barcode-server
2016-02-23 21:36:04	erasche	barcode-server
2016-02-23 21:23:15	galaxyproject	galaxy
2016-02-23 01:19:41	erasche	redeclipse-maps
2016-02-22 22:42:29	galaxyproject	galaxy
2016-02-21 23:01:35	erasche	redeclipse-maps
2016-02-21 22:46:45	erasche	redeclipse-maps
2016-02-21 22:44:38	erasche	redeclipse-maps
2016-02-21 19:31:55	galaxyproject	galaxy
2016-02-20 20:45:28	erasche	redeclipse-maps
2016-02-20 03:05:42	erasche	docker-recipes
2016-02-20 02:58:53	erasche	docker-recipes
2016-02-19 02:35:39	elenimijalis	cacao-lite
2016-02-18 05:59:56	erasche	docker-recipes
2016-02-18 05:51:16	erasche	docker-recipes
2016-02-17 19:58:41	galaxyproject	galaxyproject.github.io
2016-02-17 19:54:42	galaxyproject	galaxyproject.github.io
2016-02-17 19:51:31	galaxyproject	galaxyproject.github.io
2016-02-17 01:45:43	erasche	docker-webapollo2
2016-02-15 17:05:56	erasche	gologme
2016-02-14 19:22:12	erasche	dotfiles
2016-02-14 03:56:49	erasche	tex-dotplot
2016-02-14 03:56:00	erasche	tex-dotplot
2016-02-14 03:54:14	erasche	tex-dotplot
2016-02-14 03:53:36	erasche	tex-dotplot
2016-02-14 03:53:13	erasche	tex-dotplot
2016-02-09 01:36:50	erasche	gologme
2016-02-09 00:37:49	erasche	gologme
2016-02-08 22:52:40	erasche	jbrowse
2016-02-08 22:29:53	erasche	jbrowse
2016-02-05 20:40:55	erasche	p4
2016-02-04 20:50:52	erasche	p4
2016-02-03 00:51:06	erasche	jbrowse
2016-02-03 00:49:39	erasche	jbrowse
2016-02-03 00:34:46	erasche	Apollo
2016-02-02 23:24:41	erasche	Apollo
2016-02-01 02:16:30	erasche	dotfiles
2016-01-28 22:49:19	galaxyproject	cargo-port
2016-01-28 22:19:06	erasche	p4
2016-01-28 16:37:28	erasche	dotfiles
2016-01-28 16:22:36	erasche	p4
2016-01-26 21:20:08	erasche	docker-webapollo2
2016-01-25 19:54:10	galaxyproject	tools-iuc
2016-01-25 19:49:29	galaxyproject	tools-iuc
2016-01-25 19:48:31	galaxyproject	tools-iuc
2016-01-25 19:46:20	galaxyproject	tools-iuc
2016-01-25 19:35:58	galaxyproject	cargo-port
2016-01-25 19:34:35	galaxyproject	tools-iuc
2016-01-25 19:32:18	galaxyproject	tools-iuc
2016-01-25 17:43:26	erasche	p4
2016-01-25 16:56:25	erasche	galaxy
2016-01-25 16:00:06	erasche	galaxy
2016-01-23 22:51:26	erasche	gologme
2016-01-22 01:14:43	erasche	dotfiles
2016-01-21 23:29:52	galaxyproject	tools-iuc
2016-01-19 18:34:48	galaxyproject	tools-iuc
2016-01-17 01:30:43	erasche	gologme
2016-01-16 19:43:24	erasche	python-apollo
2016-01-15 23:10:21	erasche	docker-recipes
2016-01-15 22:37:48	erasche	gx-package-caching-proxies
2016-01-15 20:14:16	erasche	docker-recipes
2016-01-15 20:13:44	erasche	docker-recipes
2016-01-14 23:43:38	erasche	docker-webapollo2
2016-01-14 23:43:33	erasche	docker-webapollo2
2016-01-14 22:58:38	erasche	Apollo
2016-01-14 22:15:43	erasche	Apollo
2016-01-14 22:14:19	erasche	Apollo
2016-01-14 20:04:32	erasche	p4
2016-01-14 19:43:26	erasche	p4
2016-01-14 18:49:39	erasche	dotfiles
2016-01-13 23:01:05	erasche	p4
2016-01-13 22:54:52	erasche	p4
2016-01-13 22:53:15	erasche	p4
2016-01-13 22:41:47	erasche	p4
2016-01-13 22:29:21	erasche	p4
2016-01-13 22:25:06	erasche	p4
2016-01-13 22:16:15	erasche	p4
2016-01-13 22:14:39	erasche	p4
2016-01-13 21:29:29	erasche	p4
2016-01-13 21:21:33	erasche	p4
2016-01-13 21:11:50	erasche	p4
2016-01-13 21:10:34	erasche	p4
2016-01-13 21:10:08	erasche	p4
2016-01-13 21:08:42	erasche	p4
2016-01-13 21:06:56	erasche	p4
2016-01-13 20:54:18	erasche	gologme
2016-01-13 19:53:39	galaxyproject	cargo-port
2016-01-12 23:14:02	galaxyproject	tools-iuc
2016-01-12 16:58:34	erasche	Apollo
2016-01-12 02:00:59	erasche	gologme
2016-01-12 01:49:00	erasche	gologme
2016-01-12 01:35:36	erasche	gologme
2016-01-12 01:35:07	erasche	gologme
2016-01-12 01:11:29	erasche	gologme
2016-01-11 19:02:21	erasche	p4
2016-01-11 05:30:37	erasche	p4
2016-01-10 22:00:55	erasche	gologme
2016-01-10 20:02:42	erasche	gologme
2016-01-10 19:16:35	erasche	gologme
2016-01-10 19:14:42	erasche	gologme
2016-01-10 19:10:02	erasche	gologme
2016-01-10 18:55:58	erasche	gologme
2016-01-10 18:13:58	erasche	gologme
2016-01-10 17:59:18	erasche	gologme
2016-01-10 07:45:39	erasche	gologme
2016-01-10 07:10:00	erasche	gologme
2016-01-10 04:59:19	bioarchive	aRchive_source_code
2016-01-09 23:56:57	erasche	p4
2016-01-09 23:55:07	erasche	p4
2016-01-09 23:44:33	erasche	p4
2016-01-09 23:38:54	erasche	p4
2016-01-09 22:12:00	erasche	galaxy
2016-01-09 21:04:03	bioarchive	aRchive_source_code
2016-01-08 16:34:47	erasche	pico_galaxy
2016-01-08 16:33:47	erasche	pico_galaxy
2016-01-08 15:09:02	galaxyproject	tools-iuc
2016-01-08 14:47:45	galaxyproject	tools-iuc
2016-01-07 18:35:13	erasche	docker-webapollo2
2016-01-07 18:33:30	erasche	Apollo
2016-01-06 17:36:27	erasche	galaxy
2016-01-06 17:20:18	erasche	docker-webapollo2
2016-01-06 03:07:38	galaxyproject	cargo-port
2016-01-06 02:46:51	erasche	galaxy
2016-01-05 17:38:42	galaxyproject	tools-iuc
2016-01-05 16:50:19	galaxyproject	galaxy
2016-01-04 20:43:40	galaxyproject	galaxy
2016-01-01 23:28:53	erasche	shed
2016-01-01 22:48:29	erasche	shed
2016-01-01 22:42:45	erasche	shed
2016-01-01 21:25:07	erasche	shed
2016-01-01 19:47:46	erasche	shed
2016-01-01 19:03:22	erasche	shed
2016-01-01 18:53:08	erasche	shed
2016-01-01 18:52:56	erasche	shed
2016-01-01 18:49:22	erasche	shed
2016-01-01 18:48:15	erasche	shed
2016-01-01 18:46:36	erasche	shed
2016-01-01 17:18:13	erasche	shed
2016-01-01 16:40:10	erasche	shed
2015-12-31 21:01:36	erasche	figlet2gff3
2015-12-31 18:52:45	galaxyproject	tools-iuc
2015-12-31 18:48:57	galaxyproject	tools-iuc
2015-12-31 18:47:36	galaxyproject	tools-iuc
2015-12-31 18:34:22	galaxyproject	tools-iuc
2015-12-31 16:51:43	galaxyproject	tools-iuc
2015-12-31 16:49:31	galaxyproject	tools-iuc
2015-12-31 14:51:52	galaxyproject	tools-iuc
2015-12-30 23:08:18	galaxyproject	tools-iuc
2015-12-30 22:51:54	erasche	presentations
2015-12-30 21:03:54	galaxyproject	galaxy
2015-12-30 20:02:27	galaxyproject	galaxy
2015-12-30 19:17:35	galaxyproject	tools-iuc
2015-12-29 19:35:40	galaxyproject	tools-iuc
2015-12-29 00:47:27	galaxyproject	tools-iuc
2015-12-29 00:02:40	galaxyproject	tools-iuc
2015-12-28 23:18:48	galaxyproject	tools-iuc
2015-12-28 23:18:25	galaxyproject	tools-iuc
2015-12-28 20:40:06	galaxyproject	tools-iuc
2015-12-28 02:22:41	erasche	presentations
2015-12-28 02:22:33	erasche	presentations
2015-12-28 02:19:39	erasche	presentations
2015-12-28 02:16:16	erasche	presentations
2015-12-27 22:09:53	erasche	galaxy
2015-12-27 21:56:01	erasche	galaxy
2015-12-27 21:26:44	erasche	galaxy
2015-12-27 21:25:38	erasche	galaxy
2015-12-27 21:13:38	erasche	galaxy
2015-12-27 21:12:29	erasche	galaxy
2015-12-27 21:02:16	erasche	galaxy
2015-12-27 20:45:54	erasche	galaxy
2015-12-27 20:11:20	erasche	galaxy
2015-12-27 20:09:35	erasche	galaxy
2015-12-27 17:46:46	galaxyproject	galaxy
2015-12-23 21:33:13	erasche	shed
2015-12-23 21:30:52	erasche	shed
2015-12-23 21:00:10	erasche	shed
2015-12-23 19:58:40	erasche	shed
2015-12-23 19:50:22	erasche	shed
2015-12-23 19:42:51	erasche	shed
2015-12-23 18:29:14	erasche	shed
2015-12-23 18:28:47	erasche	shed
2015-12-22 19:48:54	erasche	galaxy
2015-12-22 19:45:47	erasche	galaxy
2015-12-22 19:16:26	erasche	galaxy
2015-12-21 20:47:08	erasche	docker-webapollo2
2015-12-21 20:40:21	erasche	Apollo
2015-12-21 20:39:40	erasche	Apollo
2015-12-21 19:46:22	erasche	gene2accession2kyotocabinet
2015-12-21 16:43:19	galaxyproject	tools-iuc
2015-12-20 20:40:37	erasche	docker-recipes
2015-12-19 17:06:27	galaxyproject	cargo-port
2015-12-19 17:03:22	galaxyproject	cargo-port
2015-12-19 17:01:22	galaxyproject	cargo-port
2015-12-19 16:59:55	galaxyproject	cargo-port
2015-12-19 16:58:04	galaxyproject	cargo-port
2015-12-19 15:22:23	galaxyproject	cargo-port
2015-12-18 21:25:16	galaxyproject	cargo-port
2015-12-18 20:10:28	galaxyproject	cargo-port
2015-12-18 20:09:44	galaxyproject	cargo-port
2015-12-18 20:08:34	galaxyproject	cargo-port
2015-12-18 20:06:39	galaxyproject	cargo-port
2015-12-18 20:00:28	galaxyproject	cargo-port
2015-12-18 19:02:11	galaxyproject	cargo-port
2015-12-17 21:27:23	galaxyproject	cargo-port
2015-12-17 20:49:14	galaxyproject	cargo-port
2015-12-17 20:31:59	galaxyproject	cargo-port
2015-12-17 20:18:09	galaxyproject	cargo-port
2015-12-17 20:16:24	galaxyproject	cargo-port
2015-12-17 20:13:12	galaxyproject	cargo-port
2015-12-17 20:07:12	galaxyproject	cargo-port
2015-12-17 17:01:25	galaxyproject	galaxy
2015-12-16 23:38:16	galaxyproject	galaxy
2015-12-16 15:15:40	galaxyproject	cargo-port
2015-12-16 13:29:59	galaxyproject	cargo-port
2015-12-16 13:28:46	galaxyproject	tools-iuc
2015-12-16 13:15:45	galaxyproject	cargo-port
2015-12-16 13:14:50	galaxyproject	cargo-port
2015-12-16 03:16:42	galaxyproject	cargo-port
2015-12-15 17:16:08	galaxyproject	cargo-port
2015-12-15 16:55:51	galaxyproject	cargo-port
2015-12-15 16:48:59	galaxyproject	cargo-port
2015-12-14 18:57:30	galaxyproject	cargo-port
2015-12-14 18:53:57	galaxyproject	cargo-port
2015-12-12 20:23:23	galaxyproject	tools-iuc
2015-12-12 00:13:46	galaxyproject	tools-iuc
2015-12-11 23:50:34	galaxyproject	tools-iuc
2015-12-11 23:45:21	galaxyproject	galaxy
2015-12-11 09:05:11	erasche	CMU_Arctic_Recorder
2015-12-11 06:48:51	erasche	CMU_Arctic_Recorder
2015-12-11 06:22:44	erasche	CMU_Arctic_Recorder
2015-12-11 06:22:17	erasche	CMU_Arctic_Recorder
2015-12-11 06:18:23	erasche	CMU_Arctic_Recorder
2015-12-07 21:42:19	galaxyproject	tools-iuc
2015-12-07 17:41:40	erasche	docker-webapollo2
2015-12-06 01:41:29	galaxyproject	tools-iuc
2015-12-06 01:40:59	galaxyproject	tools-iuc
2015-12-05 00:17:19	galaxyproject	tools-iuc
2015-12-04 22:42:04	erasche	jbrowse
2015-12-04 19:36:27	erasche	galaxy
2015-12-04 17:51:33	erasche	galaxy
2015-12-04 17:44:59	erasche	galaxy
2015-12-03 22:56:07	galaxyproject	galaxy
2015-12-03 20:04:15	galaxyproject	tools-iuc
2015-12-03 16:17:02	galaxyproject	galaxy
2015-12-02 23:34:40	galaxyproject	tools-iuc
2015-12-02 22:05:44	galaxyproject	tools-iuc
2015-12-02 21:55:31	galaxyproject	tools-iuc
2015-12-02 21:30:21	galaxyproject	tools-iuc
2015-12-02 20:00:31	galaxyproject	tools-iuc
2015-12-02 19:44:59	galaxyproject	tools-iuc
2015-12-02 05:27:43	erasche	morse-trainer
2015-12-02 05:27:36	erasche	morse-trainer
2015-12-02 05:12:39	erasche	morse-trainer
2015-12-01 20:32:15	galaxyproject	tools-iuc
2015-12-01 02:43:13	galaxyproject	cargo-port
2015-12-01 01:02:51	galaxyproject	tools-iuc
2015-12-01 00:44:39	galaxyproject	cargo-port
2015-12-01 00:38:28	galaxyproject	cargo-port
2015-12-01 00:37:26	galaxyproject	cargo-port
2015-12-01 00:35:35	galaxyproject	cargo-port
2015-12-01 00:29:59	galaxyproject	cargo-port
2015-11-30 19:39:19	galaxyproject	galaxy
2015-11-30 16:54:49	galaxyproject	cargo-port
2015-11-30 16:52:11	galaxyproject	cargo-port
2015-11-30 16:51:31	galaxyproject	cargo-port
2015-11-30 16:50:22	galaxyproject	cargo-port
2015-11-30 05:06:47	erasche	community-package-cache
2015-11-30 05:05:26	erasche	community-package-cache
2015-11-30 04:50:29	erasche	community-package-cache
2015-11-30 04:48:54	erasche	community-package-cache
2015-11-30 04:29:49	erasche	community-package-cache
2015-11-30 04:27:08	erasche	community-package-cache
2015-11-30 04:25:39	erasche	community-package-cache
2015-11-30 04:23:58	erasche	community-package-cache
2015-11-30 00:25:19	galaxyproject	galaxyproject.github.io
2015-11-29 23:48:03	erasche	community-package-cache
2015-11-29 23:42:46	erasche	community-package-cache
2015-11-29 23:21:51	erasche	community-package-cache
2015-11-29 22:19:15	galaxyproject	tools-iuc
2015-11-29 22:03:05	galaxyproject	tools-iuc
2015-11-29 20:30:37	galaxyproject	tools-iuc
2015-11-29 20:29:39	erasche	community-package-cache
2015-11-29 20:26:12	galaxyproject	tools-iuc
2015-11-29 20:16:06	erasche	community-package-cache
2015-11-29 20:06:54	galaxyproject	tools-iuc
2015-11-29 20:06:47	erasche	community-package-cache
2015-11-29 08:08:54	erasche	community-package-cache
2015-11-29 07:54:21	galaxyproject	tools-iuc
2015-11-29 07:43:33	galaxyproject	tools-iuc
2015-11-29 07:38:43	galaxyproject	tools-iuc
2015-11-29 02:28:34	galaxyproject	tools-iuc
2015-11-28 14:42:28	galaxyproject	tools-iuc
2015-11-26 13:29:48	galaxyproject	galaxy
2015-11-25 21:34:22	erasche	galaxy
2015-11-25 20:40:51	erasche	bioblend
2015-11-25 20:27:52	galaxyproject	galaxy
2015-11-24 20:43:40	erasche	biopython
2015-11-24 20:15:51	erasche	biopython
2015-11-23 03:25:04	erasche	morse-trainer
2015-11-23 02:48:50	erasche	morse-trainer
2015-11-23 02:43:30	erasche	morse-trainer
2015-11-23 02:42:53	erasche	morse-trainer
2015-11-23 00:41:11	galaxyproject	tools-iuc
2015-11-22 05:19:56	bgruening	docker-ipython-notebook
2015-11-20 20:17:54	erasche	community-package-cache
2015-11-20 20:13:44	erasche	community-package-cache
2015-11-20 20:11:17	erasche	community-package-cache
2015-11-20 20:10:41	erasche	community-package-cache
2015-11-20 20:07:35	erasche	community-package-cache
2015-11-20 20:06:42	erasche	community-package-cache
2015-11-20 20:00:54	erasche	community-package-cache
2015-11-20 19:59:47	erasche	community-package-cache
2015-11-20 19:58:03	erasche	community-package-cache
2015-11-20 19:29:14	erasche	community-package-cache
2015-11-20 18:57:06	erasche	community-package-cache
2015-11-20 18:55:05	erasche	community-package-cache
2015-11-20 18:49:04	erasche	community-package-cache
2015-11-20 17:52:58	erasche	community-package-cache
2015-11-20 17:50:51	erasche	community-package-cache
2015-11-20 17:48:31	erasche	community-package-cache
2015-11-20 17:47:58	erasche	community-package-cache
2015-11-20 17:11:38	erasche	community-package-cache
2015-11-20 17:09:37	erasche	community-package-cache
2015-11-20 17:07:07	erasche	community-package-cache
2015-11-20 14:58:28	erasche	community-package-cache
2015-11-19 21:46:45	erasche	tools-cpt
2015-11-19 21:32:04	erasche	tools-cpt
2015-11-19 21:02:40	galaxyproject	galaxy
2015-11-19 20:31:15	erasche	community-package-cache
2015-11-19 18:24:05	erasche	community-package-cache
2015-11-19 18:23:05	erasche	community-package-cache
2015-11-19 18:21:33	erasche	community-package-cache
2015-11-19 18:19:34	erasche	community-package-cache
2015-11-19 18:18:34	erasche	community-package-cache
2015-11-19 18:16:17	erasche	community-package-cache
2015-11-19 18:14:36	erasche	community-package-cache
2015-11-19 18:11:25	erasche	community-package-cache
2015-11-19 18:10:22	erasche	community-package-cache
2015-11-19 18:09:21	erasche	community-package-cache
2015-11-19 07:36:24	galaxyproject	tools-iuc
2015-11-19 07:35:37	galaxyproject	tools-iuc
2015-11-19 07:29:36	erasche	community-package-cache
2015-11-19 07:27:17	erasche	community-package-cache
2015-11-19 07:24:56	erasche	community-package-cache
2015-11-19 07:24:37	erasche	community-package-cache
2015-11-19 07:21:16	erasche	community-package-cache
2015-11-18 16:05:09	erasche	docker-webapollo2
2015-11-17 18:18:39	galaxyproject	galaxyproject.github.io
2015-11-17 18:16:29	galaxyproject	galaxyproject.github.io
2015-11-17 17:28:22	erasche	galaxy
2015-11-17 02:19:06	erasche	galaxy
2015-11-17 02:15:27	erasche	galaxy
2015-11-16 23:35:33	galaxyproject	galaxyproject.github.io
2015-11-16 23:34:41	galaxyproject	galaxyproject.github.io
2015-11-16 23:10:33	galaxyproject	galaxyproject.github.io
2015-11-16 22:49:02	galaxyproject	galaxyproject.github.io
2015-11-16 22:48:45	galaxyproject	galaxyproject.github.io
2015-11-16 17:58:57	erasche	docker-webapollo2
2015-11-14 05:00:56	erasche	community-package-cache
2015-11-09 22:22:04	galaxyproject	tools-iuc
2015-11-09 20:46:01	erasche	community-package-cache
2015-11-09 20:00:19	erasche	community-package-cache
2015-11-09 19:46:54	galaxyproject	tools-iuc
2015-11-09 19:17:46	erasche	community-package-cache
2015-11-06 21:06:20	erasche	community-package-cache
2015-11-06 19:52:07	erasche	community-package-cache
2015-11-06 00:27:32	erasche	tools-cpt
2015-11-06 00:26:26	erasche	tools-cpt
2015-11-06 00:25:28	erasche	tools-cpt
2015-11-05 19:43:38	erasche	Apollo
2015-11-05 19:12:04	erasche	docker-webapollo2
2015-11-05 16:48:35	galaxyproject	tools-iuc
2015-11-05 16:23:55	galaxyproject	tools-iuc
2015-11-05 16:04:21	galaxyproject	tools-iuc
2015-11-05 15:58:25	galaxyproject	tools-iuc
2015-11-05 00:18:27	erasche	jbrowse
2015-11-04 15:16:18	galaxyproject	galaxy
2015-11-03 23:04:12	galaxyproject	tools-iuc
2015-11-03 19:23:11	erasche	jbrowse
2015-11-03 14:57:07	galaxyproject	tools-iuc
2015-10-31 21:52:21	galaxyproject	tools-iuc
2015-10-31 21:51:00	galaxyproject	tools-iuc
2015-10-31 20:43:26	erasche	community-package-cache
2015-10-31 20:41:20	erasche	community-package-cache
2015-10-31 20:28:39	erasche	community-package-cache
2015-10-31 20:23:37	galaxyproject	tools-iuc
2015-10-31 19:52:34	galaxyproject	tools-iuc
2015-10-31 19:47:52	galaxyproject	tools-iuc
2015-10-31 17:43:17	galaxyproject	tools-iuc
2015-10-31 16:43:21	galaxyproject	tools-iuc
2015-10-31 16:41:43	galaxyproject	tools-iuc
2015-10-31 16:21:01	galaxyproject	tools-iuc
2015-10-30 19:10:24	erasche	community-package-cache
2015-10-30 16:59:43	erasche	galaxy
2015-10-30 16:54:24	erasche	galaxy
2015-10-30 01:51:14	galaxyproject	tools-iuc
2015-10-30 01:50:10	erasche	community-package-cache
2015-10-30 01:48:08	erasche	community-package-cache
2015-10-30 01:45:50	erasche	community-package-cache
2015-10-30 01:39:37	erasche	community-package-cache
2015-10-29 23:16:04	erasche	community-package-cache
2015-10-29 22:11:09	erasche	community-package-cache
2015-10-29 22:06:22	erasche	community-package-cache
2015-10-29 22:05:19	erasche	community-package-cache
2015-10-29 22:04:42	erasche	community-package-cache
2015-10-29 22:01:22	erasche	community-package-cache
2015-10-29 21:53:19	erasche	community-package-cache
2015-10-29 21:49:11	erasche	community-package-cache
2015-10-29 21:08:03	galaxyproject	planemo
2015-10-29 20:14:16	erasche	community-package-cache
2015-10-28 19:15:15	erasche	tools-cpt
2015-10-28 19:02:29	erasche	docker-webapollo2
2015-10-28 17:01:56	erasche	tools-cpt
2015-10-28 16:08:52	galaxy-iuc	standards
2015-10-28 15:49:43	galaxy-iuc	standards
2015-10-28 15:47:51	galaxy-iuc	standards
2015-10-28 15:39:16	galaxy-iuc	standards
2015-10-28 15:38:29	galaxyproject	tools-iuc
2015-10-28 15:35:19	erasche	tools-cpt
2015-10-28 01:17:34	erasche	tools-cpt
2015-10-27 20:54:26	erasche	community-package-cache
2015-10-27 20:34:15	erasche	community-package-cache
2015-10-27 20:32:15	erasche	community-package-cache
2015-10-27 20:26:27	erasche	community-package-cache
2015-10-27 20:21:18	erasche	community-package-cache
2015-10-27 19:58:25	erasche	community-package-cache
2015-10-27 19:53:54	erasche	community-package-cache
2015-10-27 19:34:06	erasche	community-package-cache
2015-10-27 19:17:23	erasche	community-package-cache
2015-10-27 19:14:57	erasche	community-package-cache
2015-10-27 18:55:36	erasche	tools-cpt
2015-10-27 18:09:34	erasche	tools-cpt
2015-10-27 18:08:25	erasche	tools-cpt
2015-10-27 18:04:04	erasche	tools-cpt
2015-10-27 17:18:12	galaxy-iuc	standards
2015-10-27 17:04:01	galaxy-iuc	standards
2015-10-27 15:40:58	galaxyproject	planemo
2015-10-27 15:26:51	galaxyproject	planemo
2015-10-27 08:10:25	galaxyproject	planemo
2015-10-27 03:28:15	galaxyproject	tools-iuc
2015-10-27 03:06:35	galaxyproject	tools-iuc
2015-10-27 03:02:46	galaxyproject	tools-iuc
2015-10-27 02:24:04	galaxyproject	planemo
2015-10-27 02:09:43	galaxyproject	planemo
2015-10-27 01:40:28	galaxyproject	planemo
2015-10-27 00:09:10	galaxy-iuc	standards
2015-10-26 23:12:46	galaxy-iuc	standards
2015-10-26 22:56:34	erasche	galaxy-data_source-examples
2015-10-26 22:56:06	erasche	galaxy-data_source-examples
2015-10-26 22:55:24	erasche	galaxy-data_source-examples
2015-10-26 22:54:54	erasche	galaxy-data_source-examples
2015-10-26 22:39:29	galaxy-iuc	standards
2015-10-26 22:28:26	galaxy-iuc	standards
2015-10-26 22:15:29	galaxyproject	pulsar
2015-10-26 22:09:24	galaxyproject	tools-devteam
2015-10-26 18:05:33	galaxyproject	galaxy
2015-10-26 15:20:56	galaxyproject	tools-iuc
2015-10-25 00:15:15	galaxyproject	tools-iuc
2015-10-24 23:48:20	erasche	bin-fasta
2015-10-24 22:03:04	erasche	bin-fasta
2015-10-23 23:23:42	erasche	bin-fasta
2015-10-23 17:35:39	erasche	community-package-cache
2015-10-23 17:30:38	erasche	community-package-cache
2015-10-23 17:30:11	erasche	community-package-cache
2015-10-23 17:25:27	erasche	community-package-cache
2015-10-23 17:24:59	erasche	community-package-cache
2015-10-23 17:01:20	erasche	community-package-cache
2015-10-23 17:00:49	erasche	community-package-cache
2015-10-23 16:57:07	erasche	community-package-cache
2015-10-22 21:53:55	erasche	community-package-cache
2015-10-22 21:53:02	erasche	community-package-cache
2015-10-22 21:52:44	erasche	community-package-cache
2015-10-22 21:42:11	erasche	package-cache
2015-10-22 21:41:11	erasche	package-cache
2015-10-22 21:40:07	erasche	package-cache
2015-10-22 21:34:50	erasche	package-cache
2015-10-22 21:11:09	erasche	package-cache
2015-10-22 18:59:54	galaxyproject	planemo
2015-10-22 18:51:38	galaxyproject	planemo
2015-10-21 17:02:51	galaxyproject	galaxy
2015-10-21 12:21:59	erasche	package-cache
2015-10-21 11:54:23	erasche	package-cache
2015-10-21 11:51:36	erasche	package-cache
2015-10-21 11:34:20	erasche	package-cache
2015-10-20 14:53:58	galaxyproject	planemo
2015-10-20 01:39:57	galaxyproject	planemo
2015-10-20 00:08:04	galaxyproject	galaxy
2015-10-17 20:08:26	erasche	docker-galaxy-stable
2015-10-16 17:39:29	galaxyproject	planemo
2015-10-15 21:06:37	erasche	galaxy
2015-10-15 21:02:13	erasche	galaxy
2015-10-15 17:20:08	galaxyproject	planemo
2015-10-14 22:15:16	galaxyproject	galaxy
2015-10-14 21:05:48	erasche	galaxy
2015-10-14 20:22:00	galaxyproject	tools-iuc
2015-10-14 20:02:32	erasche	galaxy
2015-10-14 15:20:36	galaxyproject	tools-iuc
2015-10-13 22:01:11	galaxyproject	tools-iuc
2015-10-13 21:59:58	galaxyproject	tools-iuc
2015-10-13 21:59:28	galaxyproject	tools-iuc
2015-10-13 19:52:53	galaxyproject	tools-iuc
2015-10-13 19:26:47	galaxyproject	tools-iuc
2015-10-13 18:00:05	erasche	docker-webapollo2
2015-10-13 17:14:14	erasche	docker-recipes
2015-10-13 17:09:35	erasche	docker-recipes
2015-10-12 21:40:08	erasche	docker-rstudio-notebook
2015-10-12 19:19:56	erasche	docker-rstudio-notebook
2015-10-11 04:29:36	erasche	gie-proxy
2015-10-11 04:26:38	erasche	gie-proxy
2015-10-11 01:14:12	galaxyproject	tools-iuc
2015-10-09 19:25:52	galaxyproject	tools-iuc
2015-10-09 13:19:12	galaxyproject	tools-iuc
2015-10-09 00:00:51	galaxyproject	tools-iuc
2015-10-08 22:10:41	galaxyproject	tools-iuc
2015-10-08 18:18:53	galaxyproject	tools-iuc
2015-10-08 18:17:54	galaxyproject	tools-iuc
2015-10-08 18:16:21	galaxyproject	tools-iuc
2015-10-08 16:13:57	erasche	galaxy
2015-10-08 16:01:56	erasche	galaxy
2015-10-08 15:25:17	galaxyproject	tools-iuc
2015-10-07 18:29:29	galaxyproject	galaxy
2015-10-07 17:47:09	galaxyproject	galaxy
2015-10-06 15:55:53	galaxyproject	docker-build
2015-10-05 23:27:49	erasche	gie-proxy
2015-10-05 23:26:57	erasche	gie-proxy
2015-10-05 23:25:55	erasche	gie-proxy
2015-10-05 23:24:42	erasche	gie-proxy
2015-10-05 23:15:34	erasche	gie-proxy
2015-10-05 22:10:08	erasche	gie-proxy
2015-10-05 21:59:53	erasche	galaxy
2015-10-05 21:53:32	erasche	gie-proxy
2015-10-05 21:03:07	erasche	gie-proxy
2015-10-05 20:56:53	erasche	gie-proxy
2015-10-05 20:14:04	erasche	gie-proxy
2015-10-05 19:57:15	erasche	gie-proxy
2015-10-05 19:54:01	erasche	docker-rstudio-notebook
2015-10-05 19:51:52	erasche	galaxy
2015-10-05 15:54:12	erasche	gie-proxy
2015-10-05 03:26:09	erasche	gie-proxy
2015-10-05 01:54:17	erasche	gie-proxy
2015-10-04 22:09:09	erasche	gie-proxy
2015-10-04 18:34:05	galaxyproject	docker-build
2015-10-01 22:33:38	erasche	docker-recipes
2015-10-01 22:25:09	erasche	docker-recipes
2015-10-01 19:24:44	erasche	docker-recipes
2015-10-01 17:40:09	galaxyproject	tools-iuc
2015-09-30 20:08:44	erasche	docker-recipes
2015-09-30 20:07:30	erasche	docker-tripal
2015-09-29 21:19:17	erasche	Apollo
2015-09-29 21:18:07	erasche	Apollo
2015-09-29 18:22:31	erasche	Apollo
2015-09-29 17:20:35	erasche	galaxy
2015-09-29 15:13:05	erasche	Apollo
2015-09-29 15:06:27	erasche	galaxy
2015-09-26 18:08:34	erasche	galaxy
2015-09-25 22:44:25	erasche	hello-world-interactive-environment
2015-09-25 20:31:43	erasche	docker-rstudio-notebook
2015-09-25 19:28:42	galaxyproject	tools-devteam
2015-09-25 02:22:49	galaxyproject	planemo
2015-09-25 02:18:58	galaxyproject	planemo
2015-09-25 01:33:13	galaxyproject	planemo
2015-09-25 00:38:39	galaxyproject	planemo
2015-09-25 00:30:23	galaxyproject	planemo
2015-09-25 00:07:39	galaxyproject	planemo
2015-09-24 23:54:21	galaxyproject	planemo
2015-09-24 23:49:30	galaxyproject	planemo
2015-09-24 23:29:51	galaxyproject	planemo
2015-09-24 15:30:20	erasche	galaxy
2015-09-24 15:10:20	erasche	galaxy
2015-09-23 21:46:18	erasche	docker-rstudio-notebook
2015-09-23 21:24:20	erasche	galaxy
2015-09-23 20:54:36	bgruening	docker-ipython-notebook
2015-09-23 20:44:40	erasche	galaxy
2015-09-23 20:09:20	erasche	galaxy
2015-09-23 20:02:48	erasche	galaxy
2015-09-23 19:22:43	erasche	galaxy
2015-09-23 18:15:31	erasche	docker-rstudio-notebook
2015-09-23 18:07:25	erasche	galaxy
2015-09-23 17:57:15	bgruening	docker-ipython-notebook
2015-09-23 17:52:32	erasche	galaxy
2015-09-23 16:27:57	erasche	galaxy
2015-09-23 15:50:10	erasche	galaxy
2015-09-23 15:16:03	galaxyproject	galaxy
2015-09-22 15:30:48	bgruening	galaxytools
2015-09-19 23:10:06	galaxyproject	planemo
2015-09-19 22:51:31	galaxyproject	planemo
2015-09-19 22:12:58	galaxyproject	galaxy
2015-09-18 15:53:34	galaxyproject	tools-iuc
2015-09-18 15:53:16	bgruening	galaxytools
2015-09-18 15:13:34	galaxyproject	tools-devteam
2015-09-18 15:05:02	galaxyproject	tools-devteam
2015-09-17 18:41:17	erasche	p4
2015-09-17 18:37:44	erasche	p4
2015-09-17 17:59:43	galaxyproject	tools-iuc
2015-09-17 17:41:48	erasche	p4
2015-09-17 17:36:37	erasche	p4
2015-09-17 17:20:07	erasche	p4
2015-09-17 17:18:12	erasche	p4
2015-09-16 02:27:52	erasche	docker-tripal
2015-09-16 02:14:44	erasche	docker-chado
2015-09-16 02:14:16	erasche	docker-chado
2015-09-15 02:45:10	erasche	p4
2015-09-15 02:33:15	erasche	p4
2015-09-15 02:32:28	erasche	p4
2015-09-15 02:18:29	erasche	p4
2015-09-15 01:53:35	erasche	gx-package-caching
2015-09-14 19:45:53	galaxyproject	galaxy
2015-09-12 04:14:01	erasche	gxargparse
2015-09-11 01:15:16	erasche	toolshed
2015-09-11 01:12:06	erasche	toolshed
2015-09-11 01:02:07	erasche	toolshed
2015-09-11 00:56:40	erasche	toolshed
2015-09-11 00:54:11	erasche	toolshed
2015-09-11 00:38:01	erasche	toolshed
2015-09-11 00:36:44	erasche	toolshed
2015-09-11 00:16:14	erasche	toolshed
2015-09-10 17:18:21	erasche	toolshed
2015-09-10 14:39:28	erasche	gxargparse
2015-09-10 01:50:42	erasche	toolshed
2015-09-07 23:58:01	erasche	toolshed
2015-09-07 23:12:31	erasche	toolshed
2015-09-07 20:59:21	erasche	toolshed
2015-09-07 17:11:11	erasche	galaxy
2015-09-07 16:46:55	erasche	galaxy
2015-09-07 15:53:56	erasche	toolshed
2015-09-06 20:33:55	erasche	toolshed
2015-09-06 14:14:25	erasche	toolshed
2015-09-06 14:06:59	erasche	toolshed
2015-09-04 16:27:17	galaxyproject	galaxy
2015-09-04 13:21:23	erasche	galaxy
2015-09-04 01:07:24	galaxyproject	tools-iuc
2015-09-03 20:45:17	erasche	galaxy
2015-09-03 20:38:57	erasche	galaxy
2015-09-03 20:17:18	erasche	galaxy
2015-09-03 20:14:42	erasche	galaxy
2015-09-03 20:03:54	erasche	galaxy
2015-09-03 19:52:34	erasche	galaxy
2015-09-03 16:01:56	galaxyproject	galaxy
2015-09-01 23:29:27	galaxyproject	planemo
2015-08-31 20:40:26	galaxyproject	tools-iuc
2015-08-31 20:39:58	galaxyproject	tools-iuc
2015-08-31 18:06:04	galaxyproject	tools-iuc
2015-08-27 17:08:27	erasche	galaxy
2015-08-27 14:51:26	erasche	galaxy
2015-08-26 22:41:29	erasche	galaxy
2015-08-26 22:41:06	erasche	galaxy
2015-08-26 22:40:15	erasche	galaxy
2015-08-26 21:15:26	erasche	galaxy
2015-08-26 19:26:12	erasche	galaxy
2015-08-26 19:19:01	erasche	galaxy
2015-08-26 19:13:05	erasche	galaxy
2015-08-26 16:17:48	erasche	galaxy
2015-08-26 00:41:18	galaxyproject	tools-iuc
2015-08-25 22:39:05	galaxyproject	galaxy
2015-08-23 01:27:49	galaxyproject	tools-iuc
2015-08-22 01:03:53	galaxyproject	tools-iuc
2015-08-19 17:14:10	erasche	galaxy
2015-08-17 18:52:18	erasche	m3
2015-08-17 06:06:03	erasche	m3
2015-08-14 18:23:36	galaxyproject	tools-iuc
2015-08-14 18:01:22	galaxyproject	tools-iuc
2015-08-13 20:46:01	galaxyproject	tools-iuc
2015-08-13 20:42:08	galaxyproject	tools-iuc
2015-08-13 20:41:47	galaxyproject	tools-iuc
2015-08-13 19:12:17	galaxyproject	tools-iuc
2015-08-13 00:06:38	galaxyproject	tools-iuc
2015-08-10 21:47:35	erasche	docker-recipes
2015-08-10 21:44:07	erasche	docker-recipes
2015-08-10 21:43:44	erasche	docker-tripal
2015-08-10 21:18:07	erasche	docker-chado
2015-08-10 19:17:07	erasche	docker-chado
2015-08-10 19:17:01	erasche	docker-chado
2015-08-10 17:41:45	erasche	docker-tripal
2015-08-09 22:44:28	galaxyproject	galaxy
2015-08-05 19:26:59	galaxyproject	tools-devteam
2015-08-05 17:55:40	erasche	docker-chado
2015-08-05 17:55:14	erasche	docker-chado
2015-08-05 17:42:28	erasche	docker-recipes
2015-08-05 17:39:43	erasche	docker-drupal
2015-08-05 17:38:34	erasche	docker-jbrowse
2015-08-05 17:35:56	erasche	docker-chado
2015-08-05 17:16:25	galaxyproject	tools-iuc
2015-08-05 16:49:34	galaxyproject	tools-iuc
2015-08-05 16:49:23	galaxyproject	tools-devteam
2015-08-05 16:01:27	erasche	galaxy
2015-08-05 15:28:04	galaxyproject	tools-iuc
2015-08-05 15:10:46	galaxyproject	tools-iuc
2015-08-04 15:06:18	erasche	docker-recipes
2015-08-04 15:06:09	erasche	docker-chado
2015-08-04 15:05:24	erasche	docker-tripal
2015-08-03 18:01:28	erasche	docker-recipes
2015-08-03 18:01:17	erasche	docker-tripal
2015-08-03 18:00:26	erasche	docker-recipes
2015-08-02 13:50:37	galaxyproject	tools-iuc
2015-07-31 22:15:00	galaxyproject	tools-iuc
2015-07-31 22:13:11	galaxyproject	tools-iuc
2015-07-31 20:51:22	galaxyproject	tools-iuc
2015-07-31 19:43:21	galaxyproject	tools-iuc
2015-07-31 19:20:55	galaxyproject	tools-iuc
2015-07-31 19:20:30	galaxyproject	tools-iuc
2015-07-31 19:19:58	galaxyproject	tools-iuc
2015-07-31 19:19:53	galaxyproject	tools-iuc
2015-07-31 18:57:02	galaxyproject	tools-iuc
2015-07-31 00:31:31	galaxy-iuc	standards
2015-07-29 18:30:31	galaxyproject	tools-iuc
2015-07-28 23:30:05	galaxyproject	tools-iuc
2015-07-28 19:33:11	erasche	bioblend
2015-07-28 19:22:17	erasche	bioblend
2015-07-28 19:20:42	erasche	bioblend
2015-07-28 17:46:13	erasche	bioblend
2015-07-28 15:01:40	galaxyproject	galaxy
2015-07-27 20:10:19	galaxyproject	galaxy
2015-07-27 17:12:54	galaxyproject	galaxy
2015-07-24 15:16:53	erasche	docker-recipes
2015-07-24 15:02:59	erasche	docker-tripal
2015-07-24 14:56:58	erasche	docker-tripal
2015-07-24 14:20:17	galaxyproject	galaxy
2015-07-23 19:31:28	erasche	docker-recipes
2015-07-23 16:18:16	erasche	docker-recipes
2015-07-23 16:16:14	erasche	docker-tripal
2015-07-22 19:55:52	erasche	biojs-io-xmfa
2015-07-22 19:55:05	erasche	biojs-io-xmfa
2015-07-22 18:37:00	galaxyproject	tools-iuc
2015-07-22 18:06:06	galaxyproject	tools-iuc
2015-07-22 15:16:41	erasche	biojs-io-xmfa
2015-07-21 22:14:54	erasche	docker-recipes
2015-07-21 22:02:38	erasche	docker-recipes
2015-07-21 19:39:21	erasche	docker-drupal
2015-07-21 18:41:40	erasche	docker-drupal
2015-07-21 18:36:05	erasche	docker-drupal
2015-07-21 18:34:49	erasche	docker-drupal
2015-07-21 18:08:43	erasche	docker-drupal
2015-07-20 23:19:47	erasche	docker-jbrowse
2015-07-20 20:22:53	erasche	docker-chado
2015-07-20 19:32:25	galaxy-iuc	jenkins-testing
2015-07-20 16:59:38	erasche	galactic-radio-telescope
2015-07-20 16:50:32	erasche	docker-chado
2015-07-20 16:32:58	erasche	docker-chado
2015-07-20 16:03:56	erasche	galactic-radio-telescope
2015-07-20 15:55:20	erasche	docker-chado
2015-07-17 21:52:54	erasche	gx-package-caching
2015-07-17 20:54:17	galaxyproject	tools-iuc
2015-07-17 20:27:44	galaxyproject	tools-iuc
2015-07-17 19:38:29	galaxyproject	tools-iuc
2015-07-17 17:22:12	galaxyproject	tools-iuc
2015-07-17 15:29:48	erasche	docker-drupal
2015-07-17 15:28:04	erasche	docker-drupal
2015-07-17 15:22:54	erasche	docker-drupal
2015-07-17 15:10:36	galaxy-iuc	standards
2015-07-17 14:57:39	erasche	docker-drupal
2015-07-16 19:28:05	erasche	galaxy
2015-07-16 19:16:12	galaxyproject	tools-devteam
2015-07-16 19:09:11	erasche	docker-drupal
2015-07-15 20:41:15	erasche	docker-drupal
2015-07-15 20:37:38	erasche	docker-drupal
2015-07-15 20:36:14	erasche	docker-drupal
2015-07-15 20:33:09	erasche	docker-drupal
2015-07-15 19:27:08	galaxyproject	tools-iuc
2015-07-13 02:41:04	erasche	galaxy
2015-07-10 21:36:47	erasche	hello-world-interactive-environment
2015-07-10 20:16:13	erasche	docker-webapollo
2015-07-10 20:12:57	erasche	docker-webapollo
2015-07-10 20:11:41	erasche	docker-webapollo
2015-07-10 19:28:15	erasche	hello-world-interactive-environment
2015-07-10 19:27:26	erasche	hello-world-interactive-environment
2015-07-10 19:26:33	erasche	hello-world-interactive-environment
2015-07-10 19:11:33	erasche	hello-world-interactive-environment
2015-07-10 19:10:58	erasche	hello-world-interactive-environment
2015-07-10 19:06:06	erasche	hello-world-interactive-environment
2015-07-10 17:27:11	erasche	galaxy
2015-07-08 16:15:52	galaxyproject	planemo
2015-07-08 16:04:34	galaxyproject	planemo
2015-07-08 11:08:03	galaxyproject	tools-iuc
2015-07-07 16:13:01	erasche	docker-rstudio-notebook
2015-07-07 13:26:32	erasche	docker-rstudio-notebook
2015-07-07 10:21:29	galaxyproject	tools-iuc
2015-07-05 22:13:50	galaxyproject	planemo
2015-07-05 13:48:11	erasche	toolshed
2015-07-04 17:37:30	galaxyproject	galaxy
2015-07-04 15:22:43	erasche	galaxy
2015-07-01 16:50:43	erasche	galaxy
2015-07-01 04:06:02	erasche	go-otp
2015-07-01 04:05:27	erasche	go-otp
2015-07-01 04:01:50	erasche	go-otp
2015-07-01 03:55:37	erasche	go-otp
2015-07-01 03:00:13	erasche	go-otp
2015-07-01 02:57:35	erasche	go-otp
2015-06-30 21:37:22	erasche	docker-rstudio-notebook
2015-06-30 18:50:48	bgruening	docker-ipython-notebook
2015-06-30 01:09:17	erasche	biogo
2015-06-29 22:31:09	erasche	gobio
2015-06-29 22:23:53	erasche	go-gff3-test
2015-06-29 22:22:04	erasche	go-gff3-test
2015-06-29 20:12:06	erasche	go-gff3-test
2015-06-27 17:37:45	erasche	erasche.github.io
2015-06-27 17:37:01	erasche	erasche.github.io
2015-06-26 23:47:47	erasche	docker-galaxy-stable
2015-06-26 19:42:41	erasche	gx-package-caching
2015-06-26 19:37:40	erasche	gx-package-caching
2015-06-26 17:57:47	erasche	gx-package-caching
2015-06-26 17:52:12	erasche	gx-package-caching
2015-06-26 17:51:45	erasche	gx-package-caching
2015-06-26 17:48:17	erasche	gx-package-caching
2015-06-26 17:21:29	galaxyproject	tools-iuc
2015-06-24 22:00:51	bioarchive	aRchive_source_code
2015-06-24 16:37:08	bioarchive	aRchive_source_code
2015-06-24 14:16:55	galaxyproject	galaxy
2015-06-23 16:09:01	galaxyproject	tools-iuc
2015-06-23 15:36:35	galaxyproject	tools-iuc
2015-06-23 12:46:53	galaxyproject	tools-iuc
2015-06-22 16:14:37	erasche	notebooks
2015-06-22 16:09:57	erasche	notebooks
2015-06-22 15:37:53	galaxyproject	tools-iuc
2015-06-21 23:53:11	erasche	go-gff3-test
2015-06-21 23:37:31	galaxyproject	galaxy
2015-06-18 18:31:56	erasche	videojs-framebyframe
2015-06-18 18:23:28	erasche	galaxy
2015-06-18 18:21:40	galaxyproject	galaxy
2015-06-18 18:13:58	erasche	videojs-framebyframe
2015-06-18 15:19:22	erasche	videojs-framebyframe
2015-06-18 15:10:26	erasche	videojs-framebyframe
2015-06-18 15:06:07	erasche	videojs-framebyframe
2015-06-18 15:04:18	erasche	videojs-framebyframe
2015-06-18 14:54:28	galaxyproject	tools-iuc
2015-06-17 14:51:23	galaxyproject	galaxy
2015-06-17 03:18:23	erasche	docker-rstudio-notebook
2015-06-17 03:16:28	erasche	docker-rstudio-notebook
2015-06-17 03:07:06	erasche	galaxy
2015-06-17 02:08:51	erasche	galaxy
2015-06-17 01:16:10	erasche	galaxy
2015-06-16 23:32:37	erasche	docker-rstudio-notebook
2015-06-16 23:32:20	erasche	docker-rstudio-notebook
2015-06-16 21:46:17	erasche	docker-rstudio-notebook
2015-06-16 21:45:28	erasche	docker-rstudio-notebook
2015-06-16 21:26:36	bgruening	docker-ipython-notebook
2015-06-16 21:00:22	erasche	docker-rstudio-notebook
2015-06-16 20:59:15	erasche	docker-rstudio-notebook
2015-06-16 20:52:44	bgruening	docker-ipython-notebook
2015-06-16 18:50:58	bgruening	docker-ipython-notebook
2015-06-16 18:44:54	bgruening	docker-ipython-notebook
2015-06-14 23:19:36	erasche	erasche.github.io
2015-06-14 20:03:52	erasche	erasche.github.io
2015-06-14 20:02:49	erasche	erasche.github.io
2015-06-14 20:00:48	erasche	erasche.github.io
2015-06-14 19:58:19	erasche	erasche.github.io
2015-06-12 15:27:56	erasche	galactic-radio-telescope
2015-06-12 15:08:34	erasche	galactic-radio-telescope
2015-06-12 14:39:33	erasche	galactic-radio-telescope
2015-06-11 17:45:44	galaxyproject	tools-iuc
2015-06-11 15:49:41	galaxyproject	tools-iuc
2015-06-11 00:10:24	galaxyproject	tools-iuc
2015-06-10 22:58:33	erasche	galactic-radio-telescope
2015-06-10 21:03:59	erasche	galactic-radio-telescope
2015-06-10 19:29:36	erasche	galactic-radio-telescope
2015-06-10 15:11:13	galaxyproject	tools-iuc
2015-06-09 23:26:27	erasche	aRchive_source_code
2015-06-09 22:47:05	erasche	aRchive_source_code
2015-06-09 15:17:18	erasche	aRchive_source_code
2015-06-09 14:47:54	galaxyproject	tools-iuc
2015-06-08 23:11:35	galaxyproject	tools-iuc
2015-06-08 18:49:50	galaxyproject	tools-iuc
2015-06-06 04:08:13	galaxyproject	tools-iuc
2015-06-06 03:38:02	galaxyproject	tools-iuc
2015-06-04 20:51:13	galaxyproject	docker-build
2015-06-04 19:36:27	galaxyproject	tools-iuc
2015-06-04 18:21:34	galaxyproject	docker-build
2015-06-04 17:10:05	galaxyproject	docker-build
2015-06-04 17:08:18	galaxyproject	tools-iuc
2015-06-04 17:02:35	galaxyproject	docker-build
2015-06-04 17:01:53	galaxyproject	docker-build
2015-06-04 17:00:52	galaxyproject	docker-build
2015-06-04 16:58:37	galaxyproject	docker-build
2015-06-04 16:10:56	galaxyproject	tools-iuc
2015-05-30 16:19:50	galaxyproject	tools-iuc
2015-05-29 19:22:39	galaxyproject	tools-iuc
2015-05-29 19:19:38	galaxyproject	tools-iuc
2015-05-29 16:45:42	erasche	download_store
2015-05-29 14:46:25	galaxyproject	tools-iuc
2015-05-28 17:12:43	galaxyproject	tools-iuc
2015-05-26 19:47:32	erasche	galaxyxml
2015-05-26 19:46:15	erasche	gxargparse
2015-05-26 18:30:42	erasche	docker-galaxy-stable
2015-05-26 18:08:14	galaxyproject	tools-iuc
2015-05-26 17:37:34	galaxyproject	tools-iuc
2015-05-26 16:40:43	galaxyproject	tools-iuc
2015-05-26 16:29:29	galaxyproject	tools-iuc
2015-05-25 18:32:55	galaxyproject	tools-iuc
2015-05-25 15:50:15	galaxyproject	tools-iuc
2015-05-25 15:49:59	galaxyproject	tools-iuc
2015-05-25 15:48:56	galaxyproject	tools-iuc
2015-05-24 05:28:34	galaxyproject	tools-iuc
2015-05-22 21:48:11	galaxyproject	tools-iuc
2015-05-22 19:44:42	galaxyproject	tools-iuc
2015-05-22 19:36:03	galaxyproject	tools-iuc
2015-05-22 18:19:14	galaxyproject	tools-iuc
2015-05-22 16:49:12	galaxyproject	tools-iuc
2015-05-22 16:32:57	galaxyproject	tools-iuc
2015-05-22 15:59:39	galaxyproject	tools-iuc
2015-05-22 15:55:18	galaxyproject	tools-iuc
2015-05-21 21:51:02	galaxyproject	tools-iuc
2015-05-21 21:50:46	galaxyproject	tools-iuc
2015-05-21 21:47:32	galaxyproject	tools-iuc
2015-05-21 15:01:41	galaxyproject	tools-iuc
2015-05-21 14:08:08	galaxyproject	tools-iuc
2015-05-20 16:30:57	galaxyproject	tools-iuc
2015-05-20 15:08:27	galaxyproject	tools-iuc
2015-05-20 14:28:06	erasche	galaxy
2015-05-19 22:08:35	galaxyproject	planemo
2015-05-19 18:32:21	galaxyproject	tools-iuc
2015-05-18 20:11:06	galaxyproject	tools-iuc
2015-05-18 19:23:34	galaxyproject	tools-iuc
2015-05-18 18:02:38	erasche	galaxy
2015-05-18 17:33:22	galaxyproject	tools-iuc
2015-05-18 17:29:31	galaxyproject	tools-iuc
2015-05-18 17:20:04	galaxyproject	tools-iuc
2015-05-18 17:19:23	galaxyproject	tools-iuc
2015-05-18 16:42:37	erasche	planemo
2015-05-17 20:12:54	erasche	biojs-io-xmfa
2015-05-17 20:05:55	erasche	biojs-io-xmfa
2015-05-17 20:01:58	erasche	biojs-io-xmfa
2015-05-17 19:29:43	erasche	biojs-io-xmfa
2015-05-17 19:24:01	erasche	biojs-io-xmfa
2015-05-17 17:13:02	erasche	slush-biojs
2015-05-17 02:58:06	galaxyproject	tools-iuc
2015-05-16 20:56:24	erasche	galaxy
2015-05-15 19:18:41	erasche	galaxy
2015-05-15 19:01:08	erasche	biopython
2015-05-14 21:23:10	erasche	biopython
2015-05-14 17:20:46	erasche	galaxy
2015-05-14 17:09:26	bgruening	docker-ipython-notebook
2015-05-14 16:41:53	erasche	galaxy
2015-05-14 15:44:21	erasche	galaxy
2015-05-14 15:41:10	erasche	docker-rstudio-notebook
2015-05-14 15:40:15	erasche	docker-rstudio-notebook
2015-05-14 14:39:29	bgruening	docker-ipython-notebook
2015-05-13 22:31:29	galaxyproject	tools-iuc
2015-05-13 22:06:17	galaxyproject	tools-iuc
2015-05-12 19:55:30	galaxyproject	tools-iuc
2015-05-12 19:51:14	galaxyproject	tools-iuc
2015-05-12 19:07:45	erasche	galaxy
2015-05-12 19:00:54	galaxyproject	tools-iuc
2015-05-12 18:59:35	galaxyproject	tools-iuc
2015-05-12 16:25:31	galaxyproject	docker-build
2015-05-11 22:16:26	erasche	galaxy
2015-05-11 22:11:10	erasche	galaxy
2015-05-11 20:16:01	erasche	docker-rstudio-notebook
2015-05-11 20:13:45	erasche	docker-rstudio-notebook
2015-05-11 19:42:08	erasche	docker-rstudio-notebook
2015-05-11 18:00:43	galaxyproject	tools-iuc
2015-05-11 17:58:03	galaxyproject	tools-iuc
2015-05-11 16:53:50	erasche	galaxy
2015-05-11 02:53:13	erasche	galaxy
2015-05-08 23:49:52	galaxyproject	tools-iuc
2015-05-08 23:48:16	galaxyproject	tools-iuc
2015-05-08 22:17:30	galaxyproject	tools-iuc
2015-05-08 22:07:09	erasche	galaxy
2015-05-08 21:21:55	galaxyproject	tools-iuc
2015-05-08 18:10:12	galaxyproject	tools-iuc
2015-05-08 16:46:04	galaxyproject	tools-iuc
2015-05-08 16:25:36	galaxyproject	tools-iuc
2015-05-08 15:48:46	galaxyproject	tools-iuc
2015-05-08 15:45:10	galaxyproject	tools-iuc
2015-05-08 15:19:07	galaxyproject	tools-iuc
2015-05-08 14:47:35	bgruening	docker-ipython-notebook
2015-05-08 00:12:17	bgruening	galaxytools
2015-05-08 00:00:15	bgruening	galaxytools
2015-05-07 23:59:29	bgruening	galaxytools
2015-05-07 21:00:16	galaxyproject	tools-iuc
2015-05-07 20:58:02	bgruening	galaxytools
2015-05-07 20:55:58	bgruening	galaxytools
2015-05-07 19:15:29	erasche	galaxy
2015-05-07 19:13:40	erasche	galaxy
2015-05-07 19:12:31	erasche	galaxy
2015-05-07 19:10:01	erasche	galaxy
2015-05-07 17:27:30	erasche	galaxy
2015-05-07 16:57:15	erasche	galaxy
2015-05-07 16:22:08	erasche	galaxy
2015-05-07 16:20:25	erasche	galaxy
2015-05-07 16:12:36	erasche	docker-rstudio-notebook
2015-05-07 16:08:01	erasche	galaxy
2015-05-07 02:53:34	erasche	galaxy
2015-05-06 21:35:10	erasche	galaxy-rstudio
2015-05-06 21:27:50	erasche	galaxy-rstudio
2015-05-06 21:17:06	bgruening	docker-ipython-notebook
2015-05-06 21:11:48	erasche	galaxy
2015-05-06 21:11:29	erasche	docker-rstudio-notebook
2015-05-06 20:27:58	erasche	docker-rstudio-notebook
2015-05-06 20:27:43	erasche	docker-rstudio-notebook
2015-05-06 20:14:34	erasche	docker-rstudio-notebook
2015-05-06 17:41:15	erasche	docker-rstudio-notebook
2015-05-06 17:35:30	bgruening	docker-ipython-notebook
2015-05-06 17:35:06	bgruening	docker-ipython-notebook
2015-05-06 16:05:54	galaxyproject	tools-iuc
2015-05-06 15:57:39	galaxyproject	tools-iuc
2015-05-06 15:51:11	galaxyproject	tools-iuc
2015-05-06 15:12:40	galaxyproject	tools-iuc
2015-05-06 14:56:47	erasche	galaxy
2015-05-06 14:50:20	galaxyproject	tools-iuc
2015-05-05 22:36:08	galaxyproject	tools-iuc
2015-05-05 22:23:40	galaxyproject	tools-iuc
2015-05-05 22:03:58	galaxyproject	tools-iuc
2015-05-05 21:57:00	galaxyproject	tools-iuc
2015-05-05 21:12:30	galaxyproject	tools-iuc
2015-05-05 20:16:35	erasche	galaxy
2015-05-05 19:54:38	erasche	galaxy
2015-05-04 21:14:39	galaxyproject	tools-iuc
2015-05-04 21:14:31	galaxyproject	tools-iuc
2015-05-04 21:12:18	galaxyproject	tools-iuc
2015-05-04 20:50:52	erasche	aRchive_source_code
2015-05-04 18:25:35	galaxyproject	tools-iuc
2015-05-04 18:19:56	galaxyproject	tools-iuc
2015-05-04 18:10:30	galaxyproject	tools-iuc
2015-05-04 18:09:30	galaxyproject	tools-iuc
2015-05-04 18:05:57	galaxyproject	tools-iuc
2015-05-04 16:05:41	galaxyproject	tools-iuc
2015-05-04 15:20:44	erasche	aRchive_source_code
2015-05-04 15:11:32	erasche	download_store
2015-05-01 17:38:24	erasche	galaxy
2015-05-01 17:37:57	erasche	galaxy
2015-04-30 15:22:50	bgruening	docker-ipython-notebook
2015-04-29 16:53:51	bgruening	docker-ipython-notebook
2015-04-29 16:49:35	bgruening	docker-ipython-notebook
2015-04-29 16:19:17	bgruening	docker-ipython-notebook
2015-04-29 15:57:50	bgruening	docker-ipython-notebook
2015-04-29 15:48:01	erasche	planemo
2015-04-29 15:47:47	erasche	planemo
2015-04-29 15:10:47	bgruening	docker-ipython-notebook
2015-04-29 14:33:32	galaxyproject	tools-iuc
2015-04-29 14:33:02	galaxyproject	tools-iuc
2015-04-28 21:11:27	erasche	galaxy
2015-04-28 20:43:35	galaxyproject	tools-iuc
2015-04-28 19:40:25	galaxyproject	tools-iuc
2015-04-27 23:04:28	galaxyproject	docker-build
2015-04-27 22:32:17	erasche	docker-chado
2015-04-27 22:30:10	galaxyproject	docker-build
2015-04-27 22:27:59	galaxyproject	docker-build
2015-04-27 22:24:20	galaxyproject	docker-build
2015-04-27 22:21:55	galaxyproject	docker-build
2015-04-27 21:52:48	erasche	docker-chado
2015-04-27 20:06:06	erasche	gxargparse
2015-04-26 21:10:39	erasche	art-db
2015-04-24 20:28:44	erasche	galaxyxml
2015-04-24 20:28:13	erasche	galaxyxml
2015-04-24 20:13:27	erasche	gxargparse
2015-04-24 20:12:12	galaxyproject	tools-devteam
2015-04-24 20:06:54	erasche	gxargparse
2015-04-24 20:05:16	erasche	gxargparse
2015-04-24 18:53:26	galaxyproject	tools-iuc
2015-04-24 18:28:24	galaxyproject	tools-iuc
2015-04-24 17:45:47	galaxyproject	tools-iuc
2015-04-24 17:43:56	galaxyproject	tools-iuc
2015-04-24 16:27:44	galaxyproject	tools-devteam
2015-04-24 15:41:55	galaxy-iuc	standards
2015-04-24 15:38:16	galaxy-iuc	standards
2015-04-24 15:10:46	galaxyproject	tools-iuc
2015-04-24 15:09:24	galaxyproject	tools-iuc
2015-04-24 15:08:26	galaxyproject	tools-iuc
2015-04-24 14:55:31	galaxyproject	tools-iuc
2015-04-23 21:58:47	galaxy-iuc	standards
2015-04-23 21:36:55	galaxyproject	docker-build
2015-04-23 20:22:39	galaxyproject	tools-iuc
2015-04-23 18:24:13	galaxyproject	tools-iuc
2015-04-22 20:58:00	galaxyproject	docker-build
2015-04-22 20:32:01	galaxyproject	docker-build
2015-04-22 20:09:14	galaxyproject	docker-build
2015-04-22 19:58:08	galaxyproject	docker-build
2015-04-22 15:15:38	galaxyproject	docker-build
2015-04-21 15:39:00	erasche	aRchive_source_code
2015-04-21 15:38:04	erasche	aRchive_source_code
2015-04-21 15:13:13	erasche	docker-build
2015-04-21 15:12:27	erasche	docker-build
2015-04-20 18:19:46	erasche	docker-build
2015-04-20 18:10:44	erasche	docker-build
2015-04-20 17:51:42	erasche	galaxy
2015-04-20 16:16:28	erasche	docker-recipes
2015-04-20 16:15:30	erasche	docker-recipes
2015-04-20 16:12:27	erasche	docker-webapollo
2015-04-20 16:09:25	erasche	docker-webapollo
2015-04-20 16:03:26	galaxyproject	tools-iuc
2015-04-20 15:02:31	galaxyproject	tools-iuc
2015-04-20 14:54:07	erasche	biopython
2015-04-20 13:56:58	galaxyproject	tools-iuc
2015-04-17 14:40:24	galaxy-iuc	jenkins-testing
2015-04-17 14:33:12	galaxy-iuc	standards
2015-04-15 15:32:55	galaxyproject	tools-iuc
2015-04-15 15:22:05	galaxyproject	tools-iuc
2015-04-15 13:57:01	galaxyproject	tools-iuc
2015-04-15 13:56:29	galaxyproject	tools-iuc
2015-04-15 13:34:26	galaxyproject	tools-iuc
2015-04-15 12:51:01	galaxyproject	tools-iuc
2015-04-14 21:40:27	galaxyproject	tools-iuc
2015-04-14 19:28:13	galaxyproject	tools-iuc
2015-04-14 18:13:04	erasche	galaxy-ncbi-eutils
2015-04-14 00:38:22	erasche	galaxy-ncbi-eutils
2015-04-13 23:10:10	erasche	galaxy-ncbi-eutils
2015-04-11 01:58:05	galaxy-iuc	standards
2015-04-11 01:53:13	galaxy-iuc	jenkins-testing
2015-04-11 01:51:57	galaxy-iuc	jenkins-testing
2015-04-11 01:46:42	galaxy-iuc	jenkins-testing
2015-04-11 01:42:47	galaxy-iuc	jenkins-testing
2015-04-11 01:37:17	galaxy-iuc	jenkins-testing
2015-04-10 18:45:38	galaxyproject	tools-iuc
2015-04-10 15:26:46	galaxyproject	tools-iuc
2015-04-09 20:07:59	galaxyproject	tools-iuc
2015-04-09 17:27:27	galaxyproject	tools-iuc
2015-04-09 17:09:24	galaxyproject	tools-iuc
2015-04-08 22:37:55	galaxyproject	tools-iuc
2015-04-08 17:26:29	galaxyproject	tools-iuc
2015-04-08 15:57:08	galaxyproject	tools-iuc
2015-04-08 15:34:13	galaxyproject	tools-iuc
2015-04-07 21:20:08	galaxyproject	tools-iuc
2015-04-07 21:18:39	galaxyproject	tools-iuc
2015-04-07 21:16:24	galaxyproject	tools-iuc
2015-04-07 14:17:15	galaxyproject	tools-iuc
2015-04-06 21:34:59	galaxyproject	tools-iuc
2015-04-06 21:19:03	galaxyproject	tools-iuc
2015-04-06 21:01:34	galaxyproject	tools-iuc
2015-04-06 21:00:12	galaxyproject	tools-iuc
2015-04-06 20:57:11	galaxyproject	tools-iuc
2015-04-06 20:51:21	galaxyproject	tools-iuc
2015-04-06 20:41:32	galaxyproject	tools-iuc
2015-04-06 20:34:13	galaxyproject	tools-iuc
2015-04-06 20:26:42	galaxyproject	tools-iuc
2015-04-06 20:25:34	galaxyproject	tools-iuc
2015-04-06 20:11:06	galaxyproject	tools-iuc
2015-04-06 19:36:45	galaxyproject	tools-iuc
2015-04-06 19:06:57	galaxyproject	tools-iuc
2015-04-06 19:00:18	galaxyproject	tools-iuc
2015-04-03 17:45:31	galaxyproject	tools-iuc
2015-04-03 17:32:04	galaxyproject	tools-iuc
2015-04-03 17:26:40	galaxyproject	tools-iuc
2015-04-03 16:44:51	erasche	galaxy
2015-04-03 15:25:13	erasche	pico_galaxy
2015-04-02 22:18:52	erasche	pico_galaxy
2015-04-02 22:18:18	erasche	pico_galaxy
2015-04-02 22:11:10	erasche	pico_galaxy
2015-04-02 22:07:51	erasche	pico_galaxy
2015-04-02 21:13:21	erasche	pico_galaxy
2015-04-02 16:06:08	erasche	pico_galaxy
2015-04-01 19:08:08	galaxyproject	tools-iuc
2015-04-01 17:57:41	galaxyproject	tools-iuc
2015-04-01 15:24:28	galaxyproject	tools-iuc
2015-04-01 15:00:01	erasche	docker-jbrowse
2015-03-30 17:10:49	galaxyproject	tools-iuc
2015-03-27 19:16:17	erasche	bcbb
2015-03-27 18:46:07	galaxy-iuc	standards
2015-03-27 17:58:58	galaxy-iuc	standards
2015-03-27 17:57:57	galaxy-iuc	standards
2015-03-27 17:52:49	galaxy-iuc	standards
2015-03-27 17:44:13	galaxy-iuc	standards
2015-03-27 17:34:10	galaxy-iuc	standards
2015-03-27 17:33:17	galaxy-iuc	standards
2015-03-27 17:32:32	galaxy-iuc	standards
2015-03-27 17:30:48	galaxy-iuc	standards
2015-03-27 17:25:24	galaxy-iuc	standards
2015-03-27 17:23:33	galaxy-iuc	standards
2015-03-27 15:36:41	galaxyproject	tools-iuc
2015-03-26 23:02:09	erasche	Apollo
2015-03-26 21:50:49	erasche	Apollo
2015-03-26 21:45:12	erasche	Apollo
2015-03-26 20:43:35	erasche	bioblend
2015-03-26 20:22:33	galaxyproject	tools-iuc
2015-03-26 15:25:45	erasche	Apollo
2015-03-26 15:06:45	erasche	Apollo
2015-03-26 14:57:16	galaxyproject	tools-iuc
2015-03-26 14:54:34	galaxyproject	tools-iuc
2015-03-26 14:47:31	erasche	Apollo
2015-03-25 23:18:06	erasche	Apollo
2015-03-25 19:01:51	erasche	Apollo
2015-03-25 18:48:08	erasche	Apollo
2015-03-25 18:30:59	erasche	Apollo
2015-03-25 18:23:48	erasche	Apollo
2015-03-25 12:48:19	erasche	Apollo
2015-03-25 12:40:01	erasche	Apollo
2015-03-24 19:54:48	galaxy-iuc	parsec
2015-03-24 19:47:32	erasche	docker-webapollo
2015-03-24 18:49:30	erasche	docker-webapollo
2015-03-24 18:41:20	erasche	docker-webapollo
2015-03-23 19:38:58	erasche	docker-webapollo
2015-03-23 19:38:17	erasche	docker-webapollo
2015-03-20 17:58:23	erasche	docker-webapollo
2015-03-20 17:45:08	erasche	docker-webapollo
2015-03-20 16:04:40	erasche	docker-webapollo
2015-03-19 21:38:14	erasche	docker-webapollo
2015-03-19 21:34:19	erasche	docker-webapollo
2015-03-19 21:33:27	erasche	docker-webapollo
2015-03-19 21:31:47	erasche	docker-webapollo
2015-03-19 21:07:22	erasche	docker-webapollo
2015-03-19 18:24:59	erasche	docker-webapollo
2015-03-19 18:24:47	erasche	docker-webapollo
2015-03-19 18:04:16	erasche	docker-webapollo
2015-03-19 18:04:05	erasche	docker-webapollo
2015-03-19 17:32:43	erasche	restriction-digest
2015-03-19 17:13:01	erasche	restriction-digest
2015-03-19 16:26:17	galaxyproject	tools-iuc
2015-03-19 16:25:22	galaxyproject	tools-iuc
2015-03-19 16:24:22	galaxyproject	tools-iuc
2015-03-19 15:32:26	galaxyproject	tools-iuc
2015-03-19 15:31:11	galaxyproject	tools-iuc
2015-03-19 02:43:42	erasche	planemo
2015-03-18 20:31:39	erasche	galaxy
2015-03-18 19:53:07	erasche	galaxy
2015-03-18 19:51:21	erasche	galaxy
2015-03-18 19:31:49	erasche	galaxy
2015-03-18 17:53:53	erasche	docker-webapollo
2015-03-18 15:33:56	erasche	planemo
2015-03-18 15:26:22	galaxyproject	tools-iuc
2015-03-17 19:48:39	galaxyproject	tools-iuc
2015-03-17 18:43:09	erasche	tool-dependencies-venv
2015-03-17 18:41:33	erasche	tool-dependencies-venv
2015-03-17 18:41:29	erasche	tool-dependencies-venv
2015-03-17 18:41:19	erasche	tool-dependencies-venv
2015-03-17 17:50:08	erasche	planemo
2015-03-17 17:49:13	erasche	planemo
2015-03-17 17:46:52	erasche	bioblend
2015-03-17 17:15:24	erasche	planemo
2015-03-17 16:22:13	erasche	planemo
2015-03-17 15:23:23	erasche	planemo
2015-03-17 15:17:43	erasche	bioblend
2015-03-17 14:34:06	erasche	bioblend
2015-03-17 14:22:21	erasche	bioblend
2015-03-17 14:21:33	erasche	bioblend
2015-03-17 14:13:54	galaxyproject	tools-iuc
2015-03-17 12:56:33	erasche	docker-webapollo
2015-03-13 19:41:10	galaxy-iuc	parsec
2015-03-08 22:16:16	erasche	docker-recipes
2015-03-06 16:12:45	erasche	phage-annotation-tools
2015-03-05 20:42:28	erasche	phage-annotation-tools
2015-03-05 19:50:40	galaxy-iuc	parsec
2015-03-05 19:50:39	galaxy-iuc	parsec
2015-03-05 19:46:40	galaxy-iuc	parsec
2015-03-05 19:45:05	galaxy-iuc	parsec
2015-03-05 19:36:47	galaxy-iuc	parsec
2015-03-05 19:27:33	galaxy-iuc	parsec
2015-03-05 19:27:13	galaxy-iuc	parsec
2015-03-05 16:11:33	erasche	phage-annotation-tools
2015-03-05 15:36:26	galaxyproject	tools-iuc
2015-03-05 15:36:19	galaxyproject	tools-iuc
2015-03-04 16:57:51	erasche	bioblend
2015-03-04 16:10:08	erasche	bioblend
2015-03-04 16:03:41	erasche	bioblend
2015-03-04 15:54:15	erasche	bioblend
2015-03-03 20:28:02	galaxy-iuc	parsec
2015-03-03 19:36:15	erasche	bioblend
2015-03-02 23:32:43	galaxy-iuc	parsec
2015-03-02 22:36:41	galaxy-iuc	parsec
2015-03-02 22:30:51	galaxy-iuc	parsec
2015-03-02 22:21:25	galaxy-iuc	parsec
2015-03-02 22:05:27	erasche	docker-build
2015-03-02 19:17:48	galaxy-iuc	parsec
2015-03-02 19:14:12	galaxy-iuc	parsec
2015-03-02 19:06:24	galaxy-iuc	parsec
2015-03-02 19:02:16	galaxy-iuc	parsec
2015-03-02 18:46:00	erasche	bioblend
2015-03-02 00:30:41	erasche	bioblend
2015-03-02 00:29:57	galaxy-iuc	parsec
2015-02-28 02:56:22	galaxy-iuc	parsec
2015-02-28 02:56:14	galaxy-iuc	parsec
2015-02-28 02:54:44	galaxy-iuc	parsec
2015-02-28 02:39:19	erasche	bioblend
2015-02-28 01:12:59	galaxy-iuc	parsec
2015-02-28 01:06:47	galaxy-iuc	parsec
2015-02-28 01:05:30	galaxy-iuc	parsec
2015-02-28 00:57:45	galaxy-iuc	parsec
2015-02-28 00:52:54	galaxy-iuc	parsec
2015-02-28 00:45:54	erasche	bioblend
2015-02-28 00:39:48	erasche	bioblend
2015-02-28 00:01:08	erasche	docker-build
2015-02-27 23:52:58	galaxy-iuc	parsec
2015-02-27 23:32:42	galaxy-iuc	parsec
2015-02-27 22:45:35	galaxy-iuc	parsec
2015-02-27 22:34:13	galaxy-iuc	parsec
2015-02-27 22:31:09	galaxy-iuc	parsec
2015-02-27 22:28:16	galaxy-iuc	parsec
2015-02-27 21:12:22	galaxy-iuc	parsec
2015-02-27 21:03:59	galaxy-iuc	parsec
2015-02-27 20:36:19	erasche	galaxy-1
2015-02-27 20:36:04	erasche	galaxy-1
2015-02-27 20:29:34	erasche	docker-build
2015-02-27 18:53:20	galaxyproject	tools-devteam
2015-02-27 18:52:27	galaxyproject	tools-devteam
2015-02-27 02:09:41	galaxyproject	tools-iuc
2015-02-25 18:34:42	galaxyproject	tools-iuc
2015-02-25 17:39:09	galaxyproject	tools-iuc
2015-02-25 17:32:33	galaxyproject	tools-iuc
2015-02-25 16:24:11	galaxyproject	tools-iuc
2015-02-25 15:08:21	galaxyproject	tools-iuc
2015-02-25 14:16:45	galaxyproject	tools-iuc
2015-02-24 13:42:48	erasche	biopython
2015-02-23 23:17:44	erasche	distributed-depot
2015-02-18 19:28:13	erasche	galaxy
2015-02-18 19:25:10	erasche	galaxy
2015-02-18 19:24:16	erasche	galaxy
2015-02-18 19:22:41	erasche	galaxy
2015-02-18 19:21:01	erasche	galaxy
2015-02-18 19:17:12	erasche	galaxy
2015-02-18 19:15:45	erasche	galaxy
2015-02-18 18:31:55	erasche	galaxyxml
2015-02-18 18:26:38	erasche	galaxyxml
2015-02-18 17:15:51	erasche	galaxy
2015-02-18 16:36:27	erasche	planemo
2015-02-18 16:29:19	erasche	galaxy
2015-02-18 16:22:08	erasche	galaxy
2015-02-18 16:21:42	erasche	galaxy
2015-02-18 15:48:31	erasche	planemo
2015-02-18 15:11:11	galaxyproject	tools-iuc
2015-02-17 20:57:21	erasche	toolshed
2015-02-17 20:55:08	erasche	toolshed
2015-02-16 22:08:22	erasche	seqtk
2015-02-16 22:04:46	erasche	seqtk
2015-02-16 21:10:46	erasche	videojs-framebyframe
2015-02-16 20:39:09	erasche	planemo
2015-02-16 18:32:20	galaxyproject	tools-iuc
2015-02-16 18:01:41	erasche	planemo
2015-02-16 17:50:03	erasche	planemo
2015-02-16 17:49:17	erasche	planemo
2015-02-16 16:51:19	erasche	planemo
2015-02-16 14:26:21	galaxyproject	tools-iuc
2015-02-13 19:56:36	galaxyproject	tools-iuc
2015-02-13 17:19:34	galaxyproject	tools-iuc
2015-02-13 00:18:18	erasche	biopython
2015-02-12 20:26:52	galaxyproject	tools-iuc
2015-02-12 19:39:42	erasche	planemo
2015-02-12 18:37:52	erasche	planemo
2015-02-12 16:44:51	erasche	planemo
2015-02-12 15:03:55	erasche	biopython
2015-02-11 21:47:55	galaxyproject	tools-iuc
2015-02-11 15:30:59	galaxyproject	tools-iuc
2015-02-11 15:10:28	galaxyproject	tools-iuc
2015-02-11 15:08:16	galaxyproject	tools-iuc
2015-02-10 22:18:37	galaxyproject	tools-iuc
2015-02-10 19:24:08	galaxyproject	tools-iuc
2015-02-09 23:35:52	galaxyproject	tools-iuc
2015-02-09 23:25:10	galaxyproject	tools-iuc
2015-02-09 22:17:57	galaxyproject	tools-iuc
2015-02-09 21:26:11	galaxyproject	tools-iuc
2015-02-09 20:28:16	erasche	planemo
2015-02-09 17:55:45	galaxyproject	tools-iuc
2015-02-05 17:00:14	galaxyproject	tools-iuc
2015-02-05 16:43:32	galaxyproject	tools-iuc
2015-02-05 16:19:59	erasche	galaxy-video-viz-plugin
2015-02-05 16:18:20	galaxyproject	tools-iuc
2015-02-05 15:50:10	galaxyproject	tools-iuc
2015-02-04 23:03:10	galaxyproject	tools-iuc
2015-02-04 22:54:24	galaxyproject	tools-iuc
2015-02-04 21:58:10	galaxyproject	tools-iuc
2015-02-04 21:05:14	galaxyproject	tools-iuc
2015-02-04 17:46:55	erasche	notebooks
2015-02-04 17:18:20	erasche	notebooks
2015-02-04 16:32:59	erasche	notebooks
2015-02-04 16:15:22	erasche	notebooks
2015-02-04 15:43:03	erasche	notebooks
2015-02-04 14:41:58	erasche	notebooks
2015-02-04 14:39:36	erasche	notebooks
2015-02-02 21:48:07	erasche	galaxy-tools
2015-01-30 22:38:19	erasche	python-format-detection
2015-01-30 22:34:28	erasche	python-format-detection
2015-01-30 22:34:16	erasche	python-format-detection
2015-01-30 22:31:49	erasche	python-format-detection
2015-01-30 21:27:30	erasche	python-format-detection
2015-01-30 19:32:33	erasche	python-format-detection
2015-01-30 19:25:53	erasche	python-format-detection
2015-01-30 19:13:50	erasche	python-format-detection
2015-01-30 19:11:48	erasche	python-format-detection
2015-01-26 23:45:15	erasche	repo
2015-01-26 19:49:41	erasche	gxargparse
2015-01-26 19:44:18	erasche	gxargparse
2015-01-26 19:38:31	erasche	gxargparse
2015-01-26 19:27:08	erasche	gxargparse
2015-01-26 19:25:56	erasche	gxargparse
2015-01-26 19:25:19	erasche	galaxyxml
2015-01-26 19:20:16	erasche	gxargparse
2015-01-26 19:08:17	erasche	gxargparse
2015-01-26 19:00:19	erasche	gxargparse
2015-01-26 18:59:53	erasche	galaxyxml
2015-01-26 18:10:19	erasche	galaxyxml
2015-01-26 18:04:29	erasche	gxargparse
2015-01-26 18:02:10	erasche	gxargparse
2015-01-26 17:54:53	erasche	galaxyxml
2015-01-26 17:51:29	erasche	galaxyxml
2015-01-26 17:51:06	erasche	galaxyxml
2015-01-26 17:47:45	erasche	gxargparse
2015-01-26 17:46:00	erasche	galaxyxml
2015-01-26 17:37:50	erasche	galaxyxml
2015-01-26 17:30:42	erasche	gxargparse
2015-01-26 17:17:56	erasche	galaxyxml
2015-01-26 17:17:27	erasche	galaxyxml
2015-01-14 23:12:39	erasche	homebrew-science
2015-01-14 22:41:23	erasche	PAUSE
2015-01-14 20:20:59	erasche	ie-builder
2015-01-14 20:17:27	erasche	ie-builder
2015-01-14 20:16:58	erasche	ie-builder
2015-01-14 20:10:47	erasche	galaxyxml
2015-01-14 20:10:15	erasche	galaxyxml
2015-01-14 19:56:23	erasche	galaxyxml
2015-01-14 19:55:03	erasche	galaxyxml
2015-01-14 01:09:01	galaxyproject	tools-iuc
2015-01-13 23:20:30	galaxyproject	tools-iuc
2015-01-13 23:17:59	galaxyproject	tools-iuc
2015-01-13 16:04:19	erasche	galaxyxml
2015-01-13 16:00:28	erasche	gxargparse
2015-01-13 15:54:55	erasche	gxargparse
2015-01-13 15:52:51	erasche	gxargparse
2015-01-12 22:50:34	erasche	gxargparse
2015-01-12 22:43:05	erasche	gxargparse
2015-01-12 22:37:38	erasche	gxargparse
2015-01-12 22:30:10	erasche	gxargparse
2015-01-12 22:28:06	erasche	gxargparse
2015-01-12 22:27:37	erasche	galaxyxml
2015-01-12 21:58:34	erasche	gxargparse
2015-01-12 21:58:07	erasche	gxargparse
2015-01-12 21:53:55	erasche	gxargparse
2015-01-12 21:48:22	erasche	galaxyxml
2015-01-12 21:48:18	erasche	gxargparse
2015-01-12 21:02:43	erasche	gxargparse
2015-01-12 19:43:56	erasche	gxargparse
2015-01-12 19:41:00	erasche	galaxytools
2015-01-12 18:37:13	erasche	galaxytools
2015-01-12 17:22:13	erasche	gxargparse
2015-01-12 17:21:32	erasche	gxargparse
2015-01-12 16:17:42	erasche	gxargparse
2015-01-12 16:15:30	erasche	gxargparse
2015-01-12 14:02:23	erasche	galaxytools
2015-01-12 13:55:38	erasche	galaxytools
2015-01-11 18:30:33	erasche	gxargparse
2015-01-11 18:29:50	erasche	galaxyxml
2015-01-11 18:26:43	erasche	gxargparse
2015-01-11 18:26:19	erasche	gxargparse
2015-01-11 18:12:41	erasche	galaxyxml
2015-01-10 23:18:34	erasche	galaxyxml
2015-01-10 22:48:05	erasche	galaxyxml
2015-01-10 16:29:00	erasche	galaxyxml
2015-01-10 16:18:45	erasche	galaxyxml
2015-01-10 16:16:17	erasche	galaxyxml
2015-01-10 15:46:06	erasche	galaxyxml
2015-01-10 15:40:06	erasche	galaxyxml
2015-01-10 15:23:57	erasche	galaxyxml
2015-01-07 16:16:35	erasche	django-galaxydatasource
2015-01-01 21:15:13	erasche	galaxy-tools
2015-01-01 21:03:28	erasche	galaxy-tools
2014-12-30 18:14:09	erasche	galaxy-data_source-examples
2014-12-30 17:29:44	erasche	galaxy-data_source-examples
2014-12-30 17:25:47	erasche	galaxy-data_source-examples
2014-12-29 19:37:31	erasche	PAUSE
2014-12-29 19:36:15	erasche	PAUSE
2014-12-29 19:32:59	erasche	PAUSE
2014-12-12 19:35:24	erasche	uwsgi-galaxy-maintenance
2014-12-12 19:34:09	erasche	uwsgi-galaxy-maintenance
2014-12-06 15:47:35	erasche	galaxy-tools
2014-12-05 19:37:36	erasche	galaxy-tools
2014-12-05 19:34:17	erasche	galaxy-tools
2014-12-05 19:31:31	erasche	galaxy-tools
2014-12-05 19:23:48	erasche	galaxy-tools
2014-12-05 19:17:22	erasche	galaxy-tools
2014-12-05 17:00:45	erasche	docker-recipes
2014-12-05 16:59:53	erasche	docker-recipes
2014-12-05 16:55:38	erasche	docker-linux-chado
2014-11-26 19:39:40	erasche	ZoneMinder
2014-11-17 19:08:43	galaxyproject	pulsar
2014-11-17 19:00:01	galaxyproject	pulsar
2014-11-17 18:23:33	erasche	docker-rstudio-notebook
2014-11-17 18:22:41	erasche	galaxy-rstudio
2014-11-14 18:08:07	erasche	kibana-authentication-proxy
2014-11-11 23:42:38	galaxyproject	pulsar
2014-11-11 23:32:15	galaxyproject	pulsar
2014-11-06 17:03:46	erasche	galaxy-central
2014-11-06 16:51:02	erasche	galaxy-rstudio
2014-11-06 16:44:05	erasche	docker-rstudio-notebook
2014-11-06 15:52:52	erasche	galaxy-rstudio
2014-11-06 15:51:21	erasche	galaxy-rstudio
2014-11-06 15:19:32	erasche	docker-rstudio-notebook
2014-10-31 20:45:13	bgruening	docker-ipython-notebook
2014-10-30 22:49:28	erasche	docker-recipes
2014-10-30 22:48:53	erasche	docker-webapollo
2014-10-30 22:48:22	erasche	docker-webapollo
2014-10-30 22:46:26	erasche	docker-webapollo
2014-10-30 22:42:07	erasche	docker-recipes
2014-10-30 22:39:19	erasche	docker-webapollo
2014-10-30 22:24:13	erasche	docker-recipes
2014-10-30 18:31:09	galaxyproject	pulsar
2014-10-30 18:22:39	galaxyproject	pulsar
2014-10-30 18:21:00	galaxyproject	pulsar
2014-10-30 18:07:39	erasche	pulsar
2014-10-30 17:56:38	erasche	pulsar
2014-10-30 16:47:07	erasche	pulsar
2014-10-30 15:42:00	erasche	pulsar
2014-10-30 15:41:44	erasche	pulsar
2014-10-29 22:50:24	erasche	raven-php
2014-10-26 18:52:12	erasche	galaxy-rstudio
2014-10-26 18:51:58	erasche	galaxy-rstudio
2014-10-26 18:49:30	erasche	docker-rstudio-notebook
2014-10-26 17:17:45	erasche	galaxy-rstudio
2014-10-26 17:06:20	erasche	galaxy-rstudio
2014-10-25 23:51:39	erasche	galaxy-rstudio
2014-10-25 23:50:52	erasche	docker-rstudio-notebook
2014-10-25 23:09:50	erasche	galaxy-rstudio
2014-10-25 13:24:13	erasche	docker-rstudio-notebook
2014-10-23 18:53:27	bgruening	docker-ipython-notebook
2014-10-23 17:25:19	bgruening	docker-ipython-notebook
2014-10-17 17:27:00	bgruening	galaxy-ipython
2014-10-16 20:10:28	erasche	pulsar
2014-10-16 19:54:19	erasche	pulsar
2014-10-16 19:53:05	erasche	pulsar
2014-10-16 19:48:17	erasche	pulsar
2014-10-16 19:08:38	erasche	pulsar
2014-10-16 18:35:11	erasche	pulsar
2014-10-16 18:34:53	erasche	pulsar
2014-10-16 18:33:41	erasche	pulsar
2014-10-15 21:07:22	erasche	pulsar
2014-10-13 20:06:49	erasche	pulsar
2014-10-10 22:49:13	erasche	pulsar
2014-10-10 22:43:53	erasche	pulsar
2014-10-10 22:21:49	erasche	pulsar
2014-10-10 22:19:04	erasche	pulsar
2014-10-10 21:49:31	erasche	pulsar
2014-10-10 20:50:41	erasche	pulsar
2014-10-03 17:17:13	erasche	galaxy-tools
2014-10-03 17:15:28	erasche	galaxy-tools
2014-10-03 17:04:09	erasche	galaxy-tools
2014-10-02 21:04:43	erasche	galaxy-tools
2014-09-29 22:28:41	erasche	docker-recipes
2014-09-26 21:59:22	erasche	galaxy-rstudio
2014-09-26 21:58:05	bgruening	galaxy-ipython
2014-09-26 20:17:12	erasche	docker-rstudio-notebook
2014-09-26 20:13:32	erasche	galaxy-rstudio
2014-09-26 20:12:48	erasche	galaxy-rstudio
2014-09-26 20:10:54	erasche	docker-rstudio-notebook
2014-09-25 19:54:40	erasche	galaxy-rstudio
2014-09-25 19:21:51	erasche	galaxy-rstudio
2014-09-25 17:32:39	erasche	docker-rstudio-notebook
2014-09-25 17:32:32	erasche	galaxy-rstudio
2014-09-25 15:16:55	bgruening	galaxy-ipython
2014-09-24 22:37:54	erasche	docker-rstudio-notebook
2014-09-24 21:31:11	erasche	galaxy-rstudio
2014-09-23 22:11:51	bgruening	galaxy-ipython
2014-09-23 22:08:47	bgruening	galaxy-ipython
2014-09-23 22:06:47	bgruening	galaxy-ipython
2014-09-23 21:55:16	bgruening	galaxy-ipython
2014-09-23 21:53:36	bgruening	galaxy-ipython
2014-09-23 21:48:49	bgruening	galaxy-ipython
2014-09-23 21:15:29	bgruening	galaxy-ipython
2014-09-23 21:10:22	bgruening	galaxy-ipython
2014-09-23 21:01:52	bgruening	galaxy-ipython
2014-09-23 20:52:34	bgruening	galaxy-ipython
2014-09-23 18:14:46	erasche	vagrant-galaxy-casperjs
2014-09-22 15:54:20	erasche	galaxy-central
2014-09-13 15:01:56	bgruening	galaxy-ipython
2014-09-11 17:38:40	bgruening	docker-ipython-notebook
2014-09-11 17:35:26	bgruening	docker-ipython-notebook
2014-09-11 17:32:14	bgruening	galaxy-ipython
2014-09-09 15:40:33	erasche	ab-to-statsd
2014-09-09 15:05:07	erasche	ab-to-statsd
2014-09-02 20:09:37	erasche	galaxy-tools
2014-08-19 22:02:46	erasche	galaxy-ie
2014-08-19 20:17:32	bgruening	galaxy-ipython
2014-08-19 20:02:31	bgruening	galaxy-ipython
2014-08-19 19:19:05	bgruening	docker-ipython-notebook
2014-08-19 15:11:28	bgruening	galaxy-ipython
2014-08-19 15:02:47	bgruening	galaxy-ipython
2014-08-19 15:02:17	bgruening	galaxy-ipython
2014-08-19 14:56:59	bgruening	galaxy-ipython
2014-08-15 18:07:37	bgruening	galaxy-ipython
2014-08-13 22:14:28	erasche	galaxy-tools
2014-08-13 17:55:02	erasche	galaxy-tools
2014-08-13 17:38:27	erasche	galaxy-tools
2014-08-13 16:24:02	erasche	galaxy-tools
2014-08-13 16:14:05	erasche	Galaxy-XSD
2014-08-12 22:58:49	erasche	galaxy-tools
2014-08-12 21:54:53	erasche	galaxy-tools
2014-08-12 21:33:19	erasche	galaxy-tools
2014-08-09 16:04:19	erasche	docker-rstudio-notebook
2014-08-08 19:34:21	erasche	galaxy-rstudio
2014-08-05 21:32:22	erasche	docker-rstudio-notebook
2014-08-05 03:05:51	bgruening	galaxy-ipython
2014-08-04 20:07:41	bgruening	galaxy-ipython
2014-08-04 19:28:10	erasche	docker-rstudio-notebook
2014-08-04 19:16:04	erasche	galaxy-rstudio
2014-08-04 18:16:26	erasche	docker-rstudio-notebook
2014-08-04 16:44:46	erasche	docker-rstudio-notebook
2014-08-01 14:14:19	bgruening	galaxy-ipython
2014-07-31 23:20:21	bgruening	galaxy-ipython
2014-07-31 22:10:28	erasche	galaxy-rstudio
2014-07-31 20:26:26	bgruening	galaxy-ipython
2014-07-31 20:04:19	bgruening	galaxy-ipython
2014-07-31 19:01:38	bgruening	galaxy-ipython
2014-07-31 19:00:42	bgruening	docker-ipython-notebook
2014-07-31 16:43:32	erasche	docker-recipes
2014-07-31 15:49:14	erasche	docker-recipes
2014-07-30 19:39:10	bgruening	docker-ipython-notebook
2014-07-30 17:39:46	bgruening	docker-ipython-notebook
2014-07-29 20:15:58	bgruening	docker-ipython-notebook
2014-07-29 19:11:02	bgruening	galaxy-ipython
2014-07-29 19:09:15	bgruening	galaxy-ipython
2014-07-29 19:06:38	bgruening	galaxy-ipython
2014-07-29 19:01:24	bgruening	galaxy-ipython
2014-07-29 18:58:45	bgruening	galaxy-ipython
2014-07-29 18:45:28	bgruening	galaxy-ipython
2014-07-29 18:35:14	bgruening	docker-ipython-notebook
2014-07-29 18:10:01	bgruening	docker-ipython-notebook
2014-07-29 17:51:56	bgruening	galaxy-ipython
2014-07-29 17:50:24	bgruening	docker-ipython-notebook
2014-07-28 22:21:04	bgruening	docker-ipython-notebook
2014-07-28 22:12:56	bgruening	galaxy-ipython
2014-07-28 22:11:21	bgruening	galaxy-ipython
2014-07-28 21:44:27	bgruening	galaxy-ipython
2014-07-28 20:28:10	bgruening	galaxy-ipython
2014-07-28 19:29:04	erasche	galaxy-video-datatypes
2014-07-28 18:36:19	bgruening	docker-ipython-notebook
2014-07-28 18:36:01	bgruening	galaxy-ipython
2014-07-28 15:36:07	puppet-galaxy	galaxy-roles-profiles
2014-07-28 15:35:54	puppet-galaxy	puppet-galaxy
2014-07-28 15:05:27	bgruening	galaxy-ipython
2014-07-28 14:03:15	bgruening	galaxy-ipython
2014-07-27 23:42:23	bgruening	docker-ipython-notebook
2014-07-27 23:38:30	bgruening	galaxy-ipython
2014-07-27 19:42:00	bgruening	docker-ipython-notebook
2014-07-27 16:07:27	bgruening	galaxy-ipython
2014-07-27 14:43:12	bgruening	galaxy-ipython
2014-07-27 13:59:43	bgruening	galaxy-ipython
2014-07-27 13:52:47	bgruening	galaxy-ipython
2014-07-27 13:50:46	bgruening	galaxy-ipython
2014-07-27 13:35:01	bgruening	galaxy-ipython
2014-07-27 13:30:11	bgruening	galaxy-ipython
2014-07-26 16:11:22	erasche	galaxy-ipython-profile
2014-07-26 16:11:14	erasche	galaxy-ipython-profile
2014-07-25 22:53:56	puppet-galaxy	puppet-galaxy
2014-07-25 22:53:50	puppet-galaxy	galaxy-roles-profiles
2014-07-25 20:18:21	erasche	vagrant-puppet-galaxy
2014-07-25 18:35:07	puppet-galaxy	puppet-galaxy
2014-07-25 18:32:41	puppet-galaxy	galaxy-roles-profiles
2014-07-25 18:21:24	puppet-galaxy	galaxy-roles-profiles
2014-07-25 18:19:50	puppet-galaxy	galaxy-roles-profiles
2014-07-25 18:19:49	puppet-galaxy	puppet-galaxy
2014-07-25 14:54:45	puppet-galaxy	galaxy-roles-profiles
2014-07-24 19:18:56	erasche	vagrant-puppet-galaxy
2014-07-22 21:44:16	erasche	galaxy-video-viz-plugin
2014-07-22 21:40:07	erasche	galaxy-video-viz-plugin
2014-07-22 21:37:43	erasche	galaxy-video-viz-plugin
2014-07-22 19:45:18	erasche	videojs-framebyframe
2014-07-22 19:34:05	erasche	videojs-framebyframe
2014-07-16 05:20:50	erasche	gvl_commandline_utilities
2014-07-11 15:40:06	erasche	Yapsy-Subclassing-MWE
2014-07-02 20:07:34	erasche	galaxy-fuse
2014-07-02 19:31:07	erasche	galaxy-fuse
2014-07-02 19:30:25	erasche	galaxy-fuse
2014-04-01 17:42:28	erasche	puppet-galaxy
2014-02-12 00:35:15	erasche	docker-linux-chado
2014-01-08 17:45:22	erasche	files_latexeditor
2013-09-10 21:46:42	erasche	puppet-ssl
2013-08-22 20:45:29	erasche	Artemis
2013-08-13 19:53:49	erasche	Artemis
2013-08-13 14:48:33	erasche	CHARM
2013-07-25 16:53:33	erasche	Artemis
2013-07-25 16:52:28	erasche	Artemis
2013-07-25 16:50:15	erasche	Artemis
2013-07-25 16:48:52	erasche	Artemis
2013-07-25 16:43:57	erasche	Artemis
2013-07-24 22:47:56	erasche	Artemis
2013-03-13 02:34:45	erasche	REBIN
2013-03-12 17:30:10	erasche	REBIN
2013-03-12 17:16:15	erasche	REBIN
2013-03-12 17:10:18	erasche	REBIN
2013-02-19 19:07:09	CenterForPhageTechnology	libCPT
2013-02-19 19:06:36	CenterForPhageTechnology	portal
2013-02-13 19:01:34	CenterForPhageTechnology	portal
2013-01-31 19:39:16	CenterForPhageTechnology	portal
2013-01-31 17:03:53	CenterForPhageTechnology	portal
2013-01-30 23:05:40	CenterForPhageTechnology	portal
2013-01-30 22:18:59	CenterForPhageTechnology	portal
2013-01-30 20:34:47	CenterForPhageTechnology	portal
2013-01-18 22:33:58	CenterForPhageTechnology	portal
2013-01-16 21:48:18	CenterForPhageTechnology	portal
2013-01-15 18:20:09	CenterForPhageTechnology	portal
2013-01-14 21:44:31	CenterForPhageTechnology	portal
2013-01-12 21:07:27	CenterForPhageTechnology	portal
2013-01-12 17:12:20	CenterForPhageTechnology	portal
2013-01-11 21:55:34	CenterForPhageTechnology	libCPT
2013-01-11 21:54:38	CenterForPhageTechnology	portal
2013-01-10 20:36:30	CenterForPhageTechnology	portal
2013-01-10 16:18:56	CenterForPhageTechnology	portal
2013-01-09 19:10:48	CenterForPhageTechnology	libCPT
2013-01-09 16:11:07	CenterForPhageTechnology	portal
2013-01-08 23:04:03	CenterForPhageTechnology	portal
2013-01-08 15:44:43	CenterForPhageTechnology	libCPT
2013-01-08 07:05:27	CenterForPhageTechnology	portal
2013-01-08 07:04:11	CenterForPhageTechnology	portal
2013-01-08 05:58:13	CenterForPhageTechnology	portal
2013-01-08 01:05:07	CenterForPhageTechnology	portal
2013-01-04 22:15:40	CenterForPhageTechnology	portal
2013-01-04 22:14:06	CenterForPhageTechnology	libCPT
2013-01-04 22:02:00	CenterForPhageTechnology	portal
2013-01-04 21:50:05	CenterForPhageTechnology	portal
2013-01-04 21:47:35	CenterForPhageTechnology	portal
2012-10-25 16:59:00	erasche	JUMP
2012-10-25 14:39:32	erasche	JUMP
2012-10-25 14:36:32	erasche	PhageLint
2012-10-02 18:30:09	erasche	PhageLint
2012-09-29 23:09:32	erasche	PhageLint
2012-09-29 21:54:04	erasche	PhageLint
2012-09-29 21:52:35	erasche	PhageLint
2012-09-29 20:31:23	erasche	PhageLint
2012-09-29 19:51:57	erasche	PhageLint
2012-09-29 19:51:26	erasche	PhageLint
2012-09-29 19:33:36	erasche	PhageLint
2012-09-29 19:15:16	erasche	PhageLint
2012-09-29 19:00:15	erasche	PhageLint
2012-07-23 03:05:52	erasche	JUMP
2012-04-27 19:08:46	erasche	JUMP
2012-04-25 18:33:17	erasche	asciiart
2012-04-25 18:28:17	erasche	asciiart
2012-04-20 18:14:21	erasche	JUMP
2012-04-17 21:30:23	erasche	JUMP
2012-04-16 18:29:30	erasche	Annotation
2012-04-16 17:18:19	erasche	JUMP
2012-04-16 17:14:59	erasche	JUMP
2012-04-16 17:12:14	erasche	JUMP
2012-04-03 00:38:52	erasche	JUMP
2012-03-29 13:31:37	erasche	JUMP
2012-03-20 14:56:51	erasche	JUMP
2012-02-28 14:17:33	erasche	JUMP
2012-02-20 17:39:41	erasche	JUMP
2012-01-25 04:19:11	erasche	JUMP
2012-01-23 17:09:27	erasche	JUMP
2012-01-20 19:07:45	erasche	JUMP
2012-01-15 17:08:01	erasche	JUMP
2012-01-13 15:40:46	erasche	JUMP
2011-09-29 18:37:30	erasche	JUMP
2011-08-07 21:41:53	erasche	JUMP
2011-07-07 19:09:41	erasche	JUMP
2011-05-24 19:12:05	erasche	JUMP
2011-05-20 21:25:45	erasche	JUMP
2011-05-20 21:15:26	erasche	JUMP
2011-05-20 20:25:59	erasche	JUMP
2011-05-20 20:10:07	erasche	JUMP
2011-05-19 19:46:37	erasche	JUMP
2011-05-16 18:00:06	erasche	PapersDB
2011-05-13 21:28:36	erasche	JUMP
2011-03-07 01:26:21	erasche	PapersDB
2011-02-20 06:39:09	erasche	PapersDB
2011-02-13 21:26:11	erasche	JUMP
